Loading Anaconda3 and CUDA modules...
Loaded CUDA/12.4.0
CUDA_HOME set to: /mnt/weka/pkg/rhel94/GenuineIntel-6/software/CUDA/12.4.0
CONDA_DIR set to: .
Executing Pipeline Automation Suite...
[INFO] Invoking pre-flight verification: /mnt/hpccs01/home/n11585382/EUAPGM7346/UMP/Codebase/scripts/verify_env.sh --dataset /mnt/hpccs01/home/n11585382/EUAPGM7346/UMP/Dataset/Submerged3D --all-envs
[INFO] Verifying all 11 required Conda environments...
[SUCCESS] All environments verified: All 11 required Conda environments are installed (OK).
  ✓ colmap_runner
  ✓ depth_anything
  ✓ seasplat_py310
  ✓ 3d-uir
  ✓ gaussianSplashing_env
  ✓ water_splatting
  ✓ rusplatting
  ✓ UW-GS
  ✓ sugar
  ✓ oscd
  ✓ 3dgs
[INFO] Validating dataset structure at: /mnt/hpccs01/home/n11585382/EUAPGM7346/UMP/Dataset/Submerged3D
[SUCCESS] Dataset valid: Scene 'Tokai' valid: 20 image(s) in input/
[SUCCESS] Dataset valid: Scene 'Cormoran' valid: 20 image(s) in input/
[SUCCESS] Dataset valid: Scene 'Isro' valid: 20 image(s) in input/
[SUCCESS] Dataset valid: Scene 'Kwaj' valid: 20 image(s) in input/
[SUCCESS] Dataset valid: 4 valid scene(s) under '/mnt/hpccs01/home/n11585382/EUAPGM7346/UMP/Dataset/Submerged3D' (Submerged3D format).

======================================================================
 Pre-Flight Diagnostics Summary: ALL REQUESTED CHECKS PASSED
======================================================================
  System Status:   Ready for pipeline execution
  Timestamp:       Wed Sep 30 10:15:43 PM AEST 2026
======================================================================

[SUCCESS] Pre-execution verification passed.

======================================================================
 Beginning Sequential Execution of All 8 Models
======================================================================
[INFO] Starting fault-tolerant execution for model=seasplat, scene=Kwaj
[INFO] Storage check: 1115418 GB available on filesystem.

======================================================================
 Pipeline Execution: Model=seasplat | Stage=all | Scene=Kwaj
======================================================================
[INFO] Selected model: seasplat
[INFO] Selected stage: all
[INFO] Target dataset: /mnt/hpccs01/home/n11585382/EUAPGM7346/UMP/Dataset/Submerged3D
[INFO] Target scene path: /mnt/hpccs01/home/n11585382/EUAPGM7346/UMP/Dataset/Submerged3D/Kwaj
[INFO] --- Stage 1: Data Preparation & Download ---
[INFO] --- Stage 2: COLMAP Sparse Reconstruction (colmap) ---
[INFO] Executing in [Env: colmap_runner] [CWD: /mnt/hpccs01/home/n11585382/EUAPGM7346/UMP/Codebase/Tools/gaussian-splatting-main]:
[INFO]   python convert.py -s /mnt/hpccs01/home/n11585382/EUAPGM7346/UMP/Dataset/Submerged3D/Kwaj
colmap: error while loading shared libraries: libOpenImageIO.so.3.1: cannot open shared object file: No such file or directory
ERROR:root:Feature extraction failed with code 32512. Exiting.
[INFO] --- Stage 3: Depth Map Generation & Inversion (depth) ---
[INFO] Generating standard depth maps (Depth-Anything-V2 ViT-L):
[INFO] Executing in [Env: depth_anything] [CWD: /mnt/hpccs01/home/n11585382/EUAPGM7346/UMP/Codebase/Tools/Depth-Anything-V2-main]:
[INFO]   python run.py --encoder vitl --pred-only --grayscale --img-path /mnt/hpccs01/home/n11585382/EUAPGM7346/UMP/Dataset/Submerged3D/Kwaj/input --outdir /mnt/hpccs01/home/n11585382/EUAPGM7346/UMP/Dataset/Submerged3D/Kwaj/depthmap
xFormers not available
xFormers not available
/mnt/hpccs01/home/n11585382/EUAPGM7346/UMP/Codebase/Tools/Depth-Anything-V2-main/run.py:36: FutureWarning: You are using `torch.load` with `weights_only=False` (the current default value), which uses the default pickle module implicitly. It is possible to construct malicious pickle data which will execute arbitrary code during unpickling (See https://github.com/pytorch/pytorch/blob/main/SECURITY.md#untrusted-models for more details). In a future release, the default value for `weights_only` will be flipped to `True`. This limits the functions that could be executed during unpickling. Arbitrary objects will no longer be allowed to be loaded via this mode unless they are explicitly allowlisted by the user via `torch.serialization.add_safe_globals`. We recommend you start setting `weights_only=True` for any use case where you don't have full control of the loaded file. Please open an issue on GitHub for any issues related to this experimental feature.
  depth_anything.load_state_dict(torch.load(f'checkpoints/depth_anything_v2_{args.encoder}.pth', map_location='cpu'))
Progress 1/20: /mnt/hpccs01/home/n11585382/EUAPGM7346/UMP/Dataset/Submerged3D/Kwaj/input/KWAJ_CORSAIR_230427-510.jpg
Progress 2/20: /mnt/hpccs01/home/n11585382/EUAPGM7346/UMP/Dataset/Submerged3D/Kwaj/input/KWAJ_CORSAIR_230427-515.jpg
Progress 3/20: /mnt/hpccs01/home/n11585382/EUAPGM7346/UMP/Dataset/Submerged3D/Kwaj/input/KWAJ_CORSAIR_230427-502.jpg
Progress 4/20: /mnt/hpccs01/home/n11585382/EUAPGM7346/UMP/Dataset/Submerged3D/Kwaj/input/KWAJ_CORSAIR_230427-511.jpg
Progress 5/20: /mnt/hpccs01/home/n11585382/EUAPGM7346/UMP/Dataset/Submerged3D/Kwaj/input/KWAJ_CORSAIR_230427-514.jpg
Progress 6/20: /mnt/hpccs01/home/n11585382/EUAPGM7346/UMP/Dataset/Submerged3D/Kwaj/input/KWAJ_CORSAIR_230427-518.jpg
Progress 7/20: /mnt/hpccs01/home/n11585382/EUAPGM7346/UMP/Dataset/Submerged3D/Kwaj/input/KWAJ_CORSAIR_230427-519.jpg
Progress 8/20: /mnt/hpccs01/home/n11585382/EUAPGM7346/UMP/Dataset/Submerged3D/Kwaj/input/KWAJ_CORSAIR_230427-509.jpg
Progress 9/20: /mnt/hpccs01/home/n11585382/EUAPGM7346/UMP/Dataset/Submerged3D/Kwaj/input/KWAJ_CORSAIR_230427-512.jpg
Progress 10/20: /mnt/hpccs01/home/n11585382/EUAPGM7346/UMP/Dataset/Submerged3D/Kwaj/input/KWAJ_CORSAIR_230427-516.jpg
Progress 11/20: /mnt/hpccs01/home/n11585382/EUAPGM7346/UMP/Dataset/Submerged3D/Kwaj/input/KWAJ_CORSAIR_230427-506.jpg
Progress 12/20: /mnt/hpccs01/home/n11585382/EUAPGM7346/UMP/Dataset/Submerged3D/Kwaj/input/KWAJ_CORSAIR_230427-501.jpg
Progress 13/20: /mnt/hpccs01/home/n11585382/EUAPGM7346/UMP/Dataset/Submerged3D/Kwaj/input/KWAJ_CORSAIR_230427-504.jpg
Progress 14/20: /mnt/hpccs01/home/n11585382/EUAPGM7346/UMP/Dataset/Submerged3D/Kwaj/input/KWAJ_CORSAIR_230427-517.jpg
Progress 15/20: /mnt/hpccs01/home/n11585382/EUAPGM7346/UMP/Dataset/Submerged3D/Kwaj/input/KWAJ_CORSAIR_230427-507.jpg
Progress 16/20: /mnt/hpccs01/home/n11585382/EUAPGM7346/UMP/Dataset/Submerged3D/Kwaj/input/KWAJ_CORSAIR_230427-505.jpg
Progress 17/20: /mnt/hpccs01/home/n11585382/EUAPGM7346/UMP/Dataset/Submerged3D/Kwaj/input/KWAJ_CORSAIR_230427-508.jpg
Progress 18/20: /mnt/hpccs01/home/n11585382/EUAPGM7346/UMP/Dataset/Submerged3D/Kwaj/input/KWAJ_CORSAIR_230427-500.jpg
Progress 19/20: /mnt/hpccs01/home/n11585382/EUAPGM7346/UMP/Dataset/Submerged3D/Kwaj/input/KWAJ_CORSAIR_230427-513.jpg
Progress 20/20: /mnt/hpccs01/home/n11585382/EUAPGM7346/UMP/Dataset/Submerged3D/Kwaj/input/KWAJ_CORSAIR_230427-503.jpg
[INFO] --- Stage 4: Model Training (train) (seasplat) ---
[INFO] Executing in [Env: seasplat_py310] [CWD: /mnt/hpccs01/home/n11585382/EUAPGM7346/UMP/Codebase/3DGS-Water-Approaches/Physics/seasplat-master]:
[INFO]   python train.py -s /mnt/hpccs01/home/n11585382/EUAPGM7346/UMP/Dataset/Submerged3D/Kwaj -m output/Kwaj --do_seathru --seathru_from_iter 10000 --eval
Traceback (most recent call last):
  File "/mnt/hpccs01/home/n11585382/EUAPGM7346/UMP/Codebase/3DGS-Water-Approaches/Physics/seasplat-master/train.py", line 45, in <module>
    from deepseecolor.losses import (
  File "/mnt/hpccs01/home/n11585382/EUAPGM7346/UMP/Codebase/3DGS-Water-Approaches/Physics/seasplat-master/deepseecolor/losses.py", line 3, in <module>
    from kornia.color import rgb_to_lab
ModuleNotFoundError: No module named 'kornia'
[ERROR] Execution failed for model=seasplat, scene=Kwaj with exit code 1 (Duration: 7m 32s).
[WARN] Recording failure and continuing to the next execution...
[INFO] Post-run GPU Memory: 0, 81559 MiB (used, total)
[INFO] Starting fault-tolerant execution for model=seasplat, scene=Tokai
[INFO] Storage check: 1110874 GB available on filesystem.

======================================================================
 Pipeline Execution: Model=seasplat | Stage=all | Scene=Tokai
======================================================================
[INFO] Selected model: seasplat
[INFO] Selected stage: all
[INFO] Target dataset: /mnt/hpccs01/home/n11585382/EUAPGM7346/UMP/Dataset/Submerged3D
[INFO] Target scene path: /mnt/hpccs01/home/n11585382/EUAPGM7346/UMP/Dataset/Submerged3D/Tokai
[INFO] --- Stage 1: Data Preparation & Download ---
[INFO] --- Stage 2: COLMAP Sparse Reconstruction (colmap) ---
[INFO] Executing in [Env: colmap_runner] [CWD: /mnt/hpccs01/home/n11585382/EUAPGM7346/UMP/Codebase/Tools/gaussian-splatting-main]:
[INFO]   python convert.py -s /mnt/hpccs01/home/n11585382/EUAPGM7346/UMP/Dataset/Submerged3D/Tokai
colmap: error while loading shared libraries: libOpenImageIO.so.3.1: cannot open shared object file: No such file or directory
ERROR:root:Feature extraction failed with code 32512. Exiting.
[INFO] --- Stage 3: Depth Map Generation & Inversion (depth) ---
[INFO] Generating standard depth maps (Depth-Anything-V2 ViT-L):
[INFO] Executing in [Env: depth_anything] [CWD: /mnt/hpccs01/home/n11585382/EUAPGM7346/UMP/Codebase/Tools/Depth-Anything-V2-main]:
[INFO]   python run.py --encoder vitl --pred-only --grayscale --img-path /mnt/hpccs01/home/n11585382/EUAPGM7346/UMP/Dataset/Submerged3D/Tokai/input --outdir /mnt/hpccs01/home/n11585382/EUAPGM7346/UMP/Dataset/Submerged3D/Tokai/depthmap
xFormers not available
xFormers not available
/mnt/hpccs01/home/n11585382/EUAPGM7346/UMP/Codebase/Tools/Depth-Anything-V2-main/run.py:36: FutureWarning: You are using `torch.load` with `weights_only=False` (the current default value), which uses the default pickle module implicitly. It is possible to construct malicious pickle data which will execute arbitrary code during unpickling (See https://github.com/pytorch/pytorch/blob/main/SECURITY.md#untrusted-models for more details). In a future release, the default value for `weights_only` will be flipped to `True`. This limits the functions that could be executed during unpickling. Arbitrary objects will no longer be allowed to be loaded via this mode unless they are explicitly allowlisted by the user via `torch.serialization.add_safe_globals`. We recommend you start setting `weights_only=True` for any use case where you don't have full control of the loaded file. Please open an issue on GitHub for any issues related to this experimental feature.
  depth_anything.load_state_dict(torch.load(f'checkpoints/depth_anything_v2_{args.encoder}.pth', map_location='cpu'))
Progress 1/20: /mnt/hpccs01/home/n11585382/EUAPGM7346/UMP/Dataset/Submerged3D/Tokai/input/WAPA_SA2_Tokai_230219-2006.jpg
Progress 2/20: /mnt/hpccs01/home/n11585382/EUAPGM7346/UMP/Dataset/Submerged3D/Tokai/input/WAPA_SA2_Tokai_230219-2013.jpg
Progress 3/20: /mnt/hpccs01/home/n11585382/EUAPGM7346/UMP/Dataset/Submerged3D/Tokai/input/WAPA_SA2_Tokai_230219-2011.jpg
Progress 4/20: /mnt/hpccs01/home/n11585382/EUAPGM7346/UMP/Dataset/Submerged3D/Tokai/input/WAPA_SA2_Tokai_230219-2014.jpg
Progress 5/20: /mnt/hpccs01/home/n11585382/EUAPGM7346/UMP/Dataset/Submerged3D/Tokai/input/WAPA_SA2_Tokai_230219-2019.jpg
Progress 6/20: /mnt/hpccs01/home/n11585382/EUAPGM7346/UMP/Dataset/Submerged3D/Tokai/input/WAPA_SA2_Tokai_230219-2012.jpg
Progress 7/20: /mnt/hpccs01/home/n11585382/EUAPGM7346/UMP/Dataset/Submerged3D/Tokai/input/WAPA_SA2_Tokai_230219-2020.jpg
Progress 8/20: /mnt/hpccs01/home/n11585382/EUAPGM7346/UMP/Dataset/Submerged3D/Tokai/input/WAPA_SA2_Tokai_230219-2007.jpg
Progress 9/20: /mnt/hpccs01/home/n11585382/EUAPGM7346/UMP/Dataset/Submerged3D/Tokai/input/WAPA_SA2_Tokai_230219-2022.jpg
Progress 10/20: /mnt/hpccs01/home/n11585382/EUAPGM7346/UMP/Dataset/Submerged3D/Tokai/input/WAPA_SA2_Tokai_230219-2021.jpg
Progress 11/20: /mnt/hpccs01/home/n11585382/EUAPGM7346/UMP/Dataset/Submerged3D/Tokai/input/WAPA_SA2_Tokai_230219-2010.jpg
Progress 12/20: /mnt/hpccs01/home/n11585382/EUAPGM7346/UMP/Dataset/Submerged3D/Tokai/input/WAPA_SA2_Tokai_230219-2026.jpg
Progress 13/20: /mnt/hpccs01/home/n11585382/EUAPGM7346/UMP/Dataset/Submerged3D/Tokai/input/WAPA_SA2_Tokai_230219-2016.jpg
Progress 14/20: /mnt/hpccs01/home/n11585382/EUAPGM7346/UMP/Dataset/Submerged3D/Tokai/input/WAPA_SA2_Tokai_230219-2015.jpg
Progress 15/20: /mnt/hpccs01/home/n11585382/EUAPGM7346/UMP/Dataset/Submerged3D/Tokai/input/WAPA_SA2_Tokai_230219-2005.jpg
Progress 16/20: /mnt/hpccs01/home/n11585382/EUAPGM7346/UMP/Dataset/Submerged3D/Tokai/input/WAPA_SA2_Tokai_230219-2023.jpg
Progress 17/20: /mnt/hpccs01/home/n11585382/EUAPGM7346/UMP/Dataset/Submerged3D/Tokai/input/WAPA_SA2_Tokai_230219-2018.jpg
Progress 18/20: /mnt/hpccs01/home/n11585382/EUAPGM7346/UMP/Dataset/Submerged3D/Tokai/input/WAPA_SA2_Tokai_230219-2009.jpg
Progress 19/20: /mnt/hpccs01/home/n11585382/EUAPGM7346/UMP/Dataset/Submerged3D/Tokai/input/WAPA_SA2_Tokai_230219-2017.jpg
Progress 20/20: /mnt/hpccs01/home/n11585382/EUAPGM7346/UMP/Dataset/Submerged3D/Tokai/input/WAPA_SA2_Tokai_230219-2008.jpg
[INFO] --- Stage 4: Model Training (train) (seasplat) ---
[INFO] Executing in [Env: seasplat_py310] [CWD: /mnt/hpccs01/home/n11585382/EUAPGM7346/UMP/Codebase/3DGS-Water-Approaches/Physics/seasplat-master]:
[INFO]   python train.py -s /mnt/hpccs01/home/n11585382/EUAPGM7346/UMP/Dataset/Submerged3D/Tokai -m output/Tokai --do_seathru --seathru_from_iter 10000 --eval
Traceback (most recent call last):
  File "/mnt/hpccs01/home/n11585382/EUAPGM7346/UMP/Codebase/3DGS-Water-Approaches/Physics/seasplat-master/train.py", line 45, in <module>
    from deepseecolor.losses import (
  File "/mnt/hpccs01/home/n11585382/EUAPGM7346/UMP/Codebase/3DGS-Water-Approaches/Physics/seasplat-master/deepseecolor/losses.py", line 3, in <module>
    from kornia.color import rgb_to_lab
ModuleNotFoundError: No module named 'kornia'
[ERROR] Execution failed for model=seasplat, scene=Tokai with exit code 1 (Duration: 17s).
[WARN] Recording failure and continuing to the next execution...
[INFO] Post-run GPU Memory: 0, 81559 MiB (used, total)
[INFO] Starting fault-tolerant execution for model=3d-uir, scene=Kwaj
[INFO] Storage check: 1110683 GB available on filesystem.

======================================================================
 Pipeline Execution: Model=3d-uir | Stage=all | Scene=Kwaj
======================================================================
[INFO] Selected model: 3d-uir
[INFO] Selected stage: all
[INFO] Target dataset: /mnt/hpccs01/home/n11585382/EUAPGM7346/UMP/Dataset/Submerged3D
[INFO] Target scene path: /mnt/hpccs01/home/n11585382/EUAPGM7346/UMP/Dataset/Submerged3D/Kwaj
[INFO] --- Stage 1: Data Preparation & Download ---
[INFO] --- Stage 2: COLMAP Sparse Reconstruction (colmap) ---
[INFO] Executing in [Env: colmap_runner] [CWD: /mnt/hpccs01/home/n11585382/EUAPGM7346/UMP/Codebase/Tools/gaussian-splatting-main]:
[INFO]   python convert.py -s /mnt/hpccs01/home/n11585382/EUAPGM7346/UMP/Dataset/Submerged3D/Kwaj
colmap: error while loading shared libraries: libOpenImageIO.so.3.1: cannot open shared object file: No such file or directory
ERROR:root:Feature extraction failed with code 32512. Exiting.
[INFO] --- Stage 3: Depth Map Generation & Inversion (depth) ---
[INFO] Depth maps already exist in '/mnt/hpccs01/home/n11585382/EUAPGM7346/UMP/Dataset/Submerged3D/Kwaj/depthmap' (20 files). Skipping Depth-Anything-V2 generation.
[INFO] Symlink depthmap to depths for 3D-UIR: /mnt/hpccs01/home/n11585382/EUAPGM7346/UMP/Dataset/Submerged3D/Kwaj/depths -> /mnt/hpccs01/home/n11585382/EUAPGM7346/UMP/Dataset/Submerged3D/Kwaj/depthmap
[INFO] Computing depth scale JSON for 3D-UIR:
[INFO] Executing in [Env: 3d-uir] [CWD: /mnt/hpccs01/home/n11585382/EUAPGM7346/UMP/Codebase/3DGS-Water-Approaches/Physics/3D-UIR-main]:
[INFO]   python utils/make_depth_scale.py --base_dir /mnt/hpccs01/home/n11585382/EUAPGM7346/UMP/Dataset/Submerged3D/Kwaj --depths_dir /mnt/hpccs01/home/n11585382/EUAPGM7346/UMP/Dataset/Submerged3D/Kwaj/depths
Traceback (most recent call last):
  File "/mnt/hpccs01/home/n11585382/EUAPGM7346/UMP/Codebase/3DGS-Water-Approaches/Physics/3D-UIR-main/utils/make_depth_scale.py", line 74, in <module>
    cam_intrinsics, images_metas, points3d = read_model(os.path.join(args.base_dir, "sparse", "0"), ext=f".{args.model_type}")
  File "/mnt/hpccs01/home/n11585382/EUAPGM7346/UMP/Codebase/3DGS-Water-Approaches/Physics/3D-UIR-main/utils/read_write_model.py", line 505, in read_model
    cameras = read_cameras_binary(os.path.join(path, "cameras" + ext))
  File "/mnt/hpccs01/home/n11585382/EUAPGM7346/UMP/Codebase/3DGS-Water-Approaches/Physics/3D-UIR-main/utils/read_write_model.py", line 143, in read_cameras_binary
    with open(path_to_model_file, "rb") as fid:
FileNotFoundError: [Errno 2] No such file or directory: '/mnt/hpccs01/home/n11585382/EUAPGM7346/UMP/Dataset/Submerged3D/Kwaj/sparse/0/cameras.bin'
[ERROR] Execution failed for model=3d-uir, scene=Kwaj with exit code 1 (Duration: 34s).
[WARN] Recording failure and continuing to the next execution...
[INFO] Post-run GPU Memory: 0, 81559 MiB (used, total)
[INFO] Starting fault-tolerant execution for model=3d-uir, scene=Tokai
[INFO] Storage check: 1110338 GB available on filesystem.

======================================================================
 Pipeline Execution: Model=3d-uir | Stage=all | Scene=Tokai
======================================================================
[INFO] Selected model: 3d-uir
[INFO] Selected stage: all
[INFO] Target dataset: /mnt/hpccs01/home/n11585382/EUAPGM7346/UMP/Dataset/Submerged3D
[INFO] Target scene path: /mnt/hpccs01/home/n11585382/EUAPGM7346/UMP/Dataset/Submerged3D/Tokai
[INFO] --- Stage 1: Data Preparation & Download ---
[INFO] --- Stage 2: COLMAP Sparse Reconstruction (colmap) ---
[INFO] Executing in [Env: colmap_runner] [CWD: /mnt/hpccs01/home/n11585382/EUAPGM7346/UMP/Codebase/Tools/gaussian-splatting-main]:
[INFO]   python convert.py -s /mnt/hpccs01/home/n11585382/EUAPGM7346/UMP/Dataset/Submerged3D/Tokai
colmap: error while loading shared libraries: libOpenImageIO.so.3.1: cannot open shared object file: No such file or directory
ERROR:root:Feature extraction failed with code 32512. Exiting.
[INFO] --- Stage 3: Depth Map Generation & Inversion (depth) ---
[INFO] Depth maps already exist in '/mnt/hpccs01/home/n11585382/EUAPGM7346/UMP/Dataset/Submerged3D/Tokai/depthmap' (20 files). Skipping Depth-Anything-V2 generation.
[INFO] Symlink depthmap to depths for 3D-UIR: /mnt/hpccs01/home/n11585382/EUAPGM7346/UMP/Dataset/Submerged3D/Tokai/depths -> /mnt/hpccs01/home/n11585382/EUAPGM7346/UMP/Dataset/Submerged3D/Tokai/depthmap
[INFO] Computing depth scale JSON for 3D-UIR:
[INFO] Executing in [Env: 3d-uir] [CWD: /mnt/hpccs01/home/n11585382/EUAPGM7346/UMP/Codebase/3DGS-Water-Approaches/Physics/3D-UIR-main]:
[INFO]   python utils/make_depth_scale.py --base_dir /mnt/hpccs01/home/n11585382/EUAPGM7346/UMP/Dataset/Submerged3D/Tokai --depths_dir /mnt/hpccs01/home/n11585382/EUAPGM7346/UMP/Dataset/Submerged3D/Tokai/depths
Traceback (most recent call last):
  File "/mnt/hpccs01/home/n11585382/EUAPGM7346/UMP/Codebase/3DGS-Water-Approaches/Physics/3D-UIR-main/utils/make_depth_scale.py", line 74, in <module>
    cam_intrinsics, images_metas, points3d = read_model(os.path.join(args.base_dir, "sparse", "0"), ext=f".{args.model_type}")
  File "/mnt/hpccs01/home/n11585382/EUAPGM7346/UMP/Codebase/3DGS-Water-Approaches/Physics/3D-UIR-main/utils/read_write_model.py", line 505, in read_model
    cameras = read_cameras_binary(os.path.join(path, "cameras" + ext))
  File "/mnt/hpccs01/home/n11585382/EUAPGM7346/UMP/Codebase/3DGS-Water-Approaches/Physics/3D-UIR-main/utils/read_write_model.py", line 143, in read_cameras_binary
    with open(path_to_model_file, "rb") as fid:
FileNotFoundError: [Errno 2] No such file or directory: '/mnt/hpccs01/home/n11585382/EUAPGM7346/UMP/Dataset/Submerged3D/Tokai/sparse/0/cameras.bin'
[ERROR] Execution failed for model=3d-uir, scene=Tokai with exit code 1 (Duration: 1s).
[WARN] Recording failure and continuing to the next execution...
[INFO] Post-run GPU Memory: 0, 81559 MiB (used, total)
[INFO] Starting fault-tolerant execution for model=gaussiansplashing, scene=Kwaj
[INFO] Storage check: 1110294 GB available on filesystem.

======================================================================
 Pipeline Execution: Model=gaussiansplashing | Stage=all | Scene=Kwaj
======================================================================
[INFO] Selected model: gaussiansplashing
[INFO] Selected stage: all
[INFO] Target dataset: /mnt/hpccs01/home/n11585382/EUAPGM7346/UMP/Dataset/Submerged3D
[INFO] Target scene path: /mnt/hpccs01/home/n11585382/EUAPGM7346/UMP/Dataset/Submerged3D/Kwaj
[INFO] --- Stage 1: Data Preparation & Download ---
[INFO] --- Stage 2: COLMAP Sparse Reconstruction (colmap) ---
[INFO] Executing in [Env: colmap_runner] [CWD: /mnt/hpccs01/home/n11585382/EUAPGM7346/UMP/Codebase/Tools/gaussian-splatting-main]:
[INFO]   python convert.py -s /mnt/hpccs01/home/n11585382/EUAPGM7346/UMP/Dataset/Submerged3D/Kwaj
colmap: error while loading shared libraries: libOpenImageIO.so.3.1: cannot open shared object file: No such file or directory
ERROR:root:Feature extraction failed with code 32512. Exiting.
[INFO] --- Stage 3: Depth Map Generation & Inversion (depth) ---
[INFO] Depth maps already exist in '/mnt/hpccs01/home/n11585382/EUAPGM7346/UMP/Dataset/Submerged3D/Kwaj/depthmap' (20 files). Skipping Depth-Anything-V2 generation.
[INFO] --- Stage 4: Model Training (train) (gaussiansplashing) ---
[INFO] Executing in [Env: gaussianSplashing_env] [CWD: /mnt/hpccs01/home/n11585382/EUAPGM7346/UMP/Codebase/3DGS-Water-Approaches/Image/gaussianSplashing-main]:
[INFO]   python train.py -s /mnt/hpccs01/home/n11585382/EUAPGM7346/UMP/Dataset/Submerged3D/Kwaj -m output/Kwaj --underwater_processing HYB --eval
Directory './output/GroupExp1_MCMode_OFF_uw_HYB' created successfully.
wandb: WARNING Unable to verify login in offline mode.
wandb: WARNING git root ./logs/ does not exist
wandb: Tracking run with wandb version 0.30.0
wandb: W&B syncing is set to `offline` in this directory. Run `wandb online` or set WANDB_MODE=online to enable cloud syncing.
wandb: Run data is saved locally in logs/wandb/offline-run-20260930_222810-7yl99ts7
wandb: View this run in the terminal with `wandb leet`
Optimizing output/Kwaj
Output folder: output/Kwaj [30/09 22:28:18]
Traceback (most recent call last):
  File "/mnt/hpccs01/home/n11585382/EUAPGM7346/UMP/Codebase/3DGS-Water-Approaches/Image/gaussianSplashing-main/train.py", line 566, in <module>
    train_sweep(namespace_dict, sweep_train_flag=False)
  File "/mnt/hpccs01/home/n11585382/EUAPGM7346/UMP/Codebase/3DGS-Water-Approaches/Image/gaussianSplashing-main/train.py", line 64, in train_sweep
    training_miutes, training_seconds = training(cfg_dot_dic ,cfg_dot_dic.LoadingParameters, cfg_dot_dic.OptimizationParameters, cfg_dot_dic.PipelineParameters,  cfg_dot_dic.UnderwaterParameters,
  File "/mnt/hpccs01/home/n11585382/EUAPGM7346/UMP/Codebase/3DGS-Water-Approaches/Image/gaussianSplashing-main/train.py", line 79, in training
    scene = Scene(dataset, gaussians)
  File "/mnt/hpccs01/home/n11585382/EUAPGM7346/UMP/Codebase/3DGS-Water-Approaches/Image/gaussianSplashing-main/scene/__init__.py", line 52, in __init__
    assert False, "Could not recognize scene type!"
AssertionError: Could not recognize scene type!
[1;34mwandb[0m: 
[1;34mwandb[0m: You can sync this run to the cloud by running:
[1;34mwandb[0m: [1mwandb sync logs/wandb/offline-run-20260930_222810-7yl99ts7[0m
[ERROR] Execution failed for model=gaussiansplashing, scene=Kwaj with exit code 1 (Duration: 4m 23s).
[WARN] Recording failure and continuing to the next execution...
[INFO] Post-run GPU Memory: 0, 81559 MiB (used, total)
[INFO] Starting fault-tolerant execution for model=gaussiansplashing, scene=Tokai
[INFO] Storage check: 1107766 GB available on filesystem.

======================================================================
 Pipeline Execution: Model=gaussiansplashing | Stage=all | Scene=Tokai
======================================================================
[INFO] Selected model: gaussiansplashing
[INFO] Selected stage: all
[INFO] Target dataset: /mnt/hpccs01/home/n11585382/EUAPGM7346/UMP/Dataset/Submerged3D
[INFO] Target scene path: /mnt/hpccs01/home/n11585382/EUAPGM7346/UMP/Dataset/Submerged3D/Tokai
[INFO] --- Stage 1: Data Preparation & Download ---
[INFO] --- Stage 2: COLMAP Sparse Reconstruction (colmap) ---
[INFO] Executing in [Env: colmap_runner] [CWD: /mnt/hpccs01/home/n11585382/EUAPGM7346/UMP/Codebase/Tools/gaussian-splatting-main]:
[INFO]   python convert.py -s /mnt/hpccs01/home/n11585382/EUAPGM7346/UMP/Dataset/Submerged3D/Tokai
colmap: error while loading shared libraries: libOpenImageIO.so.3.1: cannot open shared object file: No such file or directory
ERROR:root:Feature extraction failed with code 32512. Exiting.
[INFO] --- Stage 3: Depth Map Generation & Inversion (depth) ---
[INFO] Depth maps already exist in '/mnt/hpccs01/home/n11585382/EUAPGM7346/UMP/Dataset/Submerged3D/Tokai/depthmap' (20 files). Skipping Depth-Anything-V2 generation.
[INFO] --- Stage 4: Model Training (train) (gaussiansplashing) ---
[INFO] Executing in [Env: gaussianSplashing_env] [CWD: /mnt/hpccs01/home/n11585382/EUAPGM7346/UMP/Codebase/3DGS-Water-Approaches/Image/gaussianSplashing-main]:
[INFO]   python train.py -s /mnt/hpccs01/home/n11585382/EUAPGM7346/UMP/Dataset/Submerged3D/Tokai -m output/Tokai --underwater_processing HYB --eval
Directory './output/GroupExp1_MCMode_OFF_uw_HYB' already exists.
wandb: WARNING Unable to verify login in offline mode.
wandb: Tracking run with wandb version 0.30.0
wandb: W&B syncing is set to `offline` in this directory. Run `wandb online` or set WANDB_MODE=online to enable cloud syncing.
wandb: Run data is saved locally in logs/wandb/offline-run-20260930_222848-xezdnavt
wandb: View this run in the terminal with `wandb leet`
Optimizing output/Tokai
Output folder: output/Tokai [30/09 22:28:48]
Traceback (most recent call last):
  File "/mnt/hpccs01/home/n11585382/EUAPGM7346/UMP/Codebase/3DGS-Water-Approaches/Image/gaussianSplashing-main/train.py", line 566, in <module>
    train_sweep(namespace_dict, sweep_train_flag=False)
  File "/mnt/hpccs01/home/n11585382/EUAPGM7346/UMP/Codebase/3DGS-Water-Approaches/Image/gaussianSplashing-main/train.py", line 64, in train_sweep
    training_miutes, training_seconds = training(cfg_dot_dic ,cfg_dot_dic.LoadingParameters, cfg_dot_dic.OptimizationParameters, cfg_dot_dic.PipelineParameters,  cfg_dot_dic.UnderwaterParameters,
  File "/mnt/hpccs01/home/n11585382/EUAPGM7346/UMP/Codebase/3DGS-Water-Approaches/Image/gaussianSplashing-main/train.py", line 79, in training
    scene = Scene(dataset, gaussians)
  File "/mnt/hpccs01/home/n11585382/EUAPGM7346/UMP/Codebase/3DGS-Water-Approaches/Image/gaussianSplashing-main/scene/__init__.py", line 52, in __init__
    assert False, "Could not recognize scene type!"
AssertionError: Could not recognize scene type!
[1;34mwandb[0m: 
[1;34mwandb[0m: You can sync this run to the cloud by running:
[1;34mwandb[0m: [1mwandb sync logs/wandb/offline-run-20260930_222848-xezdnavt[0m
[ERROR] Execution failed for model=gaussiansplashing, scene=Tokai with exit code 1 (Duration: 9s).
[WARN] Recording failure and continuing to the next execution...
[INFO] Post-run GPU Memory: 0, 81559 MiB (used, total)
[INFO] Starting fault-tolerant execution for model=watersplatting, scene=Kwaj
[INFO] Storage check: 1107653 GB available on filesystem.

======================================================================
 Pipeline Execution: Model=watersplatting | Stage=all | Scene=Kwaj
======================================================================
[INFO] Selected model: watersplatting
[INFO] Selected stage: all
[INFO] Target dataset: /mnt/hpccs01/home/n11585382/EUAPGM7346/UMP/Dataset/Submerged3D
[INFO] Target scene path: /mnt/hpccs01/home/n11585382/EUAPGM7346/UMP/Dataset/Submerged3D/Kwaj
[INFO] --- Stage 1: Data Preparation & Download ---
[INFO] --- Stage 2: COLMAP Sparse Reconstruction (colmap) ---
[INFO] Executing in [Env: colmap_runner] [CWD: /mnt/hpccs01/home/n11585382/EUAPGM7346/UMP/Codebase/Tools/gaussian-splatting-main]:
[INFO]   python convert.py -s /mnt/hpccs01/home/n11585382/EUAPGM7346/UMP/Dataset/Submerged3D/Kwaj
colmap: error while loading shared libraries: libOpenImageIO.so.3.1: cannot open shared object file: No such file or directory
ERROR:root:Feature extraction failed with code 32512. Exiting.
[INFO] --- Stage 3: Depth Map Generation & Inversion (depth) ---
[INFO] Depth maps already exist in '/mnt/hpccs01/home/n11585382/EUAPGM7346/UMP/Dataset/Submerged3D/Kwaj/depthmap' (20 files). Skipping Depth-Anything-V2 generation.
[INFO] --- Stage 4: Model Training (train) (watersplatting) ---
[INFO] Executing in [Env: water_splatting] [CWD: /mnt/hpccs01/home/n11585382/EUAPGM7346/UMP/Codebase/3DGS-Water-Approaches/Image/water-splatting-main]:
[INFO]   ns-train water-splatting --experiment-name Kwaj --vis viewer+wandb colmap --downscale-factor 1 --eval-mode interval --eval-interval 8 --colmap-path sparse/0 --data /mnt/hpccs01/home/n11585382/EUAPGM7346/UMP/Dataset/Submerged3D/Kwaj --images-path input
/home/n11585382/.conda/envs/water_splatting/lib/python3.8/site-packages/tinycudann/modules.py:59: UserWarning: tinycudann was built for lower compute capability (80) than the system's (90). Performance may be suboptimal.
  warnings.warn(f"tinycudann was built for lower compute capability ({cc}) than the system's ({system_compute_capability}). Performance may be suboptimal.")
──────────────────────────────────────────────────────── Config ────────────────────────────────────────────────────────
TrainerConfig(
    _target=<class 'nerfstudio.engine.trainer.Trainer'>,
    output_dir=PosixPath('outputs'),
    method_name='water-splatting',
    experiment_name='Kwaj',
    project_name='nerfstudio-project',
    timestamp='2026-09-30_223229',
    machine=MachineConfig(seed=42, num_devices=1, num_machines=1, machine_rank=0, dist_url='auto', device_type='cuda'),
    logging=LoggingConfig(
        relative_log_dir=PosixPath('.'),
        steps_per_log=10,
        max_buffer_size=20,
        local_writer=LocalWriterConfig(
            _target=<class 'nerfstudio.utils.writer.LocalWriter'>,
            enable=True,
            stats_to_track=(
                <EventName.ITER_TRAIN_TIME: 'Train Iter (time)'>,
                <EventName.TRAIN_RAYS_PER_SEC: 'Train Rays / Sec'>,
                <EventName.CURR_TEST_PSNR: 'Test PSNR'>,
                <EventName.VIS_RAYS_PER_SEC: 'Vis Rays / Sec'>,
                <EventName.TEST_RAYS_PER_SEC: 'Test Rays / Sec'>,
                <EventName.ETA: 'ETA (time)'>
            ),
            max_log_size=10
        ),
        profiler='basic'
    ),
    viewer=ViewerConfig(
        relative_log_filename='viewer_log_filename.txt',
        websocket_port=None,
        websocket_port_default=7007,
        websocket_host='0.0.0.0',
        num_rays_per_chunk=32768,
        max_num_display_images=512,
        quit_on_train_completion=False,
        image_format='jpeg',
        jpeg_quality=75,
        make_share_url=False,
        camera_frustum_scale=0.1,
        default_composite_depth=True
    ),
    pipeline=VanillaPipelineConfig(
        _target=<class 'nerfstudio.pipelines.base_pipeline.VanillaPipeline'>,
        datamanager=FullImageDatamanagerConfig(
            _target=<class 'nerfstudio.data.datamanagers.full_images_datamanager.FullImageDatamanager'>,
            data=None,
            masks_on_gpu=False,
            images_on_gpu=False,
            dataparser=ColmapDataParserConfig(
                _target=<class 'nerfstudio.data.dataparsers.colmap_dataparser.ColmapDataParser'>,
                data=PosixPath('/mnt/hpccs01/home/n11585382/EUAPGM7346/UMP/Dataset/Submerged3D/Kwaj'),
                scale_factor=1.0,
                downscale_factor=1,
                downscale_rounding_mode='floor',
                scene_scale=1.0,
                orientation_method='up',
                center_method='poses',
                auto_scale_poses=True,
                assume_colmap_world_coordinate_convention=True,
                eval_mode='interval',
                train_split_fraction=0.9,
                eval_interval=8,
                depth_unit_scale_factor=0.001,
                images_path=PosixPath('input'),
                masks_path=None,
                depths_path=None,
                colmap_path=PosixPath('sparse/0'),
                load_3D_points=True,
                max_2D_matches_per_3D_point=0
            ),
            camera_res_scale_factor=1.0,
            eval_num_images_to_sample_from=-1,
            eval_num_times_to_repeat_images=-1,
            eval_image_indices=(0,),
            cache_images='gpu',
            cache_images_type='float32',
            max_thread_workers=None,
            train_cameras_sampling_strategy='random',
            train_cameras_sampling_seed=42,
            fps_reset_every=100
        ),
        model=WaterSplattingModelConfig(
            _target=<class 'water_splatting.water_splatting.WaterSplattingModel'>,
            enable_collider=True,
            collider_params={'near_plane': 2.0, 'far_plane': 6.0},
            loss_coefficients={'rgb_loss_coarse': 1.0, 'rgb_loss_fine': 1.0},
            eval_num_rays_per_chunk=4096,
            prompt=None,
            num_steps=15000,
            warmup_length=500,
            refine_every=100,
            resolution_schedule=3000,
            background_color='black',
            num_downscales=2,
            cull_alpha_thresh=0.5,
            cull_alpha_thresh_post=0.1,
            reset_alpha_thresh=0.5,
            cull_scale_thresh=10.0,
            continue_cull_post_densification=True,
            zero_medium=False,
            reset_alpha_every=5,
            abs_grad_densification=True,
            densify_grad_thresh=0.0008,
            densify_size_thresh=0.001,
            n_split_samples=2,
            sh_degree_interval=1000,
            clip_thresh=0.01,
            cull_screen_size=0.15,
            split_screen_size=0.05,
            stop_screen_size_at=0,
            random_init=False,
            num_random=50000,
            random_scale=10.0,
            ssim_lambda=0.2,
            main_loss='reg_l1',
            ssim_loss='reg_ssim',
            stop_split_at=10000,
            sh_degree=3,
            rasterize_mode='classic',
            num_layers_medium=2,
            hidden_dim_medium=128,
            medium_density_bias=0.0,
            mlp_type='tcnn'
        )
    ),
    optimizers={
        'means': {
            'optimizer': AdamOptimizerConfig(
                _target=<class 'torch.optim.adam.Adam'>,
                lr=0.00016,
                eps=1e-15,
                max_norm=None,
                weight_decay=0
            ),
            'scheduler': ExponentialDecaySchedulerConfig(
                _target=<class 'nerfstudio.engine.schedulers.ExponentialDecayScheduler'>,
                lr_pre_warmup=1e-08,
                lr_final=5e-05,
                warmup_steps=0,
                max_steps=15000,
                ramp='cosine'
            )
        },
        'features_dc': {
            'optimizer': AdamOptimizerConfig(
                _target=<class 'torch.optim.adam.Adam'>,
                lr=0.0025,
                eps=1e-15,
                max_norm=None,
                weight_decay=0
            ),
            'scheduler': ExponentialDecaySchedulerConfig(
                _target=<class 'nerfstudio.engine.schedulers.ExponentialDecayScheduler'>,
                lr_pre_warmup=1e-08,
                lr_final=0.0025,
                warmup_steps=0,
                max_steps=15000,
                ramp='cosine'
            )
        },
        'features_rest': {
            'optimizer': AdamOptimizerConfig(
                _target=<class 'torch.optim.adam.Adam'>,
                lr=0.000125,
                eps=1e-15,
                max_norm=None,
                weight_decay=0
            ),
            'scheduler': ExponentialDecaySchedulerConfig(
                _target=<class 'nerfstudio.engine.schedulers.ExponentialDecayScheduler'>,
                lr_pre_warmup=1e-08,
                lr_final=0.000125,
                warmup_steps=0,
                max_steps=15000,
                ramp='cosine'
            )
        },
        'opacities': {
            'optimizer': AdamOptimizerConfig(
                _target=<class 'torch.optim.adam.Adam'>,
                lr=0.05,
                eps=1e-15,
                max_norm=None,
                weight_decay=0
            ),
            'scheduler': ExponentialDecaySchedulerConfig(
                _target=<class 'nerfstudio.engine.schedulers.ExponentialDecayScheduler'>,
                lr_pre_warmup=1e-08,
                lr_final=0.05,
                warmup_steps=0,
                max_steps=15000,
                ramp='cosine'
            )
        },
        'scales': {
            'optimizer': AdamOptimizerConfig(
                _target=<class 'torch.optim.adam.Adam'>,
                lr=0.005,
                eps=1e-15,
                max_norm=None,
                weight_decay=0
            ),
            'scheduler': ExponentialDecaySchedulerConfig(
                _target=<class 'nerfstudio.engine.schedulers.ExponentialDecayScheduler'>,
                lr_pre_warmup=1e-08,
                lr_final=0.005,
                warmup_steps=0,
                max_steps=15000,
                ramp='cosine'
            )
        },
        'quats': {
            'optimizer': AdamOptimizerConfig(
                _target=<class 'torch.optim.adam.Adam'>,
                lr=0.001,
                eps=1e-15,
                max_norm=None,
                weight_decay=0
            ),
            'scheduler': ExponentialDecaySchedulerConfig(
                _target=<class 'nerfstudio.engine.schedulers.ExponentialDecayScheduler'>,
                lr_pre_warmup=1e-08,
                lr_final=0.001,
                warmup_steps=0,
                max_steps=15000,
                ramp='cosine'
            )
        },
        'camera_opt': {
            'optimizer': AdamOptimizerConfig(
                _target=<class 'torch.optim.adam.Adam'>,
                lr=0.001,
                eps=1e-15,
                max_norm=None,
                weight_decay=0
            ),
            'scheduler': ExponentialDecaySchedulerConfig(
                _target=<class 'nerfstudio.engine.schedulers.ExponentialDecayScheduler'>,
                lr_pre_warmup=1e-08,
                lr_final=5e-05,
                warmup_steps=0,
                max_steps=15000,
                ramp='cosine'
            )
        },
        'medium_mlp': {
            'optimizer': AdamOptimizerConfig(
                _target=<class 'torch.optim.adam.Adam'>,
                lr=0.001,
                eps=1e-15,
                max_norm=0.001,
                weight_decay=0
            ),
            'scheduler': ExponentialDecaySchedulerConfig(
                _target=<class 'nerfstudio.engine.schedulers.ExponentialDecayScheduler'>,
                lr_pre_warmup=1e-08,
                lr_final=0.00015,
                warmup_steps=0,
                max_steps=15000,
                ramp='cosine'
            )
        },
        'direction_encoding': {
            'optimizer': AdamOptimizerConfig(
                _target=<class 'torch.optim.adam.Adam'>,
                lr=0.001,
                eps=1e-15,
                max_norm=0.001,
                weight_decay=0
            ),
            'scheduler': ExponentialDecaySchedulerConfig(
                _target=<class 'nerfstudio.engine.schedulers.ExponentialDecayScheduler'>,
                lr_pre_warmup=1e-08,
                lr_final=0.00015,
                warmup_steps=0,
                max_steps=15000,
                ramp='cosine'
            )
        }
    },
    vis='viewer+wandb',
    data=None,
    prompt=None,
    relative_model_dir=PosixPath('nerfstudio_models'),
    load_scheduler=True,
    steps_per_save=2000,
    steps_per_eval_batch=0,
    steps_per_eval_image=1000,
    steps_per_eval_all_images=1000,
    max_num_iterations=15000,
    mixed_precision=False,
    use_grad_scaler=False,
    save_only_latest_checkpoint=True,
    load_dir=None,
    load_step=None,
    load_config=None,
    load_checkpoint=None,
    log_gradients=False,
    gradient_accumulation_steps={}
)
────────────────────────────────────────────────────────────────────────────────────────────────────────────────────────
[22:32:30] Saving config to: outputs/Kwaj/water-splatting/2026-09-30_223229/config.yml          experiment_config.py:136
           Saving checkpoints to: outputs/Kwaj/water-splatting/2026-09-30_223229/nerfstudio_models        trainer.py:138
Traceback (most recent call last):
  File "/home/n11585382/.conda/envs/water_splatting/bin/ns-train", line 8, in <module>
    sys.exit(entrypoint())
  File "/home/n11585382/.conda/envs/water_splatting/lib/python3.8/site-packages/nerfstudio/scripts/train.py", line 262, in entrypoint
    main(
  File "/home/n11585382/.conda/envs/water_splatting/lib/python3.8/site-packages/nerfstudio/scripts/train.py", line 247, in main
    launch(
  File "/home/n11585382/.conda/envs/water_splatting/lib/python3.8/site-packages/nerfstudio/scripts/train.py", line 189, in launch
    main_func(local_rank=0, world_size=world_size, config=config)
  File "/home/n11585382/.conda/envs/water_splatting/lib/python3.8/site-packages/nerfstudio/scripts/train.py", line 99, in train_loop
    trainer.setup()
  File "/home/n11585382/.conda/envs/water_splatting/lib/python3.8/site-packages/nerfstudio/engine/trainer.py", line 154, in setup
    self.pipeline = self.config.pipeline.setup(
  File "/home/n11585382/.conda/envs/water_splatting/lib/python3.8/site-packages/nerfstudio/configs/base_config.py", line 53, in setup
    return self._target(self, **kwargs)
  File "/home/n11585382/.conda/envs/water_splatting/lib/python3.8/site-packages/nerfstudio/pipelines/base_pipeline.py", line 254, in __init__
    self.datamanager: DataManager = config.datamanager.setup(
  File "/home/n11585382/.conda/envs/water_splatting/lib/python3.8/site-packages/nerfstudio/configs/base_config.py", line 53, in setup
    return self._target(self, **kwargs)
  File "/home/n11585382/.conda/envs/water_splatting/lib/python3.8/site-packages/nerfstudio/data/datamanagers/full_images_datamanager.py", line 121, in __init__
    self.train_dataparser_outputs: DataparserOutputs = self.dataparser.get_dataparser_outputs(split="train")
  File "/home/n11585382/.conda/envs/water_splatting/lib/python3.8/site-packages/nerfstudio/data/dataparsers/base_dataparser.py", line 165, in get_dataparser_outputs
    dataparser_outputs = self._generate_dataparser_outputs(split, **kwargs)
  File "/home/n11585382/.conda/envs/water_splatting/lib/python3.8/site-packages/nerfstudio/data/dataparsers/colmap_dataparser.py", line 254, in _generate_dataparser_outputs
    assert colmap_path.exists(), f"Colmap path {colmap_path} does not exist."
AssertionError: Colmap path /mnt/hpccs01/home/n11585382/EUAPGM7346/UMP/Dataset/Submerged3D/Kwaj/sparse/0 does not exist.
[ERROR] Execution failed for model=watersplatting, scene=Kwaj with exit code 1 (Duration: 4m 4s).
[WARN] Recording failure and continuing to the next execution...
[INFO] Post-run GPU Memory: 0, 81559 MiB (used, total)
[INFO] Starting fault-tolerant execution for model=watersplatting, scene=Tokai
[INFO] Storage check: 1105355 GB available on filesystem.

======================================================================
 Pipeline Execution: Model=watersplatting | Stage=all | Scene=Tokai
======================================================================
[INFO] Selected model: watersplatting
[INFO] Selected stage: all
[INFO] Target dataset: /mnt/hpccs01/home/n11585382/EUAPGM7346/UMP/Dataset/Submerged3D
[INFO] Target scene path: /mnt/hpccs01/home/n11585382/EUAPGM7346/UMP/Dataset/Submerged3D/Tokai
[INFO] --- Stage 1: Data Preparation & Download ---
[INFO] --- Stage 2: COLMAP Sparse Reconstruction (colmap) ---
[INFO] Executing in [Env: colmap_runner] [CWD: /mnt/hpccs01/home/n11585382/EUAPGM7346/UMP/Codebase/Tools/gaussian-splatting-main]:
[INFO]   python convert.py -s /mnt/hpccs01/home/n11585382/EUAPGM7346/UMP/Dataset/Submerged3D/Tokai
colmap: error while loading shared libraries: libOpenImageIO.so.3.1: cannot open shared object file: No such file or directory
ERROR:root:Feature extraction failed with code 32512. Exiting.
[INFO] --- Stage 3: Depth Map Generation & Inversion (depth) ---
[INFO] Depth maps already exist in '/mnt/hpccs01/home/n11585382/EUAPGM7346/UMP/Dataset/Submerged3D/Tokai/depthmap' (20 files). Skipping Depth-Anything-V2 generation.
[INFO] --- Stage 4: Model Training (train) (watersplatting) ---
[INFO] Executing in [Env: water_splatting] [CWD: /mnt/hpccs01/home/n11585382/EUAPGM7346/UMP/Codebase/3DGS-Water-Approaches/Image/water-splatting-main]:
[INFO]   ns-train water-splatting --experiment-name Tokai --vis viewer+wandb colmap --downscale-factor 1 --eval-mode interval --eval-interval 8 --colmap-path sparse/0 --data /mnt/hpccs01/home/n11585382/EUAPGM7346/UMP/Dataset/Submerged3D/Tokai --images-path input
/home/n11585382/.conda/envs/water_splatting/lib/python3.8/site-packages/tinycudann/modules.py:59: UserWarning: tinycudann was built for lower compute capability (80) than the system's (90). Performance may be suboptimal.
  warnings.warn(f"tinycudann was built for lower compute capability ({cc}) than the system's ({system_compute_capability}). Performance may be suboptimal.")
──────────────────────────────────────────────────────── Config ────────────────────────────────────────────────────────
TrainerConfig(
    _target=<class 'nerfstudio.engine.trainer.Trainer'>,
    output_dir=PosixPath('outputs'),
    method_name='water-splatting',
    experiment_name='Tokai',
    project_name='nerfstudio-project',
    timestamp='2026-09-30_223304',
    machine=MachineConfig(seed=42, num_devices=1, num_machines=1, machine_rank=0, dist_url='auto', device_type='cuda'),
    logging=LoggingConfig(
        relative_log_dir=PosixPath('.'),
        steps_per_log=10,
        max_buffer_size=20,
        local_writer=LocalWriterConfig(
            _target=<class 'nerfstudio.utils.writer.LocalWriter'>,
            enable=True,
            stats_to_track=(
                <EventName.ITER_TRAIN_TIME: 'Train Iter (time)'>,
                <EventName.TRAIN_RAYS_PER_SEC: 'Train Rays / Sec'>,
                <EventName.CURR_TEST_PSNR: 'Test PSNR'>,
                <EventName.VIS_RAYS_PER_SEC: 'Vis Rays / Sec'>,
                <EventName.TEST_RAYS_PER_SEC: 'Test Rays / Sec'>,
                <EventName.ETA: 'ETA (time)'>
            ),
            max_log_size=10
        ),
        profiler='basic'
    ),
    viewer=ViewerConfig(
        relative_log_filename='viewer_log_filename.txt',
        websocket_port=None,
        websocket_port_default=7007,
        websocket_host='0.0.0.0',
        num_rays_per_chunk=32768,
        max_num_display_images=512,
        quit_on_train_completion=False,
        image_format='jpeg',
        jpeg_quality=75,
        make_share_url=False,
        camera_frustum_scale=0.1,
        default_composite_depth=True
    ),
    pipeline=VanillaPipelineConfig(
        _target=<class 'nerfstudio.pipelines.base_pipeline.VanillaPipeline'>,
        datamanager=FullImageDatamanagerConfig(
            _target=<class 'nerfstudio.data.datamanagers.full_images_datamanager.FullImageDatamanager'>,
            data=None,
            masks_on_gpu=False,
            images_on_gpu=False,
            dataparser=ColmapDataParserConfig(
                _target=<class 'nerfstudio.data.dataparsers.colmap_dataparser.ColmapDataParser'>,
                data=PosixPath('/mnt/hpccs01/home/n11585382/EUAPGM7346/UMP/Dataset/Submerged3D/Tokai'),
                scale_factor=1.0,
                downscale_factor=1,
                downscale_rounding_mode='floor',
                scene_scale=1.0,
                orientation_method='up',
                center_method='poses',
                auto_scale_poses=True,
                assume_colmap_world_coordinate_convention=True,
                eval_mode='interval',
                train_split_fraction=0.9,
                eval_interval=8,
                depth_unit_scale_factor=0.001,
                images_path=PosixPath('input'),
                masks_path=None,
                depths_path=None,
                colmap_path=PosixPath('sparse/0'),
                load_3D_points=True,
                max_2D_matches_per_3D_point=0
            ),
            camera_res_scale_factor=1.0,
            eval_num_images_to_sample_from=-1,
            eval_num_times_to_repeat_images=-1,
            eval_image_indices=(0,),
            cache_images='gpu',
            cache_images_type='float32',
            max_thread_workers=None,
            train_cameras_sampling_strategy='random',
            train_cameras_sampling_seed=42,
            fps_reset_every=100
        ),
        model=WaterSplattingModelConfig(
            _target=<class 'water_splatting.water_splatting.WaterSplattingModel'>,
            enable_collider=True,
            collider_params={'near_plane': 2.0, 'far_plane': 6.0},
            loss_coefficients={'rgb_loss_coarse': 1.0, 'rgb_loss_fine': 1.0},
            eval_num_rays_per_chunk=4096,
            prompt=None,
            num_steps=15000,
            warmup_length=500,
            refine_every=100,
            resolution_schedule=3000,
            background_color='black',
            num_downscales=2,
            cull_alpha_thresh=0.5,
            cull_alpha_thresh_post=0.1,
            reset_alpha_thresh=0.5,
            cull_scale_thresh=10.0,
            continue_cull_post_densification=True,
            zero_medium=False,
            reset_alpha_every=5,
            abs_grad_densification=True,
            densify_grad_thresh=0.0008,
            densify_size_thresh=0.001,
            n_split_samples=2,
            sh_degree_interval=1000,
            clip_thresh=0.01,
            cull_screen_size=0.15,
            split_screen_size=0.05,
            stop_screen_size_at=0,
            random_init=False,
            num_random=50000,
            random_scale=10.0,
            ssim_lambda=0.2,
            main_loss='reg_l1',
            ssim_loss='reg_ssim',
            stop_split_at=10000,
            sh_degree=3,
            rasterize_mode='classic',
            num_layers_medium=2,
            hidden_dim_medium=128,
            medium_density_bias=0.0,
            mlp_type='tcnn'
        )
    ),
    optimizers={
        'means': {
            'optimizer': AdamOptimizerConfig(
                _target=<class 'torch.optim.adam.Adam'>,
                lr=0.00016,
                eps=1e-15,
                max_norm=None,
                weight_decay=0
            ),
            'scheduler': ExponentialDecaySchedulerConfig(
                _target=<class 'nerfstudio.engine.schedulers.ExponentialDecayScheduler'>,
                lr_pre_warmup=1e-08,
                lr_final=5e-05,
                warmup_steps=0,
                max_steps=15000,
                ramp='cosine'
            )
        },
        'features_dc': {
            'optimizer': AdamOptimizerConfig(
                _target=<class 'torch.optim.adam.Adam'>,
                lr=0.0025,
                eps=1e-15,
                max_norm=None,
                weight_decay=0
            ),
            'scheduler': ExponentialDecaySchedulerConfig(
                _target=<class 'nerfstudio.engine.schedulers.ExponentialDecayScheduler'>,
                lr_pre_warmup=1e-08,
                lr_final=0.0025,
                warmup_steps=0,
                max_steps=15000,
                ramp='cosine'
            )
        },
        'features_rest': {
            'optimizer': AdamOptimizerConfig(
                _target=<class 'torch.optim.adam.Adam'>,
                lr=0.000125,
                eps=1e-15,
                max_norm=None,
                weight_decay=0
            ),
            'scheduler': ExponentialDecaySchedulerConfig(
                _target=<class 'nerfstudio.engine.schedulers.ExponentialDecayScheduler'>,
                lr_pre_warmup=1e-08,
                lr_final=0.000125,
                warmup_steps=0,
                max_steps=15000,
                ramp='cosine'
            )
        },
        'opacities': {
            'optimizer': AdamOptimizerConfig(
                _target=<class 'torch.optim.adam.Adam'>,
                lr=0.05,
                eps=1e-15,
                max_norm=None,
                weight_decay=0
            ),
            'scheduler': ExponentialDecaySchedulerConfig(
                _target=<class 'nerfstudio.engine.schedulers.ExponentialDecayScheduler'>,
                lr_pre_warmup=1e-08,
                lr_final=0.05,
                warmup_steps=0,
                max_steps=15000,
                ramp='cosine'
            )
        },
        'scales': {
            'optimizer': AdamOptimizerConfig(
                _target=<class 'torch.optim.adam.Adam'>,
                lr=0.005,
                eps=1e-15,
                max_norm=None,
                weight_decay=0
            ),
            'scheduler': ExponentialDecaySchedulerConfig(
                _target=<class 'nerfstudio.engine.schedulers.ExponentialDecayScheduler'>,
                lr_pre_warmup=1e-08,
                lr_final=0.005,
                warmup_steps=0,
                max_steps=15000,
                ramp='cosine'
            )
        },
        'quats': {
            'optimizer': AdamOptimizerConfig(
                _target=<class 'torch.optim.adam.Adam'>,
                lr=0.001,
                eps=1e-15,
                max_norm=None,
                weight_decay=0
            ),
            'scheduler': ExponentialDecaySchedulerConfig(
                _target=<class 'nerfstudio.engine.schedulers.ExponentialDecayScheduler'>,
                lr_pre_warmup=1e-08,
                lr_final=0.001,
                warmup_steps=0,
                max_steps=15000,
                ramp='cosine'
            )
        },
        'camera_opt': {
            'optimizer': AdamOptimizerConfig(
                _target=<class 'torch.optim.adam.Adam'>,
                lr=0.001,
                eps=1e-15,
                max_norm=None,
                weight_decay=0
            ),
            'scheduler': ExponentialDecaySchedulerConfig(
                _target=<class 'nerfstudio.engine.schedulers.ExponentialDecayScheduler'>,
                lr_pre_warmup=1e-08,
                lr_final=5e-05,
                warmup_steps=0,
                max_steps=15000,
                ramp='cosine'
            )
        },
        'medium_mlp': {
            'optimizer': AdamOptimizerConfig(
                _target=<class 'torch.optim.adam.Adam'>,
                lr=0.001,
                eps=1e-15,
                max_norm=0.001,
                weight_decay=0
            ),
            'scheduler': ExponentialDecaySchedulerConfig(
                _target=<class 'nerfstudio.engine.schedulers.ExponentialDecayScheduler'>,
                lr_pre_warmup=1e-08,
                lr_final=0.00015,
                warmup_steps=0,
                max_steps=15000,
                ramp='cosine'
            )
        },
        'direction_encoding': {
            'optimizer': AdamOptimizerConfig(
                _target=<class 'torch.optim.adam.Adam'>,
                lr=0.001,
                eps=1e-15,
                max_norm=0.001,
                weight_decay=0
            ),
            'scheduler': ExponentialDecaySchedulerConfig(
                _target=<class 'nerfstudio.engine.schedulers.ExponentialDecayScheduler'>,
                lr_pre_warmup=1e-08,
                lr_final=0.00015,
                warmup_steps=0,
                max_steps=15000,
                ramp='cosine'
            )
        }
    },
    vis='viewer+wandb',
    data=None,
    prompt=None,
    relative_model_dir=PosixPath('nerfstudio_models'),
    load_scheduler=True,
    steps_per_save=2000,
    steps_per_eval_batch=0,
    steps_per_eval_image=1000,
    steps_per_eval_all_images=1000,
    max_num_iterations=15000,
    mixed_precision=False,
    use_grad_scaler=False,
    save_only_latest_checkpoint=True,
    load_dir=None,
    load_step=None,
    load_config=None,
    load_checkpoint=None,
    log_gradients=False,
    gradient_accumulation_steps={}
)
────────────────────────────────────────────────────────────────────────────────────────────────────────────────────────
[22:33:04] Saving config to: outputs/Tokai/water-splatting/2026-09-30_223304/config.yml         experiment_config.py:136
           Saving checkpoints to: outputs/Tokai/water-splatting/2026-09-30_223304/nerfstudio_models       trainer.py:138
Traceback (most recent call last):
  File "/home/n11585382/.conda/envs/water_splatting/bin/ns-train", line 8, in <module>
    sys.exit(entrypoint())
  File "/home/n11585382/.conda/envs/water_splatting/lib/python3.8/site-packages/nerfstudio/scripts/train.py", line 262, in entrypoint
    main(
  File "/home/n11585382/.conda/envs/water_splatting/lib/python3.8/site-packages/nerfstudio/scripts/train.py", line 247, in main
    launch(
  File "/home/n11585382/.conda/envs/water_splatting/lib/python3.8/site-packages/nerfstudio/scripts/train.py", line 189, in launch
    main_func(local_rank=0, world_size=world_size, config=config)
  File "/home/n11585382/.conda/envs/water_splatting/lib/python3.8/site-packages/nerfstudio/scripts/train.py", line 99, in train_loop
    trainer.setup()
  File "/home/n11585382/.conda/envs/water_splatting/lib/python3.8/site-packages/nerfstudio/engine/trainer.py", line 154, in setup
    self.pipeline = self.config.pipeline.setup(
  File "/home/n11585382/.conda/envs/water_splatting/lib/python3.8/site-packages/nerfstudio/configs/base_config.py", line 53, in setup
    return self._target(self, **kwargs)
  File "/home/n11585382/.conda/envs/water_splatting/lib/python3.8/site-packages/nerfstudio/pipelines/base_pipeline.py", line 254, in __init__
    self.datamanager: DataManager = config.datamanager.setup(
  File "/home/n11585382/.conda/envs/water_splatting/lib/python3.8/site-packages/nerfstudio/configs/base_config.py", line 53, in setup
    return self._target(self, **kwargs)
  File "/home/n11585382/.conda/envs/water_splatting/lib/python3.8/site-packages/nerfstudio/data/datamanagers/full_images_datamanager.py", line 121, in __init__
    self.train_dataparser_outputs: DataparserOutputs = self.dataparser.get_dataparser_outputs(split="train")
  File "/home/n11585382/.conda/envs/water_splatting/lib/python3.8/site-packages/nerfstudio/data/dataparsers/base_dataparser.py", line 165, in get_dataparser_outputs
    dataparser_outputs = self._generate_dataparser_outputs(split, **kwargs)
  File "/home/n11585382/.conda/envs/water_splatting/lib/python3.8/site-packages/nerfstudio/data/dataparsers/colmap_dataparser.py", line 254, in _generate_dataparser_outputs
    assert colmap_path.exists(), f"Colmap path {colmap_path} does not exist."
AssertionError: Colmap path /mnt/hpccs01/home/n11585382/EUAPGM7346/UMP/Dataset/Submerged3D/Tokai/sparse/0 does not exist.
[ERROR] Execution failed for model=watersplatting, scene=Tokai with exit code 1 (Duration: 8s).
[WARN] Recording failure and continuing to the next execution...
[INFO] Post-run GPU Memory: 0, 81559 MiB (used, total)
[INFO] Starting fault-tolerant execution for model=rusplatting, scene=Kwaj
[INFO] Storage check: 1105268 GB available on filesystem.

======================================================================
 Pipeline Execution: Model=rusplatting | Stage=all | Scene=Kwaj
======================================================================
[INFO] Selected model: rusplatting
[INFO] Selected stage: all
[INFO] Target dataset: /mnt/hpccs01/home/n11585382/EUAPGM7346/UMP/Dataset/Submerged3D
[INFO] Target scene path: /mnt/hpccs01/home/n11585382/EUAPGM7346/UMP/Dataset/Submerged3D/Kwaj
[INFO] --- Stage 1: Data Preparation & Download ---
[INFO] --- Stage 2: COLMAP Sparse Reconstruction (colmap) ---
[INFO] Executing in [Env: colmap_runner] [CWD: /mnt/hpccs01/home/n11585382/EUAPGM7346/UMP/Codebase/Tools/gaussian-splatting-main]:
[INFO]   python convert.py -s /mnt/hpccs01/home/n11585382/EUAPGM7346/UMP/Dataset/Submerged3D/Kwaj
colmap: error while loading shared libraries: libOpenImageIO.so.3.1: cannot open shared object file: No such file or directory
ERROR:root:Feature extraction failed with code 32512. Exiting.
[INFO] --- Stage 3: Depth Map Generation & Inversion (depth) ---
[INFO] Generating inverted depth maps for RUSplatting (Depth-Anything-V2 ViT-L):
[INFO] Executing in [Env: depth_anything] [CWD: /mnt/hpccs01/home/n11585382/EUAPGM7346/UMP/Codebase/Tools/Depth-Anything-V2-main]:
[INFO]   python run.py --encoder vitl --pred-only --grayscale --img-path /mnt/hpccs01/home/n11585382/EUAPGM7346/UMP/Dataset/Submerged3D/Kwaj/input --outdir /mnt/hpccs01/home/n11585382/EUAPGM7346/UMP/Dataset/Submerged3D/Kwaj/depthmap_inverted
xFormers not available
xFormers not available
/mnt/hpccs01/home/n11585382/EUAPGM7346/UMP/Codebase/Tools/Depth-Anything-V2-main/run.py:36: FutureWarning: You are using `torch.load` with `weights_only=False` (the current default value), which uses the default pickle module implicitly. It is possible to construct malicious pickle data which will execute arbitrary code during unpickling (See https://github.com/pytorch/pytorch/blob/main/SECURITY.md#untrusted-models for more details). In a future release, the default value for `weights_only` will be flipped to `True`. This limits the functions that could be executed during unpickling. Arbitrary objects will no longer be allowed to be loaded via this mode unless they are explicitly allowlisted by the user via `torch.serialization.add_safe_globals`. We recommend you start setting `weights_only=True` for any use case where you don't have full control of the loaded file. Please open an issue on GitHub for any issues related to this experimental feature.
  depth_anything.load_state_dict(torch.load(f'checkpoints/depth_anything_v2_{args.encoder}.pth', map_location='cpu'))
Progress 1/20: /mnt/hpccs01/home/n11585382/EUAPGM7346/UMP/Dataset/Submerged3D/Kwaj/input/KWAJ_CORSAIR_230427-510.jpg
Progress 2/20: /mnt/hpccs01/home/n11585382/EUAPGM7346/UMP/Dataset/Submerged3D/Kwaj/input/KWAJ_CORSAIR_230427-515.jpg
Progress 3/20: /mnt/hpccs01/home/n11585382/EUAPGM7346/UMP/Dataset/Submerged3D/Kwaj/input/KWAJ_CORSAIR_230427-502.jpg
Progress 4/20: /mnt/hpccs01/home/n11585382/EUAPGM7346/UMP/Dataset/Submerged3D/Kwaj/input/KWAJ_CORSAIR_230427-511.jpg
Progress 5/20: /mnt/hpccs01/home/n11585382/EUAPGM7346/UMP/Dataset/Submerged3D/Kwaj/input/KWAJ_CORSAIR_230427-514.jpg
Progress 6/20: /mnt/hpccs01/home/n11585382/EUAPGM7346/UMP/Dataset/Submerged3D/Kwaj/input/KWAJ_CORSAIR_230427-518.jpg
Progress 7/20: /mnt/hpccs01/home/n11585382/EUAPGM7346/UMP/Dataset/Submerged3D/Kwaj/input/KWAJ_CORSAIR_230427-519.jpg
Progress 8/20: /mnt/hpccs01/home/n11585382/EUAPGM7346/UMP/Dataset/Submerged3D/Kwaj/input/KWAJ_CORSAIR_230427-509.jpg
Progress 9/20: /mnt/hpccs01/home/n11585382/EUAPGM7346/UMP/Dataset/Submerged3D/Kwaj/input/KWAJ_CORSAIR_230427-512.jpg
Progress 10/20: /mnt/hpccs01/home/n11585382/EUAPGM7346/UMP/Dataset/Submerged3D/Kwaj/input/KWAJ_CORSAIR_230427-516.jpg
Progress 11/20: /mnt/hpccs01/home/n11585382/EUAPGM7346/UMP/Dataset/Submerged3D/Kwaj/input/KWAJ_CORSAIR_230427-506.jpg
Progress 12/20: /mnt/hpccs01/home/n11585382/EUAPGM7346/UMP/Dataset/Submerged3D/Kwaj/input/KWAJ_CORSAIR_230427-501.jpg
Progress 13/20: /mnt/hpccs01/home/n11585382/EUAPGM7346/UMP/Dataset/Submerged3D/Kwaj/input/KWAJ_CORSAIR_230427-504.jpg
Progress 14/20: /mnt/hpccs01/home/n11585382/EUAPGM7346/UMP/Dataset/Submerged3D/Kwaj/input/KWAJ_CORSAIR_230427-517.jpg
Progress 15/20: /mnt/hpccs01/home/n11585382/EUAPGM7346/UMP/Dataset/Submerged3D/Kwaj/input/KWAJ_CORSAIR_230427-507.jpg
Progress 16/20: /mnt/hpccs01/home/n11585382/EUAPGM7346/UMP/Dataset/Submerged3D/Kwaj/input/KWAJ_CORSAIR_230427-505.jpg
Progress 17/20: /mnt/hpccs01/home/n11585382/EUAPGM7346/UMP/Dataset/Submerged3D/Kwaj/input/KWAJ_CORSAIR_230427-508.jpg
Progress 18/20: /mnt/hpccs01/home/n11585382/EUAPGM7346/UMP/Dataset/Submerged3D/Kwaj/input/KWAJ_CORSAIR_230427-500.jpg
Progress 19/20: /mnt/hpccs01/home/n11585382/EUAPGM7346/UMP/Dataset/Submerged3D/Kwaj/input/KWAJ_CORSAIR_230427-513.jpg
Progress 20/20: /mnt/hpccs01/home/n11585382/EUAPGM7346/UMP/Dataset/Submerged3D/Kwaj/input/KWAJ_CORSAIR_230427-503.jpg
[INFO] Note: RUSplatting expects pre-generated intermediate frames (e.g., via RIFE) with ._to_. naming pattern in the input directory.
[INFO] --- Stage 4: Model Training (train) (rusplatting) ---
[INFO] Executing in [Env: rusplatting] [CWD: /mnt/hpccs01/home/n11585382/EUAPGM7346/UMP/Codebase/3DGS-Water-Approaches/Additional/RUSplatting-main]:
[INFO]   python train.py -s /mnt/hpccs01/home/n11585382/EUAPGM7346/UMP/Dataset/Submerged3D/Kwaj -m output/Kwaj --adaptive --eval
Optimizing output/Kwaj
Output folder: output/Kwaj [30/09 22:35:01]
Tensorboard not available: not logging progress [30/09 22:35:01]
Traceback (most recent call last):
  File "/mnt/hpccs01/home/n11585382/EUAPGM7346/UMP/Codebase/3DGS-Water-Approaches/Additional/RUSplatting-main/train.py", line 314, in <module>
    training(model_args, opt, pp.extract(args), args.test_iterations, args.save_iterations, args.checkpoint_iterations, args.start_checkpoint, args.debug_from)
  File "/mnt/hpccs01/home/n11585382/EUAPGM7346/UMP/Codebase/3DGS-Water-Approaches/Additional/RUSplatting-main/train.py", line 43, in training
    scene = Scene(dataset, gaussians)
            ^^^^^^^^^^^^^^^^^^^^^^^^^
  File "/mnt/hpccs01/home/n11585382/EUAPGM7346/UMP/Codebase/3DGS-Water-Approaches/Additional/RUSplatting-main/scene/__init__.py", line 83, in __init__
    assert False, "Could not recognize scene type!"
           ^^^^^
AssertionError: Could not recognize scene type!
[ERROR] Execution failed for model=rusplatting, scene=Kwaj with exit code 1 (Duration: 2m 12s).
[WARN] Recording failure and continuing to the next execution...
[INFO] Post-run GPU Memory: 0, 81559 MiB (used, total)
[INFO] Starting fault-tolerant execution for model=rusplatting, scene=Tokai
[INFO] Storage check: 1104066 GB available on filesystem.

======================================================================
 Pipeline Execution: Model=rusplatting | Stage=all | Scene=Tokai
======================================================================
[INFO] Selected model: rusplatting
[INFO] Selected stage: all
[INFO] Target dataset: /mnt/hpccs01/home/n11585382/EUAPGM7346/UMP/Dataset/Submerged3D
[INFO] Target scene path: /mnt/hpccs01/home/n11585382/EUAPGM7346/UMP/Dataset/Submerged3D/Tokai
[INFO] --- Stage 1: Data Preparation & Download ---
[INFO] --- Stage 2: COLMAP Sparse Reconstruction (colmap) ---
[INFO] Executing in [Env: colmap_runner] [CWD: /mnt/hpccs01/home/n11585382/EUAPGM7346/UMP/Codebase/Tools/gaussian-splatting-main]:
[INFO]   python convert.py -s /mnt/hpccs01/home/n11585382/EUAPGM7346/UMP/Dataset/Submerged3D/Tokai
colmap: error while loading shared libraries: libOpenImageIO.so.3.1: cannot open shared object file: No such file or directory
ERROR:root:Feature extraction failed with code 32512. Exiting.
[INFO] --- Stage 3: Depth Map Generation & Inversion (depth) ---
[INFO] Generating inverted depth maps for RUSplatting (Depth-Anything-V2 ViT-L):
[INFO] Executing in [Env: depth_anything] [CWD: /mnt/hpccs01/home/n11585382/EUAPGM7346/UMP/Codebase/Tools/Depth-Anything-V2-main]:
[INFO]   python run.py --encoder vitl --pred-only --grayscale --img-path /mnt/hpccs01/home/n11585382/EUAPGM7346/UMP/Dataset/Submerged3D/Tokai/input --outdir /mnt/hpccs01/home/n11585382/EUAPGM7346/UMP/Dataset/Submerged3D/Tokai/depthmap_inverted
xFormers not available
xFormers not available
/mnt/hpccs01/home/n11585382/EUAPGM7346/UMP/Codebase/Tools/Depth-Anything-V2-main/run.py:36: FutureWarning: You are using `torch.load` with `weights_only=False` (the current default value), which uses the default pickle module implicitly. It is possible to construct malicious pickle data which will execute arbitrary code during unpickling (See https://github.com/pytorch/pytorch/blob/main/SECURITY.md#untrusted-models for more details). In a future release, the default value for `weights_only` will be flipped to `True`. This limits the functions that could be executed during unpickling. Arbitrary objects will no longer be allowed to be loaded via this mode unless they are explicitly allowlisted by the user via `torch.serialization.add_safe_globals`. We recommend you start setting `weights_only=True` for any use case where you don't have full control of the loaded file. Please open an issue on GitHub for any issues related to this experimental feature.
  depth_anything.load_state_dict(torch.load(f'checkpoints/depth_anything_v2_{args.encoder}.pth', map_location='cpu'))
Progress 1/20: /mnt/hpccs01/home/n11585382/EUAPGM7346/UMP/Dataset/Submerged3D/Tokai/input/WAPA_SA2_Tokai_230219-2006.jpg
Progress 2/20: /mnt/hpccs01/home/n11585382/EUAPGM7346/UMP/Dataset/Submerged3D/Tokai/input/WAPA_SA2_Tokai_230219-2013.jpg
Progress 3/20: /mnt/hpccs01/home/n11585382/EUAPGM7346/UMP/Dataset/Submerged3D/Tokai/input/WAPA_SA2_Tokai_230219-2011.jpg
Progress 4/20: /mnt/hpccs01/home/n11585382/EUAPGM7346/UMP/Dataset/Submerged3D/Tokai/input/WAPA_SA2_Tokai_230219-2014.jpg
Progress 5/20: /mnt/hpccs01/home/n11585382/EUAPGM7346/UMP/Dataset/Submerged3D/Tokai/input/WAPA_SA2_Tokai_230219-2019.jpg
Progress 6/20: /mnt/hpccs01/home/n11585382/EUAPGM7346/UMP/Dataset/Submerged3D/Tokai/input/WAPA_SA2_Tokai_230219-2012.jpg
Progress 7/20: /mnt/hpccs01/home/n11585382/EUAPGM7346/UMP/Dataset/Submerged3D/Tokai/input/WAPA_SA2_Tokai_230219-2020.jpg
Progress 8/20: /mnt/hpccs01/home/n11585382/EUAPGM7346/UMP/Dataset/Submerged3D/Tokai/input/WAPA_SA2_Tokai_230219-2007.jpg
Progress 9/20: /mnt/hpccs01/home/n11585382/EUAPGM7346/UMP/Dataset/Submerged3D/Tokai/input/WAPA_SA2_Tokai_230219-2022.jpg
Progress 10/20: /mnt/hpccs01/home/n11585382/EUAPGM7346/UMP/Dataset/Submerged3D/Tokai/input/WAPA_SA2_Tokai_230219-2021.jpg
Progress 11/20: /mnt/hpccs01/home/n11585382/EUAPGM7346/UMP/Dataset/Submerged3D/Tokai/input/WAPA_SA2_Tokai_230219-2010.jpg
Progress 12/20: /mnt/hpccs01/home/n11585382/EUAPGM7346/UMP/Dataset/Submerged3D/Tokai/input/WAPA_SA2_Tokai_230219-2026.jpg
Progress 13/20: /mnt/hpccs01/home/n11585382/EUAPGM7346/UMP/Dataset/Submerged3D/Tokai/input/WAPA_SA2_Tokai_230219-2016.jpg
Progress 14/20: /mnt/hpccs01/home/n11585382/EUAPGM7346/UMP/Dataset/Submerged3D/Tokai/input/WAPA_SA2_Tokai_230219-2015.jpg
Progress 15/20: /mnt/hpccs01/home/n11585382/EUAPGM7346/UMP/Dataset/Submerged3D/Tokai/input/WAPA_SA2_Tokai_230219-2005.jpg
Progress 16/20: /mnt/hpccs01/home/n11585382/EUAPGM7346/UMP/Dataset/Submerged3D/Tokai/input/WAPA_SA2_Tokai_230219-2023.jpg
Progress 17/20: /mnt/hpccs01/home/n11585382/EUAPGM7346/UMP/Dataset/Submerged3D/Tokai/input/WAPA_SA2_Tokai_230219-2018.jpg
Progress 18/20: /mnt/hpccs01/home/n11585382/EUAPGM7346/UMP/Dataset/Submerged3D/Tokai/input/WAPA_SA2_Tokai_230219-2009.jpg
Progress 19/20: /mnt/hpccs01/home/n11585382/EUAPGM7346/UMP/Dataset/Submerged3D/Tokai/input/WAPA_SA2_Tokai_230219-2017.jpg
Progress 20/20: /mnt/hpccs01/home/n11585382/EUAPGM7346/UMP/Dataset/Submerged3D/Tokai/input/WAPA_SA2_Tokai_230219-2008.jpg
[INFO] Note: RUSplatting expects pre-generated intermediate frames (e.g., via RIFE) with ._to_. naming pattern in the input directory.
[INFO] --- Stage 4: Model Training (train) (rusplatting) ---
[INFO] Executing in [Env: rusplatting] [CWD: /mnt/hpccs01/home/n11585382/EUAPGM7346/UMP/Codebase/3DGS-Water-Approaches/Additional/RUSplatting-main]:
[INFO]   python train.py -s /mnt/hpccs01/home/n11585382/EUAPGM7346/UMP/Dataset/Submerged3D/Tokai -m output/Tokai --adaptive --eval
Optimizing output/Tokai
Output folder: output/Tokai [30/09 22:35:36]
Tensorboard not available: not logging progress [30/09 22:35:36]
Traceback (most recent call last):
  File "/mnt/hpccs01/home/n11585382/EUAPGM7346/UMP/Codebase/3DGS-Water-Approaches/Additional/RUSplatting-main/train.py", line 314, in <module>
    training(model_args, opt, pp.extract(args), args.test_iterations, args.save_iterations, args.checkpoint_iterations, args.start_checkpoint, args.debug_from)
  File "/mnt/hpccs01/home/n11585382/EUAPGM7346/UMP/Codebase/3DGS-Water-Approaches/Additional/RUSplatting-main/train.py", line 43, in training
    scene = Scene(dataset, gaussians)
            ^^^^^^^^^^^^^^^^^^^^^^^^^
  File "/mnt/hpccs01/home/n11585382/EUAPGM7346/UMP/Codebase/3DGS-Water-Approaches/Additional/RUSplatting-main/scene/__init__.py", line 83, in __init__
    assert False, "Could not recognize scene type!"
           ^^^^^
AssertionError: Could not recognize scene type!
[ERROR] Execution failed for model=rusplatting, scene=Tokai with exit code 1 (Duration: 16s).
[WARN] Recording failure and continuing to the next execution...
[INFO] Post-run GPU Memory: 0, 81559 MiB (used, total)
[INFO] Starting fault-tolerant execution for model=uw-gs, scene=Kwaj
[INFO] Storage check: 1103900 GB available on filesystem.

======================================================================
 Pipeline Execution: Model=uw-gs | Stage=all | Scene=Kwaj
======================================================================
[INFO] Selected model: uw-gs
[INFO] Selected stage: all
[INFO] Target dataset: /mnt/hpccs01/home/n11585382/EUAPGM7346/UMP/Dataset/Submerged3D
[INFO] Target scene path: /mnt/hpccs01/home/n11585382/EUAPGM7346/UMP/Dataset/Submerged3D/Kwaj
[INFO] --- Stage 1: Data Preparation & Download ---
[INFO] --- Stage 2: COLMAP Sparse Reconstruction (colmap) ---
[INFO] Executing in [Env: colmap_runner] [CWD: /mnt/hpccs01/home/n11585382/EUAPGM7346/UMP/Codebase/Tools/gaussian-splatting-main]:
[INFO]   python convert.py -s /mnt/hpccs01/home/n11585382/EUAPGM7346/UMP/Dataset/Submerged3D/Kwaj
colmap: error while loading shared libraries: libOpenImageIO.so.3.1: cannot open shared object file: No such file or directory
ERROR:root:Feature extraction failed with code 32512. Exiting.
[INFO] --- Stage 3: Depth Map Generation & Inversion (depth) ---
[INFO] Depth maps already exist in '/mnt/hpccs01/home/n11585382/EUAPGM7346/UMP/Dataset/Submerged3D/Kwaj/depthmap' (20 files). Skipping Depth-Anything-V2 generation.
[INFO] --- Stage 4: Model Training (train) (uw-gs) ---
[INFO] Executing in [Env: UW-GS] [CWD: /mnt/hpccs01/home/n11585382/EUAPGM7346/UMP/Codebase/3DGS-Water-Approaches/Additional/UW-GS-main]:
[INFO]   python train.py -s /mnt/hpccs01/home/n11585382/EUAPGM7346/UMP/Dataset/Submerged3D/Kwaj -m output/Kwaj --BMM_Flag --eval
Optimizing output/Kwaj
/home/n11585382/.conda/envs/UW-GS/lib/python3.7/site-packages/torch/cuda/__init__.py:146: UserWarning: 
NVIDIA H100 80GB HBM3 with CUDA capability sm_90 is not compatible with the current PyTorch installation.
The current PyTorch install supports CUDA capabilities sm_37 sm_50 sm_60 sm_70 sm_75 sm_80 sm_86.
If you want to use the NVIDIA H100 80GB HBM3 GPU with PyTorch, please check the instructions at https://pytorch.org/get-started/locally/

  warnings.warn(incompatible_device_warn.format(device_name, capability, " ".join(arch_list), device_name))
Output folder: output/Kwaj [30/09 22:36:30]
Tensorboard not available: not logging progress [30/09 22:36:30]
Traceback (most recent call last):
  File "train.py", line 274, in <module>
    args.checkpoint_iterations, args.start_checkpoint, args.debug_from)
  File "train.py", line 39, in training
    scene = Scene(dataset, gaussians)
  File "/mnt/hpccs01/home/n11585382/EUAPGM7346/UMP/Codebase/3DGS-Water-Approaches/Additional/UW-GS-main/scene/__init__.py", line 50, in __init__
    assert False, "Could not recognize scene type!"
AssertionError: Could not recognize scene type!
[ERROR] Execution failed for model=uw-gs, scene=Kwaj with exit code 1 (Duration: 1m 21s).
[WARN] Recording failure and continuing to the next execution...
[INFO] Post-run GPU Memory: 0, 81559 MiB (used, total)
[INFO] Starting fault-tolerant execution for model=uw-gs, scene=Tokai
[INFO] Storage check: 1103159 GB available on filesystem.

======================================================================
 Pipeline Execution: Model=uw-gs | Stage=all | Scene=Tokai
======================================================================
[INFO] Selected model: uw-gs
[INFO] Selected stage: all
[INFO] Target dataset: /mnt/hpccs01/home/n11585382/EUAPGM7346/UMP/Dataset/Submerged3D
[INFO] Target scene path: /mnt/hpccs01/home/n11585382/EUAPGM7346/UMP/Dataset/Submerged3D/Tokai
[INFO] --- Stage 1: Data Preparation & Download ---
[INFO] --- Stage 2: COLMAP Sparse Reconstruction (colmap) ---
[INFO] Executing in [Env: colmap_runner] [CWD: /mnt/hpccs01/home/n11585382/EUAPGM7346/UMP/Codebase/Tools/gaussian-splatting-main]:
[INFO]   python convert.py -s /mnt/hpccs01/home/n11585382/EUAPGM7346/UMP/Dataset/Submerged3D/Tokai
colmap: error while loading shared libraries: libOpenImageIO.so.3.1: cannot open shared object file: No such file or directory
ERROR:root:Feature extraction failed with code 32512. Exiting.
[INFO] --- Stage 3: Depth Map Generation & Inversion (depth) ---
[INFO] Depth maps already exist in '/mnt/hpccs01/home/n11585382/EUAPGM7346/UMP/Dataset/Submerged3D/Tokai/depthmap' (20 files). Skipping Depth-Anything-V2 generation.
[INFO] --- Stage 4: Model Training (train) (uw-gs) ---
[INFO] Executing in [Env: UW-GS] [CWD: /mnt/hpccs01/home/n11585382/EUAPGM7346/UMP/Codebase/3DGS-Water-Approaches/Additional/UW-GS-main]:
[INFO]   python train.py -s /mnt/hpccs01/home/n11585382/EUAPGM7346/UMP/Dataset/Submerged3D/Tokai -m output/Tokai --BMM_Flag --eval
Optimizing output/Tokai
/home/n11585382/.conda/envs/UW-GS/lib/python3.7/site-packages/torch/cuda/__init__.py:146: UserWarning: 
NVIDIA H100 80GB HBM3 with CUDA capability sm_90 is not compatible with the current PyTorch installation.
The current PyTorch install supports CUDA capabilities sm_37 sm_50 sm_60 sm_70 sm_75 sm_80 sm_86.
If you want to use the NVIDIA H100 80GB HBM3 GPU with PyTorch, please check the instructions at https://pytorch.org/get-started/locally/

  warnings.warn(incompatible_device_warn.format(device_name, capability, " ".join(arch_list), device_name))
Output folder: output/Tokai [30/09 22:37:05]
Tensorboard not available: not logging progress [30/09 22:37:05]
Traceback (most recent call last):
  File "train.py", line 274, in <module>
    args.checkpoint_iterations, args.start_checkpoint, args.debug_from)
  File "train.py", line 39, in training
    scene = Scene(dataset, gaussians)
  File "/mnt/hpccs01/home/n11585382/EUAPGM7346/UMP/Codebase/3DGS-Water-Approaches/Additional/UW-GS-main/scene/__init__.py", line 50, in __init__
    assert False, "Could not recognize scene type!"
AssertionError: Could not recognize scene type!
[ERROR] Execution failed for model=uw-gs, scene=Tokai with exit code 1 (Duration: 3s).
[WARN] Recording failure and continuing to the next execution...
[INFO] Post-run GPU Memory: 0, 81559 MiB (used, total)
[INFO] Starting fault-tolerant execution for model=sugar, scene=Kwaj
[INFO] Storage check: 1103104 GB available on filesystem.

======================================================================
 Pipeline Execution: Model=sugar | Stage=all | Scene=Kwaj
======================================================================
[INFO] Selected model: sugar
[INFO] Selected stage: all
[INFO] Target dataset: /mnt/hpccs01/home/n11585382/EUAPGM7346/UMP/Dataset/Submerged3D
[INFO] Target scene path: /mnt/hpccs01/home/n11585382/EUAPGM7346/UMP/Dataset/Submerged3D/Kwaj
[INFO] --- Stage 1: Data Preparation & Download ---
[INFO] --- Stage 2: COLMAP Sparse Reconstruction (colmap) ---
[INFO] Executing in [Env: colmap_runner] [CWD: /mnt/hpccs01/home/n11585382/EUAPGM7346/UMP/Codebase/Tools/gaussian-splatting-main]:
[INFO]   python convert.py -s /mnt/hpccs01/home/n11585382/EUAPGM7346/UMP/Dataset/Submerged3D/Kwaj
colmap: error while loading shared libraries: libOpenImageIO.so.3.1: cannot open shared object file: No such file or directory
ERROR:root:Feature extraction failed with code 32512. Exiting.
[INFO] --- Stage 3: Depth Map Generation & Inversion (depth) ---
[INFO] --- Stage 4: Model Training (train) (sugar) ---
[INFO] Mesh Extraction: Running SuGaR on top of best 3DGS point cloud prior from: /mnt/hpccs01/home/n11585382/EUAPGM7346/UMP/Codebase/3DGS-Water-Approaches/Physics/seasplat-master/output/Kwaj
[WARN] Could not find a valid .ply file for SuGaR in /mnt/hpccs01/home/n11585382/EUAPGM7346/UMP/Codebase/3DGS-Water-Approaches/Physics/seasplat-master/output/Kwaj. SuGaR might fail.
[INFO] Executing in [Env: sugar] [CWD: /mnt/hpccs01/home/n11585382/EUAPGM7346/UMP/Codebase/3DGS-Water-Approaches/Additional/SuGaR-main]:
[INFO]   python train_full_pipeline.py -s /mnt/hpccs01/home/n11585382/EUAPGM7346/UMP/Dataset/Submerged3D/Kwaj -r dn_consistency --high_poly True --export_obj True --gs_output_dir /mnt/hpccs01/home/n11585382/EUAPGM7346/UMP/Codebase/3DGS-Water-Approaches/Physics/seasplat-master/output/Kwaj
Using high poly config.
Will export a UV-textured mesh as an .obj file.
Will export a ply file with the refined 3D Gaussians at the end of the training.
A vanilla 3DGS checkpoint was provided. Skipping the vanilla 3DGS optimization.
Using original 3DGS rasterizer from Inria.
Using high poly config.
Will export a UV-textured mesh as an .obj file.
Will export a ply file with the refined 3D Gaussians at the end of the training.
Changing sh_levels to match the loaded model: 4
-----Parsed parameters-----
Source path: /mnt/hpccs01/home/n11585382/EUAPGM7346/UMP/Dataset/Submerged3D/Kwaj
   > Content: 5
Gaussian Splatting checkpoint path: 
/mnt/hpccs01/home/n11585382/EUAPGM7346/UMP/Codebase/3DGS-Water-Approaches/Physics/seasplat-master/output/Kwaj/
   > Content: 1
SUGAR checkpoint path: ./output/coarse/Kwaj/sugarcoarse_3Dgs7000_densityestim02_sdfnorm02/
Iteration to load: 7000
Output directory: ./output/coarse/Kwaj
Depth-Normal consistency factor: 0.05
SDF estimation factor: 0.2
SDF better normal factor: 0.2
Eval split: True
White background: False
---------------------------
Using device: 0
|===========================================================================|
|                  PyTorch CUDA memory summary, device ID 0                 |
|---------------------------------------------------------------------------|
|            CUDA OOMs: 0            |        cudaMalloc retries: 0         |
|===========================================================================|
|        Metric         | Cur Usage  | Peak Usage | Tot Alloc  | Tot Freed  |
|---------------------------------------------------------------------------|
| Allocated memory      |      0 B   |      0 B   |      0 B   |      0 B   |
|       from large pool |      0 B   |      0 B   |      0 B   |      0 B   |
|       from small pool |      0 B   |      0 B   |      0 B   |      0 B   |
|---------------------------------------------------------------------------|
| Active memory         |      0 B   |      0 B   |      0 B   |      0 B   |
|       from large pool |      0 B   |      0 B   |      0 B   |      0 B   |
|       from small pool |      0 B   |      0 B   |      0 B   |      0 B   |
|---------------------------------------------------------------------------|
| Requested memory      |      0 B   |      0 B   |      0 B   |      0 B   |
|       from large pool |      0 B   |      0 B   |      0 B   |      0 B   |
|       from small pool |      0 B   |      0 B   |      0 B   |      0 B   |
|---------------------------------------------------------------------------|
| GPU reserved memory   |      0 B   |      0 B   |      0 B   |      0 B   |
|       from large pool |      0 B   |      0 B   |      0 B   |      0 B   |
|       from small pool |      0 B   |      0 B   |      0 B   |      0 B   |
|---------------------------------------------------------------------------|
| Non-releasable memory |      0 B   |      0 B   |      0 B   |      0 B   |
|       from large pool |      0 B   |      0 B   |      0 B   |      0 B   |
|       from small pool |      0 B   |      0 B   |      0 B   |      0 B   |
|---------------------------------------------------------------------------|
| Allocations           |       0    |       0    |       0    |       0    |
|       from large pool |       0    |       0    |       0    |       0    |
|       from small pool |       0    |       0    |       0    |       0    |
|---------------------------------------------------------------------------|
| Active allocs         |       0    |       0    |       0    |       0    |
|       from large pool |       0    |       0    |       0    |       0    |
|       from small pool |       0    |       0    |       0    |       0    |
|---------------------------------------------------------------------------|
| GPU reserved segments |       0    |       0    |       0    |       0    |
|       from large pool |       0    |       0    |       0    |       0    |
|       from small pool |       0    |       0    |       0    |       0    |
|---------------------------------------------------------------------------|
| Non-releasable allocs |       0    |       0    |       0    |       0    |
|       from large pool |       0    |       0    |       0    |       0    |
|       from small pool |       0    |       0    |       0    |       0    |
|---------------------------------------------------------------------------|
| Oversize allocations  |       0    |       0    |       0    |       0    |
|---------------------------------------------------------------------------|
| Oversize GPU segments |       0    |       0    |       0    |       0    |
|===========================================================================|


Loading config 
/mnt/hpccs01/home/n11585382/EUAPGM7346/UMP/Codebase/3DGS-Water-Approaches/Physics/seasplat-master/output/Kwaj/...
Performing train/eval split...
Traceback (most recent call last):
  File "/mnt/hpccs01/home/n11585382/EUAPGM7346/UMP/Codebase/3DGS-Water-Approaches/Additional/SuGaR-main/train.py", line 133, in <module>
    coarse_sugar_path = coarse_training_with_density_regularization_and_dn_consistency(coarse_args)
  File "/mnt/hpccs01/home/n11585382/EUAPGM7346/UMP/Codebase/3DGS-Water-Approaches/Additional/SuGaR-main/sugar_trainers/coarse_density_and_dn_consistency.py", line 377, in coarse_training_with_density_regularization_and_dn_consistency
    nerfmodel = GaussianSplattingWrapper(
  File "/mnt/hpccs01/home/n11585382/EUAPGM7346/UMP/Codebase/3DGS-Water-Approaches/Additional/SuGaR-main/sugar_scene/gs_model.py", line 132, in __init__
    cam_list = load_gs_cameras(
  File "/mnt/hpccs01/home/n11585382/EUAPGM7346/UMP/Codebase/3DGS-Water-Approaches/Additional/SuGaR-main/sugar_scene/cameras.py", line 34, in load_gs_cameras
    with open(gs_output_path + 'cameras.json') as f:
FileNotFoundError: [Errno 2] No such file or directory: '/mnt/hpccs01/home/n11585382/EUAPGM7346/UMP/Codebase/3DGS-Water-Approaches/Physics/seasplat-master/output/Kwaj/cameras.json'
[INFO] Exported textured mesh: /mnt/hpccs01/home/n11585382/EUAPGM7346/UMP/Dataset/Submerged3D/Kwaj/output/refined_mesh/Kwaj.obj with export_obj=True
[INFO] --- Stage 6: Benchmarking & Metrics Evaluation (eval) (sugar) ---
[INFO] SuGaR mesh evaluation completed with OBJ export.
[SUCCESS] Pipeline execution completed for model: sugar
[SUCCESS] Execution completed successfully for model=sugar, scene=Kwaj (Duration: 2m 56s).
[INFO] Post-run GPU Memory: 0, 81559 MiB (used, total)
[INFO] Starting fault-tolerant execution for model=sugar, scene=Tokai
[INFO] Storage check: 1101588 GB available on filesystem.

======================================================================
 Pipeline Execution: Model=sugar | Stage=all | Scene=Tokai
======================================================================
[INFO] Selected model: sugar
[INFO] Selected stage: all
[INFO] Target dataset: /mnt/hpccs01/home/n11585382/EUAPGM7346/UMP/Dataset/Submerged3D
[INFO] Target scene path: /mnt/hpccs01/home/n11585382/EUAPGM7346/UMP/Dataset/Submerged3D/Tokai
[INFO] --- Stage 1: Data Preparation & Download ---
[INFO] --- Stage 2: COLMAP Sparse Reconstruction (colmap) ---
[INFO] Executing in [Env: colmap_runner] [CWD: /mnt/hpccs01/home/n11585382/EUAPGM7346/UMP/Codebase/Tools/gaussian-splatting-main]:
[INFO]   python convert.py -s /mnt/hpccs01/home/n11585382/EUAPGM7346/UMP/Dataset/Submerged3D/Tokai
colmap: error while loading shared libraries: libOpenImageIO.so.3.1: cannot open shared object file: No such file or directory
ERROR:root:Feature extraction failed with code 32512. Exiting.
[INFO] --- Stage 3: Depth Map Generation & Inversion (depth) ---
[INFO] --- Stage 4: Model Training (train) (sugar) ---
[INFO] Mesh Extraction: Running SuGaR on top of best 3DGS point cloud prior from: /mnt/hpccs01/home/n11585382/EUAPGM7346/UMP/Codebase/3DGS-Water-Approaches/Physics/seasplat-master/output/Tokai
[WARN] Could not find a valid .ply file for SuGaR in /mnt/hpccs01/home/n11585382/EUAPGM7346/UMP/Codebase/3DGS-Water-Approaches/Physics/seasplat-master/output/Tokai. SuGaR might fail.
[INFO] Executing in [Env: sugar] [CWD: /mnt/hpccs01/home/n11585382/EUAPGM7346/UMP/Codebase/3DGS-Water-Approaches/Additional/SuGaR-main]:
[INFO]   python train_full_pipeline.py -s /mnt/hpccs01/home/n11585382/EUAPGM7346/UMP/Dataset/Submerged3D/Tokai -r dn_consistency --high_poly True --export_obj True --gs_output_dir /mnt/hpccs01/home/n11585382/EUAPGM7346/UMP/Codebase/3DGS-Water-Approaches/Physics/seasplat-master/output/Tokai
Using high poly config.
Will export a UV-textured mesh as an .obj file.
Will export a ply file with the refined 3D Gaussians at the end of the training.
A vanilla 3DGS checkpoint was provided. Skipping the vanilla 3DGS optimization.
Using original 3DGS rasterizer from Inria.
Using high poly config.
Will export a UV-textured mesh as an .obj file.
Will export a ply file with the refined 3D Gaussians at the end of the training.
Changing sh_levels to match the loaded model: 4
-----Parsed parameters-----
Source path: /mnt/hpccs01/home/n11585382/EUAPGM7346/UMP/Dataset/Submerged3D/Tokai
   > Content: 5
Gaussian Splatting checkpoint path: 
/mnt/hpccs01/home/n11585382/EUAPGM7346/UMP/Codebase/3DGS-Water-Approaches/Physics/seasplat-master/output/Tokai/
   > Content: 1
SUGAR checkpoint path: ./output/coarse/Tokai/sugarcoarse_3Dgs7000_densityestim02_sdfnorm02/
Iteration to load: 7000
Output directory: ./output/coarse/Tokai
Depth-Normal consistency factor: 0.05
SDF estimation factor: 0.2
SDF better normal factor: 0.2
Eval split: True
White background: False
---------------------------
Using device: 0
|===========================================================================|
|                  PyTorch CUDA memory summary, device ID 0                 |
|---------------------------------------------------------------------------|
|            CUDA OOMs: 0            |        cudaMalloc retries: 0         |
|===========================================================================|
|        Metric         | Cur Usage  | Peak Usage | Tot Alloc  | Tot Freed  |
|---------------------------------------------------------------------------|
| Allocated memory      |      0 B   |      0 B   |      0 B   |      0 B   |
|       from large pool |      0 B   |      0 B   |      0 B   |      0 B   |
|       from small pool |      0 B   |      0 B   |      0 B   |      0 B   |
|---------------------------------------------------------------------------|
| Active memory         |      0 B   |      0 B   |      0 B   |      0 B   |
|       from large pool |      0 B   |      0 B   |      0 B   |      0 B   |
|       from small pool |      0 B   |      0 B   |      0 B   |      0 B   |
|---------------------------------------------------------------------------|
| Requested memory      |      0 B   |      0 B   |      0 B   |      0 B   |
|       from large pool |      0 B   |      0 B   |      0 B   |      0 B   |
|       from small pool |      0 B   |      0 B   |      0 B   |      0 B   |
|---------------------------------------------------------------------------|
| GPU reserved memory   |      0 B   |      0 B   |      0 B   |      0 B   |
|       from large pool |      0 B   |      0 B   |      0 B   |      0 B   |
|       from small pool |      0 B   |      0 B   |      0 B   |      0 B   |
|---------------------------------------------------------------------------|
| Non-releasable memory |      0 B   |      0 B   |      0 B   |      0 B   |
|       from large pool |      0 B   |      0 B   |      0 B   |      0 B   |
|       from small pool |      0 B   |      0 B   |      0 B   |      0 B   |
|---------------------------------------------------------------------------|
| Allocations           |       0    |       0    |       0    |       0    |
|       from large pool |       0    |       0    |       0    |       0    |
|       from small pool |       0    |       0    |       0    |       0    |
|---------------------------------------------------------------------------|
| Active allocs         |       0    |       0    |       0    |       0    |
|       from large pool |       0    |       0    |       0    |       0    |
|       from small pool |       0    |       0    |       0    |       0    |
|---------------------------------------------------------------------------|
| GPU reserved segments |       0    |       0    |       0    |       0    |
|       from large pool |       0    |       0    |       0    |       0    |
|       from small pool |       0    |       0    |       0    |       0    |
|---------------------------------------------------------------------------|
| Non-releasable allocs |       0    |       0    |       0    |       0    |
|       from large pool |       0    |       0    |       0    |       0    |
|       from small pool |       0    |       0    |       0    |       0    |
|---------------------------------------------------------------------------|
| Oversize allocations  |       0    |       0    |       0    |       0    |
|---------------------------------------------------------------------------|
| Oversize GPU segments |       0    |       0    |       0    |       0    |
|===========================================================================|


Loading config 
/mnt/hpccs01/home/n11585382/EUAPGM7346/UMP/Codebase/3DGS-Water-Approaches/Physics/seasplat-master/output/Tokai/...
Performing train/eval split...
Traceback (most recent call last):
  File "/mnt/hpccs01/home/n11585382/EUAPGM7346/UMP/Codebase/3DGS-Water-Approaches/Additional/SuGaR-main/train.py", line 133, in <module>
    coarse_sugar_path = coarse_training_with_density_regularization_and_dn_consistency(coarse_args)
  File "/mnt/hpccs01/home/n11585382/EUAPGM7346/UMP/Codebase/3DGS-Water-Approaches/Additional/SuGaR-main/sugar_trainers/coarse_density_and_dn_consistency.py", line 377, in coarse_training_with_density_regularization_and_dn_consistency
    nerfmodel = GaussianSplattingWrapper(
  File "/mnt/hpccs01/home/n11585382/EUAPGM7346/UMP/Codebase/3DGS-Water-Approaches/Additional/SuGaR-main/sugar_scene/gs_model.py", line 132, in __init__
    cam_list = load_gs_cameras(
  File "/mnt/hpccs01/home/n11585382/EUAPGM7346/UMP/Codebase/3DGS-Water-Approaches/Additional/SuGaR-main/sugar_scene/cameras.py", line 34, in load_gs_cameras
    with open(gs_output_path + 'cameras.json') as f:
FileNotFoundError: [Errno 2] No such file or directory: '/mnt/hpccs01/home/n11585382/EUAPGM7346/UMP/Codebase/3DGS-Water-Approaches/Physics/seasplat-master/output/Tokai/cameras.json'
[INFO] Exported textured mesh: /mnt/hpccs01/home/n11585382/EUAPGM7346/UMP/Dataset/Submerged3D/Tokai/output/refined_mesh/Tokai.obj with export_obj=True
[INFO] --- Stage 6: Benchmarking & Metrics Evaluation (eval) (sugar) ---
[INFO] SuGaR mesh evaluation completed with OBJ export.
[SUCCESS] Pipeline execution completed for model: sugar
[SUCCESS] Execution completed successfully for model=sugar, scene=Tokai (Duration: 8s).
[INFO] Post-run GPU Memory: 0, 81559 MiB (used, total)
[INFO] Starting fault-tolerant execution for model=oscd, scene=oscd
[INFO] Storage check: 1101510 GB available on filesystem.

======================================================================
 Pipeline Execution: Model=oscd | Stage=all | Scene=oscd
======================================================================
[INFO] Selected model: oscd
[INFO] Selected stage: all
[INFO] Target dataset: /mnt/hpccs01/home/n11585382/EUAPGM7346/UMP/Dataset/Custom_OSCD_Dataset
[INFO] Target scene path: /mnt/hpccs01/home/n11585382/EUAPGM7346/UMP/Dataset/Custom_OSCD_Dataset
[INFO] --- Stage 1: Data Preparation & Download ---
[INFO] --- Stage 2: COLMAP Sparse Reconstruction (colmap) ---
[INFO] COLMAP undistortion for OSCD 'reference_scene':
[INFO] Executing in [Env: colmap_runner] [CWD: /mnt/hpccs01/home/n11585382/EUAPGM7346/UMP/Codebase/Tools/gaussian-splatting-main]:
[INFO]   python convert.py -s /mnt/hpccs01/home/n11585382/EUAPGM7346/UMP/Dataset/Custom_OSCD_Dataset/reference_scene
colmap: error while loading shared libraries: libOpenImageIO.so.3.1: cannot open shared object file: No such file or directory
ERROR:root:Feature extraction failed with code 32512. Exiting.
[INFO] COLMAP undistortion for OSCD 'inference_scene':
[INFO] Executing in [Env: colmap_runner] [CWD: /mnt/hpccs01/home/n11585382/EUAPGM7346/UMP/Codebase/Tools/gaussian-splatting-main]:
[INFO]   python convert.py -s /mnt/hpccs01/home/n11585382/EUAPGM7346/UMP/Dataset/Custom_OSCD_Dataset/inference_scene
colmap: error while loading shared libraries: libOpenImageIO.so.3.1: cannot open shared object file: No such file or directory
ERROR:root:Feature extraction failed with code 32512. Exiting.
[INFO] --- Stage 3: Depth Map Generation & Inversion (depth) ---
[INFO] --- Stage 4: Model Training (train) (oscd) ---
[INFO] Step 1: Baseline reference 3DGS reconstruction (30k iterations checkpoint: reference_reconstruction/point_cloud/iteration_30000/point_cloud.ply):
[INFO] Executing in [Env: 3dgs] [CWD: /mnt/hpccs01/home/n11585382/EUAPGM7346/UMP/Codebase/Tools/gaussian-splatting-main]:
[INFO]   python train.py -s /mnt/hpccs01/home/n11585382/EUAPGM7346/UMP/Dataset/Custom_OSCD_Dataset/reference_scene -m /mnt/hpccs01/home/n11585382/EUAPGM7346/UMP/Codebase/3DGS-Change-Detection/O-SCD-main/output/Custom_OSCD_Dataset/reference_reconstruction
Optimizing /mnt/hpccs01/home/n11585382/EUAPGM7346/UMP/Codebase/3DGS-Change-Detection/O-SCD-main/output/Custom_OSCD_Dataset/reference_reconstruction
Output folder: /mnt/hpccs01/home/n11585382/EUAPGM7346/UMP/Codebase/3DGS-Change-Detection/O-SCD-main/output/Custom_OSCD_Dataset/reference_reconstruction [30/09 22:41:08]
Tensorboard not available: not logging progress [30/09 22:41:08]
Traceback (most recent call last):
  File "/mnt/hpccs01/home/n11585382/EUAPGM7346/UMP/Codebase/Tools/gaussian-splatting-main/train.py", line 282, in <module>
    training(lp.extract(args), op.extract(args), pp.extract(args), args.test_iterations, args.save_iterations, args.checkpoint_iterations, args.start_checkpoint, args.debug_from)
  File "/mnt/hpccs01/home/n11585382/EUAPGM7346/UMP/Codebase/Tools/gaussian-splatting-main/train.py", line 51, in training
    scene = Scene(dataset, gaussians)
  File "/mnt/hpccs01/home/n11585382/EUAPGM7346/UMP/Codebase/Tools/gaussian-splatting-main/scene/__init__.py", line 49, in __init__
    assert False, "Could not recognize scene type!"
AssertionError: Could not recognize scene type!
[ERROR] Execution failed for model=oscd, scene=oscd with exit code 1 (Duration: 1m 7s).
[WARN] Recording failure and continuing to the next execution...
[INFO] Post-run GPU Memory: 0, 81559 MiB (used, total)

======================================================================
 All 8 Models Sequential Execution Finished
======================================================================

======================================================================
 Pipeline Execution Summary Report
======================================================================
--------------------------------------------------------------------------------
Model              Scene            Status                   Duration    
--------------------------------------------------------------------------------
seasplat           Kwaj             FAILED (code 1)          7m 32s      
seasplat           Tokai            FAILED (code 1)          17s         
3d-uir             Kwaj             FAILED (code 1)          34s         
3d-uir             Tokai            FAILED (code 1)          1s          
gaussiansplashing  Kwaj             FAILED (code 1)          4m 23s      
gaussiansplashing  Tokai            FAILED (code 1)          9s          
watersplatting     Kwaj             FAILED (code 1)          4m 4s       
watersplatting     Tokai            FAILED (code 1)          8s          
rusplatting        Kwaj             FAILED (code 1)          2m 12s      
rusplatting        Tokai            FAILED (code 1)          16s         
uw-gs              Kwaj             FAILED (code 1)          1m 21s      
uw-gs              Tokai            FAILED (code 1)          3s          
sugar              Kwaj             SUCCESS                  2m 56s      
sugar              Tokai            SUCCESS                  8s          
oscd               oscd             FAILED (code 1)          1m 7s       
--------------------------------------------------------------------------------
[INFO] Total Executions: 15 | Succeeded: 2 | Failed: 13
[WARN] 13 execution(s) recorded errors. Review detailed logs in '/mnt/hpccs01/home/n11585382/EUAPGM7346/UMP/pipeline_errors.log'.
======================================================================
 Pipeline Automation Suite Terminated with Errors (Exit Code: 1)
 Check pipeline_errors.log and run_pipeline_complete.log for details.
======================================================================
