Loading Anaconda3 and CUDA modules...
Loaded CUDA/12.4.0
CUDA_HOME set to: /mnt/weka/pkg/rhel94/GenuineIntel-6/software/CUDA/12.4.0
Conda environment 'global_tools' is already present. Ensuring openimageio is installed...
Channels:
 - conda-forge
 - defaults
Platform: linux-64
Collecting package metadata (repodata.json): ...working... done
Solving environment: ...working... done

# All requested packages already installed.

Provisioning Environments...
======================================================================
 Provisioning Conda Environment: colmap_runner
======================================================================
[INFO] 3DGS & OSCD Automation Setup Script Initialized
[INFO] Repository root: /mnt/hpccs01/home/n11585382/EUAPGM7346/UMP

======================================================================
 Provisioning Conda Environment: colmap_runner (Python 3.9)
======================================================================
[INFO] Recreating Conda environment 'colmap_runner' (requested python=3.9, existing python=3.11)...
[INFO] Running: conda env remove -n colmap_runner -y

Remove all packages in environment /home/n11585382/.conda/envs/colmap_runner:

[INFO] Creating fresh Conda environment 'colmap_runner'...
[INFO] Running: conda create -n colmap_runner python=3.9 -y
Channels:
 - defaults
Platform: linux-64
Collecting package metadata (repodata.json): ...working... done
Solving environment: ...working... done

## Package Plan ##

  environment location: /home/n11585382/.conda/envs/colmap_runner

  added / updated specs:
    - python=3.9


The following NEW packages will be INSTALLED:

  _libgcc_mutex      pkgs/main/linux-64::_libgcc_mutex-0.1-main 
  _openmp_mutex      pkgs/main/linux-64::_openmp_mutex-5.1-52_gnu 
  bzip2              pkgs/main/linux-64::bzip2-1.0.8-h5eee18b_6 
  ca-certificates    pkgs/main/linux-64::ca-certificates-2026.9.25-h06a4308_0 
  expat              pkgs/main/linux-64::expat-2.8.5-h7354ed3_1 
  ld_impl_linux-64   pkgs/main/linux-64::ld_impl_linux-64-2.44-h9e0c5a2_3 
  libexpat           pkgs/main/linux-64::libexpat-2.8.5-h7354ed3_1 
  libffi             pkgs/main/linux-64::libffi-3.4.8-h06d3fd0_3 
  libgcc             pkgs/main/linux-64::libgcc-15.2.0-h69a1729_8 
  libgcc-ng          pkgs/main/linux-64::libgcc-ng-15.2.0-h166f726_8 
  libnsl             pkgs/main/linux-64::libnsl-2.0.0-h5eee18b_0 
  libstdcxx          pkgs/main/linux-64::libstdcxx-15.2.0-h39759b7_8 
  libuuid            pkgs/main/linux-64::libuuid-1.41.5-h5eee18b_0 
  libxcb             pkgs/main/linux-64::libxcb-1.17.0-h9b100fa_0 
  libzlib            pkgs/main/linux-64::libzlib-1.3.2-h47b2149_0 
  ncurses            pkgs/main/linux-64::ncurses-6.6-hfaaeb4e_0 
  openssl            pkgs/main/linux-64::openssl-3.5.9-h1b28b03_0 
  pip                pkgs/main/noarch::pip-26.0.1-pyhc872135_1 
  pthread-stubs      pkgs/main/linux-64::pthread-stubs-0.3-h47b2149_2 
  python             pkgs/main/linux-64::python-3.9.25-h0dcde21_1 
  readline           pkgs/main/linux-64::readline-8.3-hc2a1206_0 
  setuptools         pkgs/main/linux-64::setuptools-80.9.0-py39h06a4308_0 
  sqlite             pkgs/main/linux-64::sqlite-3.53.4-h795bf6d_0 
  tk                 pkgs/main/linux-64::tk-8.6.15-h54e0aa7_0 
  tzdata             pkgs/main/noarch::tzdata-2026c-he532380_0 
  wheel              pkgs/main/linux-64::wheel-0.45.1-py39h06a4308_0 
  xorg-libx11        pkgs/main/linux-64::xorg-libx11-1.8.13-h65de747_0 
  xorg-libxau        pkgs/main/linux-64::xorg-libxau-1.0.12-h9b100fa_0 
  xorg-libxdmcp      pkgs/main/linux-64::xorg-libxdmcp-1.1.5-h9b100fa_0 
  xorg-xorgproto     pkgs/main/linux-64::xorg-xorgproto-2025.1-h47b2149_0 
  xz                 pkgs/main/linux-64::xz-5.8.4-h140a991_0 
  zlib               pkgs/main/linux-64::zlib-1.3.2-h47b2149_0 



Downloading and Extracting Packages: ...working... done
Preparing transaction: ...working... done
Verifying transaction: ...working... done
Executing transaction: ...working... done
#
# To activate this environment, use
#
#     $ conda activate colmap_runner
#
# To deactivate an active environment, use
#
#     $ conda deactivate

[INFO] Active environment: colmap_runner
[INFO] Running: pip install --upgrade pip
Requirement already satisfied: pip in /mnt/hpccs01/home/n11585382/.conda/envs/colmap_runner/lib/python3.9/site-packages (26.0.1)
[INFO] Running: pip install tqdm numpy
Collecting tqdm
  Using cached tqdm-4.70.1-py3-none-any.whl.metadata (57 kB)
Collecting numpy
  Using cached numpy-2.0.2-cp39-cp39-manylinux_2_17_x86_64.manylinux2014_x86_64.whl.metadata (60 kB)
Using cached tqdm-4.70.1-py3-none-any.whl (80 kB)
Using cached numpy-2.0.2-cp39-cp39-manylinux_2_17_x86_64.manylinux2014_x86_64.whl (19.5 MB)
Installing collected packages: tqdm, numpy

Successfully installed numpy-2.0.2 tqdm-4.70.1
[SUCCESS] Environment 'colmap_runner' successfully provisioned.

======================================================================
 Setup Execution Completed Successfully
======================================================================
======================================================================
 Provisioning Conda Environment: depth_anything
======================================================================
[INFO] 3DGS & OSCD Automation Setup Script Initialized
[INFO] Repository root: /mnt/hpccs01/home/n11585382/EUAPGM7346/UMP

======================================================================
 Provisioning Conda Environment: depth_anything (Python 3.10)
======================================================================
[INFO] Recreating Conda environment 'depth_anything' (requested python=3.10, existing python=3.11)...
[INFO] Running: conda env remove -n depth_anything -y

Remove all packages in environment /home/n11585382/.conda/envs/depth_anything:

[INFO] Creating fresh Conda environment 'depth_anything'...
[INFO] Running: conda create -n depth_anything python=3.10 -y
Channels:
 - defaults
Platform: linux-64
Collecting package metadata (repodata.json): ...working... done
Solving environment: ...working... done

## Package Plan ##

  environment location: /home/n11585382/.conda/envs/depth_anything

  added / updated specs:
    - python=3.10


The following NEW packages will be INSTALLED:

  _libgcc_mutex      pkgs/main/linux-64::_libgcc_mutex-0.1-main 
  _openmp_mutex      pkgs/main/linux-64::_openmp_mutex-5.1-52_gnu 
  bzip2              pkgs/main/linux-64::bzip2-1.0.8-h5eee18b_6 
  ca-certificates    pkgs/main/linux-64::ca-certificates-2026.9.25-h06a4308_0 
  ld_impl_linux-64   pkgs/main/linux-64::ld_impl_linux-64-2.44-h9e0c5a2_3 
  libexpat           pkgs/main/linux-64::libexpat-2.8.5-h7354ed3_1 
  libffi             pkgs/main/linux-64::libffi-3.4.8-h06d3fd0_3 
  libgcc             pkgs/main/linux-64::libgcc-15.2.0-h69a1729_8 
  libgcc-ng          pkgs/main/linux-64::libgcc-ng-15.2.0-h166f726_8 
  libnsl             pkgs/main/linux-64::libnsl-2.0.0-h5eee18b_0 
  libstdcxx          pkgs/main/linux-64::libstdcxx-15.2.0-h39759b7_8 
  libuuid            pkgs/main/linux-64::libuuid-1.41.5-h5eee18b_0 
  libxcb             pkgs/main/linux-64::libxcb-1.17.0-h9b100fa_0 
  libzlib            pkgs/main/linux-64::libzlib-1.3.2-h47b2149_0 
  ncurses            pkgs/main/linux-64::ncurses-6.6-hfaaeb4e_0 
  openssl            pkgs/main/linux-64::openssl-3.5.9-h1b28b03_0 
  packaging          pkgs/main/linux-64::packaging-26.3-py310h06a4308_0 
  pip                pkgs/main/noarch::pip-26.2.1-pyhc872135_0 
  pthread-stubs      pkgs/main/linux-64::pthread-stubs-0.3-h47b2149_2 
  python             pkgs/main/linux-64::python-3.10.22-hd9cb797_0 
  readline           pkgs/main/linux-64::readline-8.3-hc2a1206_0 
  setuptools         pkgs/main/linux-64::setuptools-83.0.0-py310h06a4308_0 
  sqlite             pkgs/main/linux-64::sqlite-3.53.4-h795bf6d_0 
  tk                 pkgs/main/linux-64::tk-8.6.15-h54e0aa7_0 
  tzdata             pkgs/main/noarch::tzdata-2026c-he532380_0 
  wheel              pkgs/main/linux-64::wheel-0.47.0-py310h06a4308_0 
  xorg-libx11        pkgs/main/linux-64::xorg-libx11-1.8.13-h65de747_0 
  xorg-libxau        pkgs/main/linux-64::xorg-libxau-1.0.12-h9b100fa_0 
  xorg-libxdmcp      pkgs/main/linux-64::xorg-libxdmcp-1.1.5-h9b100fa_0 
  xorg-xorgproto     pkgs/main/linux-64::xorg-xorgproto-2025.1-h47b2149_0 
  xz                 pkgs/main/linux-64::xz-5.8.4-h140a991_0 
  zlib               pkgs/main/linux-64::zlib-1.3.2-h47b2149_0 



Downloading and Extracting Packages: ...working... done
Preparing transaction: ...working... done
Verifying transaction: ...working... done
Executing transaction: ...working... done
#
# To activate this environment, use
#
#     $ conda activate depth_anything
#
# To deactivate an active environment, use
#
#     $ conda deactivate

[INFO] Active environment: depth_anything
[INFO] Running: pip install --upgrade pip
Requirement already satisfied: pip in /mnt/hpccs01/home/n11585382/.conda/envs/depth_anything/lib/python3.10/site-packages (26.2.1)
[INFO] Running: pip install torch torchvision --index-url https://download.pytorch.org/whl/cu121
Looking in indexes: https://download.pytorch.org/whl/cu121
Collecting torch
  Using cached torch-2.5.1%2Bcu121-cp310-cp310-linux_x86_64.whl (780.4 MB)
Collecting torchvision
  Using cached torchvision-0.20.1%2Bcu121-cp310-cp310-linux_x86_64.whl (7.3 MB)
Collecting filelock (from torch)
  Using cached filelock-3.32.3-py3-none-any.whl.metadata (2.0 kB)
Collecting typing-extensions>=4.8.0 (from torch)
  Using cached typing_extensions-4.16.0-py3-none-any.whl.metadata (3.3 kB)
Collecting networkx (from torch)
  Using cached networkx-3.4.2-py3-none-any.whl.metadata (6.3 kB)
Collecting jinja2 (from torch)
  Using cached jinja2-3.1.6-py3-none-any.whl.metadata (2.9 kB)
Collecting fsspec (from torch)
  Using cached fsspec-2026.7.0-py3-none-any.whl.metadata (10 kB)
Collecting nvidia-cuda-nvrtc-cu12==12.1.105 (from torch)
  Downloading nvidia_cuda_nvrtc_cu12-12.1.105-py3-none-manylinux1_x86_64.whl (23.7 MB)
     ━━━━━━━━━━━━━━━━━━━━━━━━━━━━━━━━━━━━━━━━ 23.7/23.7 MB 6.0 MB/s  0:00:03
Collecting nvidia-cuda-runtime-cu12==12.1.105 (from torch)
  Downloading nvidia_cuda_runtime_cu12-12.1.105-py3-none-manylinux1_x86_64.whl (823 kB)
     ━━━━━━━━━━━━━━━━━━━━━━━━━━━━━━━━━━━━━━━━ 823.6/823.6 kB 217.3 MB/s  0:00:00
Collecting nvidia-cuda-cupti-cu12==12.1.105 (from torch)
  Downloading nvidia_cuda_cupti_cu12-12.1.105-py3-none-manylinux1_x86_64.whl (14.1 MB)
     ━━━━━━━━━━━━━━━━━━━━━━━━━━━━━━━━━━━━━━━━ 14.1/14.1 MB 12.3 MB/s  0:00:01
Collecting nvidia-cudnn-cu12==9.1.0.70 (from torch)
  Using cached nvidia_cudnn_cu12-9.1.0.70-py3-none-manylinux2014_x86_64.whl (664.8 MB)
Collecting nvidia-cublas-cu12==12.1.3.1 (from torch)
  Downloading nvidia_cublas_cu12-12.1.3.1-py3-none-manylinux1_x86_64.whl (410.6 MB)
     ━━━━━━━━━━━━━━━━━━━━━━━━━━━━━━━━━━━━━━━━ 410.6/410.6 MB 67.7 MB/s  0:00:07
Collecting nvidia-cufft-cu12==11.0.2.54 (from torch)
  Downloading nvidia_cufft_cu12-11.0.2.54-py3-none-manylinux1_x86_64.whl (121.6 MB)
     ━━━━━━━━━━━━━━━━━━━━━━━━━━━━━━━━━━━━━━━━ 121.6/121.6 MB 35.1 MB/s  0:00:03
Collecting nvidia-curand-cu12==10.3.2.106 (from torch)
  Downloading nvidia_curand_cu12-10.3.2.106-py3-none-manylinux1_x86_64.whl (56.5 MB)
     ━━━━━━━━━━━━━━━━━━━━━━━━━━━━━━━━━━━━━━━━ 56.5/56.5 MB 21.2 MB/s  0:00:02
Collecting nvidia-cusolver-cu12==11.4.5.107 (from torch)
  Downloading nvidia_cusolver_cu12-11.4.5.107-py3-none-manylinux1_x86_64.whl (124.2 MB)
     ━━━━━━━━━━━━━━━━━━━━━━━━━━━━━━━━━━━━━━━━ 124.2/124.2 MB 29.7 MB/s  0:00:04
Collecting nvidia-cusparse-cu12==12.1.0.106 (from torch)
  Downloading nvidia_cusparse_cu12-12.1.0.106-py3-none-manylinux1_x86_64.whl (196.0 MB)
     ━━━━━━━━━━━━━━━━━━━━━━━━━━━━━━━━━━━━━━━━ 196.0/196.0 MB 37.9 MB/s  0:00:05
Collecting nvidia-nccl-cu12==2.21.5 (from torch)
  Downloading nvidia_nccl_cu12-2.21.5-py3-none-manylinux2014_x86_64.whl (188.7 MB)
     ━━━━━━━━━━━━━━━━━━━━━━━━━━━━━━━━━━━━━━━━ 188.7/188.7 MB 36.2 MB/s  0:00:05
Collecting nvidia-nvtx-cu12==12.1.105 (from torch)
  Downloading nvidia_nvtx_cu12-12.1.105-py3-none-manylinux1_x86_64.whl (99 kB)
Collecting triton==3.1.0 (from torch)
  Using cached triton-3.1.0-cp310-cp310-manylinux_2_17_x86_64.manylinux2014_x86_64.whl (209.5 MB)
Collecting sympy==1.13.1 (from torch)
  Using cached sympy-1.13.1-py3-none-any.whl.metadata (12 kB)
Collecting nvidia-nvjitlink-cu12 (from nvidia-cusolver-cu12==11.4.5.107->torch)
  Downloading nvidia_nvjitlink_cu12-12.9.86-py3-none-manylinux2010_x86_64.manylinux_2_12_x86_64.whl (39.7 MB)
     ━━━━━━━━━━━━━━━━━━━━━━━━━━━━━━━━━━━━━━━━ 39.7/39.7 MB 14.5 MB/s  0:00:02
Collecting mpmath<1.4,>=1.1.0 (from sympy==1.13.1->torch)
  Using cached mpmath-1.3.0-py3-none-any.whl.metadata (8.6 kB)
Collecting numpy (from torchvision)
  Using cached numpy-2.2.6-cp310-cp310-manylinux_2_17_x86_64.manylinux2014_x86_64.whl.metadata (62 kB)
Collecting pillow!=8.3.*,>=5.3.0 (from torchvision)
  Using cached pillow-12.3.0-cp310-cp310-manylinux_2_27_x86_64.manylinux_2_28_x86_64.whl.metadata (9.1 kB)
Collecting MarkupSafe>=2.0 (from jinja2->torch)
  Using cached markupsafe-3.0.3-cp310-cp310-manylinux2014_x86_64.manylinux_2_17_x86_64.manylinux_2_28_x86_64.whl.metadata (2.7 kB)
Using cached sympy-1.13.1-py3-none-any.whl (6.2 MB)
Using cached mpmath-1.3.0-py3-none-any.whl (536 kB)
Using cached pillow-12.3.0-cp310-cp310-manylinux_2_27_x86_64.manylinux_2_28_x86_64.whl (6.9 MB)
Using cached typing_extensions-4.16.0-py3-none-any.whl (45 kB)
Using cached filelock-3.32.3-py3-none-any.whl (98 kB)
Using cached fsspec-2026.7.0-py3-none-any.whl (206 kB)
Using cached jinja2-3.1.6-py3-none-any.whl (134 kB)
Using cached markupsafe-3.0.3-cp310-cp310-manylinux2014_x86_64.manylinux_2_17_x86_64.manylinux_2_28_x86_64.whl (20 kB)
Using cached networkx-3.4.2-py3-none-any.whl (1.7 MB)
Using cached numpy-2.2.6-cp310-cp310-manylinux_2_17_x86_64.manylinux2014_x86_64.whl (16.8 MB)
Installing collected packages: mpmath, typing-extensions, sympy, pillow, nvidia-nvtx-cu12, nvidia-nvjitlink-cu12, nvidia-nccl-cu12, nvidia-curand-cu12, nvidia-cufft-cu12, nvidia-cuda-runtime-cu12, nvidia-cuda-nvrtc-cu12, nvidia-cuda-cupti-cu12, nvidia-cublas-cu12, numpy, networkx, MarkupSafe, fsspec, filelock, triton, nvidia-cusparse-cu12, nvidia-cudnn-cu12, jinja2, nvidia-cusolver-cu12, torch, torchvision

Successfully installed MarkupSafe-3.0.3 filelock-3.32.3 fsspec-2026.7.0 jinja2-3.1.6 mpmath-1.3.0 networkx-3.4.2 numpy-2.2.6 nvidia-cublas-cu12-12.1.3.1 nvidia-cuda-cupti-cu12-12.1.105 nvidia-cuda-nvrtc-cu12-12.1.105 nvidia-cuda-runtime-cu12-12.1.105 nvidia-cudnn-cu12-9.1.0.70 nvidia-cufft-cu12-11.0.2.54 nvidia-curand-cu12-10.3.2.106 nvidia-cusolver-cu12-11.4.5.107 nvidia-cusparse-cu12-12.1.0.106 nvidia-nccl-cu12-2.21.5 nvidia-nvjitlink-cu12-12.9.86 nvidia-nvtx-cu12-12.1.105 pillow-12.3.0 sympy-1.13.1 torch-2.5.1+cu121 torchvision-0.20.1+cu121 triton-3.1.0 typing-extensions-4.16.0
[INFO] Running: pip install -r /mnt/hpccs01/home/n11585382/EUAPGM7346/UMP/Codebase/Tools/Depth-Anything-V2-main/requirements.txt
Collecting gradio_imageslider (from -r /mnt/hpccs01/home/n11585382/EUAPGM7346/UMP/Codebase/Tools/Depth-Anything-V2-main/requirements.txt (line 1))
  Using cached gradio_imageslider-0.0.20-py3-none-any.whl.metadata (10 kB)
Collecting gradio (from -r /mnt/hpccs01/home/n11585382/EUAPGM7346/UMP/Codebase/Tools/Depth-Anything-V2-main/requirements.txt (line 2))
  Using cached gradio-6.29.1-py3-none-any.whl.metadata (16 kB)
Collecting matplotlib (from -r /mnt/hpccs01/home/n11585382/EUAPGM7346/UMP/Codebase/Tools/Depth-Anything-V2-main/requirements.txt (line 3))
  Using cached matplotlib-3.10.9-cp310-cp310-manylinux2014_x86_64.manylinux_2_17_x86_64.whl.metadata (52 kB)
Collecting opencv-python (from -r /mnt/hpccs01/home/n11585382/EUAPGM7346/UMP/Codebase/Tools/Depth-Anything-V2-main/requirements.txt (line 4))
  Using cached opencv_python-5.0.0.93-cp37-abi3-manylinux_2_28_x86_64.whl.metadata (19 kB)
Requirement already satisfied: torch in /mnt/hpccs01/home/n11585382/.conda/envs/depth_anything/lib/python3.10/site-packages (from -r /mnt/hpccs01/home/n11585382/EUAPGM7346/UMP/Codebase/Tools/Depth-Anything-V2-main/requirements.txt (line 5)) (2.5.1+cu121)
Requirement already satisfied: torchvision in /mnt/hpccs01/home/n11585382/.conda/envs/depth_anything/lib/python3.10/site-packages (from -r /mnt/hpccs01/home/n11585382/EUAPGM7346/UMP/Codebase/Tools/Depth-Anything-V2-main/requirements.txt (line 6)) (0.20.1+cu121)
Requirement already satisfied: pillow in /mnt/hpccs01/home/n11585382/.conda/envs/depth_anything/lib/python3.10/site-packages (from gradio_imageslider->-r /mnt/hpccs01/home/n11585382/EUAPGM7346/UMP/Codebase/Tools/Depth-Anything-V2-main/requirements.txt (line 1)) (12.3.0)
Collecting anyio<5.0,>=3.0 (from gradio->-r /mnt/hpccs01/home/n11585382/EUAPGM7346/UMP/Codebase/Tools/Depth-Anything-V2-main/requirements.txt (line 2))
  Using cached anyio-4.15.1-py3-none-any.whl.metadata (4.7 kB)
Collecting brotli>=1.1.0 (from gradio->-r /mnt/hpccs01/home/n11585382/EUAPGM7346/UMP/Codebase/Tools/Depth-Anything-V2-main/requirements.txt (line 2))
  Using cached brotli-1.2.0-cp310-cp310-manylinux2014_x86_64.manylinux_2_17_x86_64.whl.metadata (6.1 kB)
Collecting fastapi<1.0,>=0.115.2 (from gradio->-r /mnt/hpccs01/home/n11585382/EUAPGM7346/UMP/Codebase/Tools/Depth-Anything-V2-main/requirements.txt (line 2))
  Using cached fastapi-0.142.2-py3-none-any.whl.metadata (27 kB)
Collecting gradio-client==2.7.2 (from gradio->-r /mnt/hpccs01/home/n11585382/EUAPGM7346/UMP/Codebase/Tools/Depth-Anything-V2-main/requirements.txt (line 2))
  Using cached gradio_client-2.7.2-py3-none-any.whl.metadata (7.1 kB)
Collecting groovy~=0.1 (from gradio->-r /mnt/hpccs01/home/n11585382/EUAPGM7346/UMP/Codebase/Tools/Depth-Anything-V2-main/requirements.txt (line 2))
  Using cached groovy-0.1.2-py3-none-any.whl.metadata (6.1 kB)
Collecting hf-gradio<1.0,>=0.4.1 (from gradio->-r /mnt/hpccs01/home/n11585382/EUAPGM7346/UMP/Codebase/Tools/Depth-Anything-V2-main/requirements.txt (line 2))
  Using cached hf_gradio-0.4.1-py3-none-any.whl.metadata (428 bytes)
Collecting httpx<1.0,>=0.24.1 (from gradio->-r /mnt/hpccs01/home/n11585382/EUAPGM7346/UMP/Codebase/Tools/Depth-Anything-V2-main/requirements.txt (line 2))
  Using cached httpx-0.28.1-py3-none-any.whl.metadata (7.1 kB)
Collecting huggingface-hub<3.0,>=1.16.0 (from gradio->-r /mnt/hpccs01/home/n11585382/EUAPGM7346/UMP/Codebase/Tools/Depth-Anything-V2-main/requirements.txt (line 2))
  Using cached huggingface_hub-2.1.1-py3-none-any.whl.metadata (16 kB)
Requirement already satisfied: jinja2<4.0 in /mnt/hpccs01/home/n11585382/.conda/envs/depth_anything/lib/python3.10/site-packages (from gradio->-r /mnt/hpccs01/home/n11585382/EUAPGM7346/UMP/Codebase/Tools/Depth-Anything-V2-main/requirements.txt (line 2)) (3.1.6)
Requirement already satisfied: markupsafe<4.0,>=2.0 in /mnt/hpccs01/home/n11585382/.conda/envs/depth_anything/lib/python3.10/site-packages (from gradio->-r /mnt/hpccs01/home/n11585382/EUAPGM7346/UMP/Codebase/Tools/Depth-Anything-V2-main/requirements.txt (line 2)) (3.0.3)
Requirement already satisfied: numpy<3.0,>=1.0 in /mnt/hpccs01/home/n11585382/.conda/envs/depth_anything/lib/python3.10/site-packages (from gradio->-r /mnt/hpccs01/home/n11585382/EUAPGM7346/UMP/Codebase/Tools/Depth-Anything-V2-main/requirements.txt (line 2)) (2.2.6)
Collecting orjson~=3.0 (from gradio->-r /mnt/hpccs01/home/n11585382/EUAPGM7346/UMP/Codebase/Tools/Depth-Anything-V2-main/requirements.txt (line 2))
  Using cached orjson-3.12.0-cp310-cp310-manylinux_2_17_x86_64.manylinux2014_x86_64.whl.metadata (41 kB)
Requirement already satisfied: packaging in /mnt/hpccs01/home/n11585382/.conda/envs/depth_anything/lib/python3.10/site-packages (from gradio->-r /mnt/hpccs01/home/n11585382/EUAPGM7346/UMP/Codebase/Tools/Depth-Anything-V2-main/requirements.txt (line 2)) (26.3)
Collecting pandas<4.0,>=1.0 (from gradio->-r /mnt/hpccs01/home/n11585382/EUAPGM7346/UMP/Codebase/Tools/Depth-Anything-V2-main/requirements.txt (line 2))
  Using cached pandas-2.3.3-cp310-cp310-manylinux_2_24_x86_64.manylinux_2_28_x86_64.whl.metadata (91 kB)
Collecting pydantic<=3.0,>=2.0 (from gradio->-r /mnt/hpccs01/home/n11585382/EUAPGM7346/UMP/Codebase/Tools/Depth-Anything-V2-main/requirements.txt (line 2))
  Using cached pydantic-2.13.5-py3-none-any.whl.metadata (110 kB)
Collecting pydub<1.0 (from gradio->-r /mnt/hpccs01/home/n11585382/EUAPGM7346/UMP/Codebase/Tools/Depth-Anything-V2-main/requirements.txt (line 2))
  Using cached pydub-0.25.1-py2.py3-none-any.whl.metadata (1.4 kB)
Collecting python-multipart<1.0,>=0.0.18 (from gradio->-r /mnt/hpccs01/home/n11585382/EUAPGM7346/UMP/Codebase/Tools/Depth-Anything-V2-main/requirements.txt (line 2))
  Using cached python_multipart-0.0.32-py3-none-any.whl.metadata (2.1 kB)
Collecting pytz>=2017.2 (from gradio->-r /mnt/hpccs01/home/n11585382/EUAPGM7346/UMP/Codebase/Tools/Depth-Anything-V2-main/requirements.txt (line 2))
  Using cached pytz-2026.5-py2.py3-none-any.whl.metadata (22 kB)
Collecting pyyaml<7.0,>=5.0 (from gradio->-r /mnt/hpccs01/home/n11585382/EUAPGM7346/UMP/Codebase/Tools/Depth-Anything-V2-main/requirements.txt (line 2))
  Using cached pyyaml-6.0.3-cp310-cp310-manylinux2014_x86_64.manylinux_2_17_x86_64.manylinux_2_28_x86_64.whl.metadata (2.4 kB)
Collecting safehttpx<0.2.0,>=0.1.7 (from gradio->-r /mnt/hpccs01/home/n11585382/EUAPGM7346/UMP/Codebase/Tools/Depth-Anything-V2-main/requirements.txt (line 2))
  Using cached safehttpx-0.1.7-py3-none-any.whl.metadata (4.2 kB)
Collecting semantic-version~=2.0 (from gradio->-r /mnt/hpccs01/home/n11585382/EUAPGM7346/UMP/Codebase/Tools/Depth-Anything-V2-main/requirements.txt (line 2))
  Using cached semantic_version-2.10.0-py2.py3-none-any.whl.metadata (9.7 kB)
Collecting starlette<2.0,>=1.0.1 (from gradio->-r /mnt/hpccs01/home/n11585382/EUAPGM7346/UMP/Codebase/Tools/Depth-Anything-V2-main/requirements.txt (line 2))
  Using cached starlette-1.7.0-py3-none-any.whl.metadata (6.6 kB)
Collecting tomlkit<0.15.0,>=0.12.0 (from gradio->-r /mnt/hpccs01/home/n11585382/EUAPGM7346/UMP/Codebase/Tools/Depth-Anything-V2-main/requirements.txt (line 2))
  Using cached tomlkit-0.14.0-py3-none-any.whl.metadata (2.8 kB)
Collecting typer<1.0,>=0.12 (from gradio->-r /mnt/hpccs01/home/n11585382/EUAPGM7346/UMP/Codebase/Tools/Depth-Anything-V2-main/requirements.txt (line 2))
  Using cached typer-0.27.2-py3-none-any.whl.metadata (16 kB)
Requirement already satisfied: typing-extensions~=4.0 in /mnt/hpccs01/home/n11585382/.conda/envs/depth_anything/lib/python3.10/site-packages (from gradio->-r /mnt/hpccs01/home/n11585382/EUAPGM7346/UMP/Codebase/Tools/Depth-Anything-V2-main/requirements.txt (line 2)) (4.16.0)
Collecting uvicorn>=0.14.0 (from gradio->-r /mnt/hpccs01/home/n11585382/EUAPGM7346/UMP/Codebase/Tools/Depth-Anything-V2-main/requirements.txt (line 2))
  Using cached uvicorn-0.54.0-py3-none-any.whl.metadata (6.6 kB)
Requirement already satisfied: fsspec in /mnt/hpccs01/home/n11585382/.conda/envs/depth_anything/lib/python3.10/site-packages (from gradio-client==2.7.2->gradio->-r /mnt/hpccs01/home/n11585382/EUAPGM7346/UMP/Codebase/Tools/Depth-Anything-V2-main/requirements.txt (line 2)) (2026.7.0)
Collecting exceptiongroup>=1.0.2 (from anyio<5.0,>=3.0->gradio->-r /mnt/hpccs01/home/n11585382/EUAPGM7346/UMP/Codebase/Tools/Depth-Anything-V2-main/requirements.txt (line 2))
  Using cached exceptiongroup-1.3.1-py3-none-any.whl.metadata (6.7 kB)
Collecting idna>=2.8 (from anyio<5.0,>=3.0->gradio->-r /mnt/hpccs01/home/n11585382/EUAPGM7346/UMP/Codebase/Tools/Depth-Anything-V2-main/requirements.txt (line 2))
  Using cached idna-3.20-py3-none-any.whl.metadata (7.2 kB)
Collecting typing-inspection>=0.4.2 (from fastapi<1.0,>=0.115.2->gradio->-r /mnt/hpccs01/home/n11585382/EUAPGM7346/UMP/Codebase/Tools/Depth-Anything-V2-main/requirements.txt (line 2))
  Using cached typing_inspection-0.4.4-py3-none-any.whl.metadata (2.6 kB)
Collecting annotated-doc>=0.0.2 (from fastapi<1.0,>=0.115.2->gradio->-r /mnt/hpccs01/home/n11585382/EUAPGM7346/UMP/Codebase/Tools/Depth-Anything-V2-main/requirements.txt (line 2))
  Using cached annotated_doc-0.0.5-py3-none-any.whl.metadata (6.5 kB)
Collecting opentelemetry-api>=1.44.0 (from fastapi<1.0,>=0.115.2->gradio->-r /mnt/hpccs01/home/n11585382/EUAPGM7346/UMP/Codebase/Tools/Depth-Anything-V2-main/requirements.txt (line 2))
  Using cached opentelemetry_api-1.45.0-py3-none-any.whl.metadata (1.4 kB)
Collecting certifi (from httpx<1.0,>=0.24.1->gradio->-r /mnt/hpccs01/home/n11585382/EUAPGM7346/UMP/Codebase/Tools/Depth-Anything-V2-main/requirements.txt (line 2))
  Using cached certifi-2026.7.22-py3-none-any.whl.metadata (2.5 kB)
Collecting httpcore==1.* (from httpx<1.0,>=0.24.1->gradio->-r /mnt/hpccs01/home/n11585382/EUAPGM7346/UMP/Codebase/Tools/Depth-Anything-V2-main/requirements.txt (line 2))
  Using cached httpcore-1.0.9-py3-none-any.whl.metadata (21 kB)
Collecting h11>=0.16 (from httpcore==1.*->httpx<1.0,>=0.24.1->gradio->-r /mnt/hpccs01/home/n11585382/EUAPGM7346/UMP/Codebase/Tools/Depth-Anything-V2-main/requirements.txt (line 2))
  Using cached h11-0.16.0-py3-none-any.whl.metadata (8.3 kB)
Collecting click<9.0.0,>=8.4.2 (from huggingface-hub<3.0,>=1.16.0->gradio->-r /mnt/hpccs01/home/n11585382/EUAPGM7346/UMP/Codebase/Tools/Depth-Anything-V2-main/requirements.txt (line 2))
  Using cached click-8.5.0-py3-none-any.whl.metadata (2.6 kB)
Requirement already satisfied: filelock>=3.10.0 in /mnt/hpccs01/home/n11585382/.conda/envs/depth_anything/lib/python3.10/site-packages (from huggingface-hub<3.0,>=1.16.0->gradio->-r /mnt/hpccs01/home/n11585382/EUAPGM7346/UMP/Codebase/Tools/Depth-Anything-V2-main/requirements.txt (line 2)) (3.32.3)
Collecting hf-xet<2.0.0,>=1.6.0 (from huggingface-hub<3.0,>=1.16.0->gradio->-r /mnt/hpccs01/home/n11585382/EUAPGM7346/UMP/Codebase/Tools/Depth-Anything-V2-main/requirements.txt (line 2))
  Using cached hf_xet-1.6.0-cp38-abi3-manylinux2014_x86_64.manylinux_2_17_x86_64.whl.metadata (4.9 kB)
Collecting httpx2<3,>=2.0.0 (from huggingface-hub<3.0,>=1.16.0->gradio->-r /mnt/hpccs01/home/n11585382/EUAPGM7346/UMP/Codebase/Tools/Depth-Anything-V2-main/requirements.txt (line 2))
  Using cached httpx2-2.13.1-py3-none-any.whl.metadata (9.8 kB)
Collecting tomli>=1.1.0 (from huggingface-hub<3.0,>=1.16.0->gradio->-r /mnt/hpccs01/home/n11585382/EUAPGM7346/UMP/Codebase/Tools/Depth-Anything-V2-main/requirements.txt (line 2))
  Using cached tomli-2.4.1-py3-none-any.whl.metadata (10 kB)
Collecting tqdm>=4.42.1 (from huggingface-hub<3.0,>=1.16.0->gradio->-r /mnt/hpccs01/home/n11585382/EUAPGM7346/UMP/Codebase/Tools/Depth-Anything-V2-main/requirements.txt (line 2))
  Using cached tqdm-4.70.1-py3-none-any.whl.metadata (57 kB)
Collecting httpcore2==2.13.1 (from httpx2<3,>=2.0.0->huggingface-hub<3.0,>=1.16.0->gradio->-r /mnt/hpccs01/home/n11585382/EUAPGM7346/UMP/Codebase/Tools/Depth-Anything-V2-main/requirements.txt (line 2))
  Using cached httpcore2-2.13.1-py3-none-any.whl.metadata (26 kB)
Collecting truststore>=0.10 (from httpx2<3,>=2.0.0->huggingface-hub<3.0,>=1.16.0->gradio->-r /mnt/hpccs01/home/n11585382/EUAPGM7346/UMP/Codebase/Tools/Depth-Anything-V2-main/requirements.txt (line 2))
  Using cached truststore-0.10.4-py3-none-any.whl.metadata (4.4 kB)
Collecting python-dateutil>=2.8.2 (from pandas<4.0,>=1.0->gradio->-r /mnt/hpccs01/home/n11585382/EUAPGM7346/UMP/Codebase/Tools/Depth-Anything-V2-main/requirements.txt (line 2))
  Using cached python_dateutil-2.9.0.post0-py2.py3-none-any.whl.metadata (8.4 kB)
Collecting tzdata>=2022.7 (from pandas<4.0,>=1.0->gradio->-r /mnt/hpccs01/home/n11585382/EUAPGM7346/UMP/Codebase/Tools/Depth-Anything-V2-main/requirements.txt (line 2))
  Using cached tzdata-2026.5-py2.py3-none-any.whl.metadata (1.4 kB)
Collecting annotated-types>=0.6.0 (from pydantic<=3.0,>=2.0->gradio->-r /mnt/hpccs01/home/n11585382/EUAPGM7346/UMP/Codebase/Tools/Depth-Anything-V2-main/requirements.txt (line 2))
  Using cached annotated_types-0.8.0-py3-none-any.whl.metadata (15 kB)
Collecting pydantic-core==2.46.5 (from pydantic<=3.0,>=2.0->gradio->-r /mnt/hpccs01/home/n11585382/EUAPGM7346/UMP/Codebase/Tools/Depth-Anything-V2-main/requirements.txt (line 2))
  Using cached pydantic_core-2.46.5-cp310-cp310-manylinux_2_17_x86_64.manylinux2014_x86_64.whl.metadata (6.6 kB)
Collecting shellingham>=1.3.0 (from typer<1.0,>=0.12->gradio->-r /mnt/hpccs01/home/n11585382/EUAPGM7346/UMP/Codebase/Tools/Depth-Anything-V2-main/requirements.txt (line 2))
  Using cached shellingham-1.5.4-py2.py3-none-any.whl.metadata (3.5 kB)
Collecting rich>=13.8.0 (from typer<1.0,>=0.12->gradio->-r /mnt/hpccs01/home/n11585382/EUAPGM7346/UMP/Codebase/Tools/Depth-Anything-V2-main/requirements.txt (line 2))
  Using cached rich-15.0.0-py3-none-any.whl.metadata (18 kB)
Collecting contourpy>=1.0.1 (from matplotlib->-r /mnt/hpccs01/home/n11585382/EUAPGM7346/UMP/Codebase/Tools/Depth-Anything-V2-main/requirements.txt (line 3))
  Using cached contourpy-1.3.2-cp310-cp310-manylinux_2_17_x86_64.manylinux2014_x86_64.whl.metadata (5.5 kB)
Collecting cycler>=0.10 (from matplotlib->-r /mnt/hpccs01/home/n11585382/EUAPGM7346/UMP/Codebase/Tools/Depth-Anything-V2-main/requirements.txt (line 3))
  Using cached cycler-0.12.1-py3-none-any.whl.metadata (3.8 kB)
Collecting fonttools>=4.22.0 (from matplotlib->-r /mnt/hpccs01/home/n11585382/EUAPGM7346/UMP/Codebase/Tools/Depth-Anything-V2-main/requirements.txt (line 3))
  Using cached fonttools-4.65.0-cp310-cp310-manylinux2014_x86_64.manylinux_2_17_x86_64.whl.metadata (125 kB)
Collecting kiwisolver>=1.3.1 (from matplotlib->-r /mnt/hpccs01/home/n11585382/EUAPGM7346/UMP/Codebase/Tools/Depth-Anything-V2-main/requirements.txt (line 3))
  Using cached kiwisolver-1.5.1-cp310-cp310-manylinux_2_12_x86_64.manylinux2010_x86_64.whl.metadata (5.2 kB)
Collecting pyparsing>=3 (from matplotlib->-r /mnt/hpccs01/home/n11585382/EUAPGM7346/UMP/Codebase/Tools/Depth-Anything-V2-main/requirements.txt (line 3))
  Using cached pyparsing-3.3.3-py3-none-any.whl.metadata (5.9 kB)
Requirement already satisfied: networkx in /mnt/hpccs01/home/n11585382/.conda/envs/depth_anything/lib/python3.10/site-packages (from torch->-r /mnt/hpccs01/home/n11585382/EUAPGM7346/UMP/Codebase/Tools/Depth-Anything-V2-main/requirements.txt (line 5)) (3.4.2)
Requirement already satisfied: nvidia-cuda-nvrtc-cu12==12.1.105 in /mnt/hpccs01/home/n11585382/.conda/envs/depth_anything/lib/python3.10/site-packages (from torch->-r /mnt/hpccs01/home/n11585382/EUAPGM7346/UMP/Codebase/Tools/Depth-Anything-V2-main/requirements.txt (line 5)) (12.1.105)
Requirement already satisfied: nvidia-cuda-runtime-cu12==12.1.105 in /mnt/hpccs01/home/n11585382/.conda/envs/depth_anything/lib/python3.10/site-packages (from torch->-r /mnt/hpccs01/home/n11585382/EUAPGM7346/UMP/Codebase/Tools/Depth-Anything-V2-main/requirements.txt (line 5)) (12.1.105)
Requirement already satisfied: nvidia-cuda-cupti-cu12==12.1.105 in /mnt/hpccs01/home/n11585382/.conda/envs/depth_anything/lib/python3.10/site-packages (from torch->-r /mnt/hpccs01/home/n11585382/EUAPGM7346/UMP/Codebase/Tools/Depth-Anything-V2-main/requirements.txt (line 5)) (12.1.105)
Requirement already satisfied: nvidia-cudnn-cu12==9.1.0.70 in /mnt/hpccs01/home/n11585382/.conda/envs/depth_anything/lib/python3.10/site-packages (from torch->-r /mnt/hpccs01/home/n11585382/EUAPGM7346/UMP/Codebase/Tools/Depth-Anything-V2-main/requirements.txt (line 5)) (9.1.0.70)
Requirement already satisfied: nvidia-cublas-cu12==12.1.3.1 in /mnt/hpccs01/home/n11585382/.conda/envs/depth_anything/lib/python3.10/site-packages (from torch->-r /mnt/hpccs01/home/n11585382/EUAPGM7346/UMP/Codebase/Tools/Depth-Anything-V2-main/requirements.txt (line 5)) (12.1.3.1)
Requirement already satisfied: nvidia-cufft-cu12==11.0.2.54 in /mnt/hpccs01/home/n11585382/.conda/envs/depth_anything/lib/python3.10/site-packages (from torch->-r /mnt/hpccs01/home/n11585382/EUAPGM7346/UMP/Codebase/Tools/Depth-Anything-V2-main/requirements.txt (line 5)) (11.0.2.54)
Requirement already satisfied: nvidia-curand-cu12==10.3.2.106 in /mnt/hpccs01/home/n11585382/.conda/envs/depth_anything/lib/python3.10/site-packages (from torch->-r /mnt/hpccs01/home/n11585382/EUAPGM7346/UMP/Codebase/Tools/Depth-Anything-V2-main/requirements.txt (line 5)) (10.3.2.106)
Requirement already satisfied: nvidia-cusolver-cu12==11.4.5.107 in /mnt/hpccs01/home/n11585382/.conda/envs/depth_anything/lib/python3.10/site-packages (from torch->-r /mnt/hpccs01/home/n11585382/EUAPGM7346/UMP/Codebase/Tools/Depth-Anything-V2-main/requirements.txt (line 5)) (11.4.5.107)
Requirement already satisfied: nvidia-cusparse-cu12==12.1.0.106 in /mnt/hpccs01/home/n11585382/.conda/envs/depth_anything/lib/python3.10/site-packages (from torch->-r /mnt/hpccs01/home/n11585382/EUAPGM7346/UMP/Codebase/Tools/Depth-Anything-V2-main/requirements.txt (line 5)) (12.1.0.106)
Requirement already satisfied: nvidia-nccl-cu12==2.21.5 in /mnt/hpccs01/home/n11585382/.conda/envs/depth_anything/lib/python3.10/site-packages (from torch->-r /mnt/hpccs01/home/n11585382/EUAPGM7346/UMP/Codebase/Tools/Depth-Anything-V2-main/requirements.txt (line 5)) (2.21.5)
Requirement already satisfied: nvidia-nvtx-cu12==12.1.105 in /mnt/hpccs01/home/n11585382/.conda/envs/depth_anything/lib/python3.10/site-packages (from torch->-r /mnt/hpccs01/home/n11585382/EUAPGM7346/UMP/Codebase/Tools/Depth-Anything-V2-main/requirements.txt (line 5)) (12.1.105)
Requirement already satisfied: triton==3.1.0 in /mnt/hpccs01/home/n11585382/.conda/envs/depth_anything/lib/python3.10/site-packages (from torch->-r /mnt/hpccs01/home/n11585382/EUAPGM7346/UMP/Codebase/Tools/Depth-Anything-V2-main/requirements.txt (line 5)) (3.1.0)
Requirement already satisfied: sympy==1.13.1 in /mnt/hpccs01/home/n11585382/.conda/envs/depth_anything/lib/python3.10/site-packages (from torch->-r /mnt/hpccs01/home/n11585382/EUAPGM7346/UMP/Codebase/Tools/Depth-Anything-V2-main/requirements.txt (line 5)) (1.13.1)
Requirement already satisfied: nvidia-nvjitlink-cu12 in /mnt/hpccs01/home/n11585382/.conda/envs/depth_anything/lib/python3.10/site-packages (from nvidia-cusolver-cu12==11.4.5.107->torch->-r /mnt/hpccs01/home/n11585382/EUAPGM7346/UMP/Codebase/Tools/Depth-Anything-V2-main/requirements.txt (line 5)) (12.9.86)
Requirement already satisfied: mpmath<1.4,>=1.1.0 in /mnt/hpccs01/home/n11585382/.conda/envs/depth_anything/lib/python3.10/site-packages (from sympy==1.13.1->torch->-r /mnt/hpccs01/home/n11585382/EUAPGM7346/UMP/Codebase/Tools/Depth-Anything-V2-main/requirements.txt (line 5)) (1.3.0)
Collecting six>=1.5 (from python-dateutil>=2.8.2->pandas<4.0,>=1.0->gradio->-r /mnt/hpccs01/home/n11585382/EUAPGM7346/UMP/Codebase/Tools/Depth-Anything-V2-main/requirements.txt (line 2))
  Using cached six-1.17.0-py2.py3-none-any.whl.metadata (1.7 kB)
Collecting markdown-it-py>=2.2.0 (from rich>=13.8.0->typer<1.0,>=0.12->gradio->-r /mnt/hpccs01/home/n11585382/EUAPGM7346/UMP/Codebase/Tools/Depth-Anything-V2-main/requirements.txt (line 2))
  Using cached markdown_it_py-4.2.0-py3-none-any.whl.metadata (7.4 kB)
Collecting pygments<3.0.0,>=2.13.0 (from rich>=13.8.0->typer<1.0,>=0.12->gradio->-r /mnt/hpccs01/home/n11585382/EUAPGM7346/UMP/Codebase/Tools/Depth-Anything-V2-main/requirements.txt (line 2))
  Using cached pygments-2.21.0-py3-none-any.whl.metadata (2.5 kB)
Collecting mdurl~=0.1 (from markdown-it-py>=2.2.0->rich>=13.8.0->typer<1.0,>=0.12->gradio->-r /mnt/hpccs01/home/n11585382/EUAPGM7346/UMP/Codebase/Tools/Depth-Anything-V2-main/requirements.txt (line 2))
  Using cached mdurl-0.1.2-py3-none-any.whl.metadata (1.6 kB)
Using cached gradio_imageslider-0.0.20-py3-none-any.whl (101 kB)
Using cached gradio-6.29.1-py3-none-any.whl (31.4 MB)
Using cached gradio_client-2.7.2-py3-none-any.whl (64 kB)
Using cached anyio-4.15.1-py3-none-any.whl (132 kB)
Using cached fastapi-0.142.2-py3-none-any.whl (144 kB)
Using cached groovy-0.1.2-py3-none-any.whl (14 kB)
Using cached hf_gradio-0.4.1-py3-none-any.whl (4.5 kB)
Using cached httpx-0.28.1-py3-none-any.whl (73 kB)
Using cached httpcore-1.0.9-py3-none-any.whl (78 kB)
Using cached huggingface_hub-2.1.1-py3-none-any.whl (838 kB)
Using cached click-8.5.0-py3-none-any.whl (125 kB)
Using cached hf_xet-1.6.0-cp38-abi3-manylinux2014_x86_64.manylinux_2_17_x86_64.whl (4.5 MB)
Using cached httpx2-2.13.1-py3-none-any.whl (95 kB)
Using cached httpcore2-2.13.1-py3-none-any.whl (83 kB)
Using cached orjson-3.12.0-cp310-cp310-manylinux_2_17_x86_64.manylinux2014_x86_64.whl (131 kB)
Using cached pandas-2.3.3-cp310-cp310-manylinux_2_24_x86_64.manylinux_2_28_x86_64.whl (12.8 MB)
Using cached pydantic-2.13.5-py3-none-any.whl (472 kB)
Using cached pydantic_core-2.46.5-cp310-cp310-manylinux_2_17_x86_64.manylinux2014_x86_64.whl (2.1 MB)
Using cached pydub-0.25.1-py2.py3-none-any.whl (32 kB)
Using cached python_multipart-0.0.32-py3-none-any.whl (30 kB)
Using cached pyyaml-6.0.3-cp310-cp310-manylinux2014_x86_64.manylinux_2_17_x86_64.manylinux_2_28_x86_64.whl (770 kB)
Using cached safehttpx-0.1.7-py3-none-any.whl (9.0 kB)
Using cached semantic_version-2.10.0-py2.py3-none-any.whl (15 kB)
Using cached starlette-1.7.0-py3-none-any.whl (78 kB)
Using cached tomlkit-0.14.0-py3-none-any.whl (39 kB)
Using cached typer-0.27.2-py3-none-any.whl (123 kB)
Using cached matplotlib-3.10.9-cp310-cp310-manylinux2014_x86_64.manylinux_2_17_x86_64.whl (8.8 MB)
Using cached opencv_python-5.0.0.93-cp37-abi3-manylinux_2_28_x86_64.whl (73.8 MB)
Using cached annotated_doc-0.0.5-py3-none-any.whl (5.3 kB)
Using cached annotated_types-0.8.0-py3-none-any.whl (13 kB)
Using cached brotli-1.2.0-cp310-cp310-manylinux2014_x86_64.manylinux_2_17_x86_64.whl (1.4 MB)
Using cached contourpy-1.3.2-cp310-cp310-manylinux_2_17_x86_64.manylinux2014_x86_64.whl (325 kB)
Using cached cycler-0.12.1-py3-none-any.whl (8.3 kB)
Using cached exceptiongroup-1.3.1-py3-none-any.whl (16 kB)
Using cached fonttools-4.65.0-cp310-cp310-manylinux2014_x86_64.manylinux_2_17_x86_64.whl (5.3 MB)
Using cached h11-0.16.0-py3-none-any.whl (37 kB)
Using cached idna-3.20-py3-none-any.whl (69 kB)
Using cached kiwisolver-1.5.1-cp310-cp310-manylinux_2_12_x86_64.manylinux2010_x86_64.whl (1.6 MB)
Using cached opentelemetry_api-1.45.0-py3-none-any.whl (60 kB)
Using cached pyparsing-3.3.3-py3-none-any.whl (126 kB)
Using cached python_dateutil-2.9.0.post0-py2.py3-none-any.whl (229 kB)
Using cached pytz-2026.5-py2.py3-none-any.whl (506 kB)
Using cached rich-15.0.0-py3-none-any.whl (310 kB)
Using cached pygments-2.21.0-py3-none-any.whl (1.3 MB)
Using cached markdown_it_py-4.2.0-py3-none-any.whl (91 kB)
Using cached mdurl-0.1.2-py3-none-any.whl (10.0 kB)
Using cached shellingham-1.5.4-py2.py3-none-any.whl (9.8 kB)
Using cached six-1.17.0-py2.py3-none-any.whl (11 kB)
Using cached tomli-2.4.1-py3-none-any.whl (14 kB)
Using cached tqdm-4.70.1-py3-none-any.whl (80 kB)
Using cached truststore-0.10.4-py3-none-any.whl (18 kB)
Using cached typing_inspection-0.4.4-py3-none-any.whl (14 kB)
Using cached tzdata-2026.5-py2.py3-none-any.whl (347 kB)
Using cached uvicorn-0.54.0-py3-none-any.whl (87 kB)
Using cached certifi-2026.7.22-py3-none-any.whl (136 kB)
Installing collected packages: pytz, pydub, brotli, tzdata, typing-inspection, truststore, tqdm, tomlkit, tomli, six, shellingham, semantic-version, pyyaml, python-multipart, pyparsing, pygments, pydantic-core, orjson, opentelemetry-api, opencv-python, mdurl, kiwisolver, idna, hf-xet, h11, groovy, fonttools, exceptiongroup, cycler, contourpy, click, certifi, annotated-types, annotated-doc, uvicorn, python-dateutil, pydantic, markdown-it-py, httpcore2, httpcore, anyio, starlette, rich, pandas, matplotlib, httpx2, httpx, typer, safehttpx, huggingface-hub, fastapi, gradio-client, hf-gradio, gradio, gradio_imageslider

Successfully installed annotated-doc-0.0.5 annotated-types-0.8.0 anyio-4.15.1 brotli-1.2.0 certifi-2026.7.22 click-8.5.0 contourpy-1.3.2 cycler-0.12.1 exceptiongroup-1.3.1 fastapi-0.142.2 fonttools-4.65.0 gradio-6.29.1 gradio-client-2.7.2 gradio_imageslider-0.0.20 groovy-0.1.2 h11-0.16.0 hf-gradio-0.4.1 hf-xet-1.6.0 httpcore-1.0.9 httpcore2-2.13.1 httpx-0.28.1 httpx2-2.13.1 huggingface-hub-2.1.1 idna-3.20 kiwisolver-1.5.1 markdown-it-py-4.2.0 matplotlib-3.10.9 mdurl-0.1.2 opencv-python-5.0.0.93 opentelemetry-api-1.45.0 orjson-3.12.0 pandas-2.3.3 pydantic-2.13.5 pydantic-core-2.46.5 pydub-0.25.1 pygments-2.21.0 pyparsing-3.3.3 python-dateutil-2.9.0.post0 python-multipart-0.0.32 pytz-2026.5 pyyaml-6.0.3 rich-15.0.0 safehttpx-0.1.7 semantic-version-2.10.0 shellingham-1.5.4 six-1.17.0 starlette-1.7.0 tomli-2.4.1 tomlkit-0.14.0 tqdm-4.70.1 truststore-0.10.4 typer-0.27.2 typing-inspection-0.4.4 tzdata-2026.5 uvicorn-0.54.0
[INFO] Depth-Anything-V2 checkpoint verified at /mnt/hpccs01/home/n11585382/EUAPGM7346/UMP/Codebase/Tools/Depth-Anything-V2-main/checkpoints/depth_anything_v2_vitl.pth.
[SUCCESS] Environment 'depth_anything' successfully provisioned.

======================================================================
 Setup Execution Completed Successfully
======================================================================
======================================================================
 Provisioning Conda Environment: seasplat_py310
======================================================================
[INFO] 3DGS & OSCD Automation Setup Script Initialized
[INFO] Repository root: /mnt/hpccs01/home/n11585382/EUAPGM7346/UMP

======================================================================
 Provisioning Conda Environment: seasplat_py310 (Python 3.10)
======================================================================
[INFO] Submodule verified: submodules/diff-gaussian-rasterization
[INFO] Submodule verified: submodules/simple-knn
[INFO] Recreating Conda environment 'seasplat_py310' (requested python=3.10, existing python=3.11)...
[INFO] Running: conda env remove -n seasplat_py310 -y

Remove all packages in environment /home/n11585382/.conda/envs/seasplat_py310:

[INFO] Creating fresh Conda environment 'seasplat_py310'...
[INFO] Running: conda create -n seasplat_py310 python=3.10 -y
Channels:
 - defaults
Platform: linux-64
Collecting package metadata (repodata.json): ...working... done
Solving environment: ...working... done

## Package Plan ##

  environment location: /home/n11585382/.conda/envs/seasplat_py310

  added / updated specs:
    - python=3.10


The following NEW packages will be INSTALLED:

  _libgcc_mutex      pkgs/main/linux-64::_libgcc_mutex-0.1-main 
  _openmp_mutex      pkgs/main/linux-64::_openmp_mutex-5.1-52_gnu 
  bzip2              pkgs/main/linux-64::bzip2-1.0.8-h5eee18b_6 
  ca-certificates    pkgs/main/linux-64::ca-certificates-2026.9.25-h06a4308_0 
  ld_impl_linux-64   pkgs/main/linux-64::ld_impl_linux-64-2.44-h9e0c5a2_3 
  libexpat           pkgs/main/linux-64::libexpat-2.8.5-h7354ed3_1 
  libffi             pkgs/main/linux-64::libffi-3.4.8-h06d3fd0_3 
  libgcc             pkgs/main/linux-64::libgcc-15.2.0-h69a1729_8 
  libgcc-ng          pkgs/main/linux-64::libgcc-ng-15.2.0-h166f726_8 
  libnsl             pkgs/main/linux-64::libnsl-2.0.0-h5eee18b_0 
  libstdcxx          pkgs/main/linux-64::libstdcxx-15.2.0-h39759b7_8 
  libuuid            pkgs/main/linux-64::libuuid-1.41.5-h5eee18b_0 
  libxcb             pkgs/main/linux-64::libxcb-1.17.0-h9b100fa_0 
  libzlib            pkgs/main/linux-64::libzlib-1.3.2-h47b2149_0 
  ncurses            pkgs/main/linux-64::ncurses-6.6-hfaaeb4e_0 
  openssl            pkgs/main/linux-64::openssl-3.5.9-h1b28b03_0 
  packaging          pkgs/main/linux-64::packaging-26.3-py310h06a4308_0 
  pip                pkgs/main/noarch::pip-26.2.1-pyhc872135_0 
  pthread-stubs      pkgs/main/linux-64::pthread-stubs-0.3-h47b2149_2 
  python             pkgs/main/linux-64::python-3.10.22-hd9cb797_0 
  readline           pkgs/main/linux-64::readline-8.3-hc2a1206_0 
  setuptools         pkgs/main/linux-64::setuptools-83.0.0-py310h06a4308_0 
  sqlite             pkgs/main/linux-64::sqlite-3.53.4-h795bf6d_0 
  tk                 pkgs/main/linux-64::tk-8.6.15-h54e0aa7_0 
  tzdata             pkgs/main/noarch::tzdata-2026c-he532380_0 
  wheel              pkgs/main/linux-64::wheel-0.47.0-py310h06a4308_0 
  xorg-libx11        pkgs/main/linux-64::xorg-libx11-1.8.13-h65de747_0 
  xorg-libxau        pkgs/main/linux-64::xorg-libxau-1.0.12-h9b100fa_0 
  xorg-libxdmcp      pkgs/main/linux-64::xorg-libxdmcp-1.1.5-h9b100fa_0 
  xorg-xorgproto     pkgs/main/linux-64::xorg-xorgproto-2025.1-h47b2149_0 
  xz                 pkgs/main/linux-64::xz-5.8.4-h140a991_0 
  zlib               pkgs/main/linux-64::zlib-1.3.2-h47b2149_0 



Downloading and Extracting Packages: ...working... done
Preparing transaction: ...working... done
Verifying transaction: ...working... done
Executing transaction: ...working... done
#
# To activate this environment, use
#
#     $ conda activate seasplat_py310
#
# To deactivate an active environment, use
#
#     $ conda deactivate

[INFO] Active environment: seasplat_py310
[INFO] Running: pip install --upgrade pip
Requirement already satisfied: pip in /mnt/hpccs01/home/n11585382/.conda/envs/seasplat_py310/lib/python3.10/site-packages (26.2.1)
[INFO] Running: pip install torch torchvision torchaudio --index-url https://download.pytorch.org/whl/cu121
Looking in indexes: https://download.pytorch.org/whl/cu121
Collecting torch
  Using cached torch-2.5.1%2Bcu121-cp310-cp310-linux_x86_64.whl (780.4 MB)
Collecting torchvision
  Using cached torchvision-0.20.1%2Bcu121-cp310-cp310-linux_x86_64.whl (7.3 MB)
Collecting torchaudio
  Using cached torchaudio-2.5.1%2Bcu121-cp310-cp310-linux_x86_64.whl (3.4 MB)
Collecting filelock (from torch)
  Using cached filelock-3.32.3-py3-none-any.whl.metadata (2.0 kB)
Collecting typing-extensions>=4.8.0 (from torch)
  Using cached typing_extensions-4.16.0-py3-none-any.whl.metadata (3.3 kB)
Collecting networkx (from torch)
  Using cached networkx-3.4.2-py3-none-any.whl.metadata (6.3 kB)
Collecting jinja2 (from torch)
  Using cached jinja2-3.1.6-py3-none-any.whl.metadata (2.9 kB)
Collecting fsspec (from torch)
  Using cached fsspec-2026.7.0-py3-none-any.whl.metadata (10 kB)
Collecting nvidia-cuda-nvrtc-cu12==12.1.105 (from torch)
  Downloading nvidia_cuda_nvrtc_cu12-12.1.105-py3-none-manylinux1_x86_64.whl (23.7 MB)
     ━━━━━━━━━━━━━━━━━━━━━━━━━━━━━━━━━━━━━━━━ 23.7/23.7 MB 61.6 MB/s  0:00:00
Collecting nvidia-cuda-runtime-cu12==12.1.105 (from torch)
  Downloading nvidia_cuda_runtime_cu12-12.1.105-py3-none-manylinux1_x86_64.whl (823 kB)
     ━━━━━━━━━━━━━━━━━━━━━━━━━━━━━━━━━━━━━━━━ 823.6/823.6 kB 108.7 MB/s  0:00:00
Collecting nvidia-cuda-cupti-cu12==12.1.105 (from torch)
  Downloading nvidia_cuda_cupti_cu12-12.1.105-py3-none-manylinux1_x86_64.whl (14.1 MB)
     ━━━━━━━━━━━━━━━━━━━━━━━━━━━━━━━━━━━━━━━━ 14.1/14.1 MB 110.5 MB/s  0:00:00
Collecting nvidia-cudnn-cu12==9.1.0.70 (from torch)
  Using cached nvidia_cudnn_cu12-9.1.0.70-py3-none-manylinux2014_x86_64.whl (664.8 MB)
Collecting nvidia-cublas-cu12==12.1.3.1 (from torch)
  Downloading nvidia_cublas_cu12-12.1.3.1-py3-none-manylinux1_x86_64.whl (410.6 MB)
     ━━━━━━━━━━━━━━━━━━━━━━━━━━━━━━━━━━━━━━━━ 410.6/410.6 MB 80.9 MB/s  0:00:04
Collecting nvidia-cufft-cu12==11.0.2.54 (from torch)
  Downloading nvidia_cufft_cu12-11.0.2.54-py3-none-manylinux1_x86_64.whl (121.6 MB)
     ━━━━━━━━━━━━━━━━━━━━━━━━━━━━━━━━━━━━━━━━ 121.6/121.6 MB 100.2 MB/s  0:00:01
Collecting nvidia-curand-cu12==10.3.2.106 (from torch)
  Downloading nvidia_curand_cu12-10.3.2.106-py3-none-manylinux1_x86_64.whl (56.5 MB)
     ━━━━━━━━━━━━━━━━━━━━━━━━━━━━━━━━━━━━━━━━ 56.5/56.5 MB 107.8 MB/s  0:00:00
Collecting nvidia-cusolver-cu12==11.4.5.107 (from torch)
  Downloading nvidia_cusolver_cu12-11.4.5.107-py3-none-manylinux1_x86_64.whl (124.2 MB)
     ━━━━━━━━━━━━━━━━━━━━━━━━━━━━━━━━━━━━━━━━ 124.2/124.2 MB 91.6 MB/s  0:00:01
Collecting nvidia-cusparse-cu12==12.1.0.106 (from torch)
  Downloading nvidia_cusparse_cu12-12.1.0.106-py3-none-manylinux1_x86_64.whl (196.0 MB)
     ━━━━━━━━━━━━━━━━━━━━━━━━━━━━━━━━━━━━━━━━ 196.0/196.0 MB 85.9 MB/s  0:00:02
Collecting nvidia-nccl-cu12==2.21.5 (from torch)
  Downloading nvidia_nccl_cu12-2.21.5-py3-none-manylinux2014_x86_64.whl (188.7 MB)
     ━━━━━━━━━━━━━━━━━━━━━━━━━━━━━━━━━━━━━━━━ 188.7/188.7 MB 64.2 MB/s  0:00:02
Collecting nvidia-nvtx-cu12==12.1.105 (from torch)
  Downloading nvidia_nvtx_cu12-12.1.105-py3-none-manylinux1_x86_64.whl (99 kB)
Collecting triton==3.1.0 (from torch)
  Using cached triton-3.1.0-cp310-cp310-manylinux_2_17_x86_64.manylinux2014_x86_64.whl (209.5 MB)
Collecting sympy==1.13.1 (from torch)
  Using cached sympy-1.13.1-py3-none-any.whl.metadata (12 kB)
Collecting nvidia-nvjitlink-cu12 (from nvidia-cusolver-cu12==11.4.5.107->torch)
  Downloading nvidia_nvjitlink_cu12-12.9.86-py3-none-manylinux2010_x86_64.manylinux_2_12_x86_64.whl (39.7 MB)
     ━━━━━━━━━━━━━━━━━━━━━━━━━━━━━━━━━━━━━━━━ 39.7/39.7 MB 104.3 MB/s  0:00:00
Collecting mpmath<1.4,>=1.1.0 (from sympy==1.13.1->torch)
  Using cached mpmath-1.3.0-py3-none-any.whl.metadata (8.6 kB)
Collecting numpy (from torchvision)
  Using cached numpy-2.2.6-cp310-cp310-manylinux_2_17_x86_64.manylinux2014_x86_64.whl.metadata (62 kB)
Collecting pillow!=8.3.*,>=5.3.0 (from torchvision)
  Using cached pillow-12.3.0-cp310-cp310-manylinux_2_27_x86_64.manylinux_2_28_x86_64.whl.metadata (9.1 kB)
Collecting MarkupSafe>=2.0 (from jinja2->torch)
  Using cached markupsafe-3.0.3-cp310-cp310-manylinux2014_x86_64.manylinux_2_17_x86_64.manylinux_2_28_x86_64.whl.metadata (2.7 kB)
Using cached sympy-1.13.1-py3-none-any.whl (6.2 MB)
Using cached mpmath-1.3.0-py3-none-any.whl (536 kB)
Using cached pillow-12.3.0-cp310-cp310-manylinux_2_27_x86_64.manylinux_2_28_x86_64.whl (6.9 MB)
Using cached typing_extensions-4.16.0-py3-none-any.whl (45 kB)
Using cached filelock-3.32.3-py3-none-any.whl (98 kB)
Using cached fsspec-2026.7.0-py3-none-any.whl (206 kB)
Using cached jinja2-3.1.6-py3-none-any.whl (134 kB)
Using cached markupsafe-3.0.3-cp310-cp310-manylinux2014_x86_64.manylinux_2_17_x86_64.manylinux_2_28_x86_64.whl (20 kB)
Using cached networkx-3.4.2-py3-none-any.whl (1.7 MB)
Using cached numpy-2.2.6-cp310-cp310-manylinux_2_17_x86_64.manylinux2014_x86_64.whl (16.8 MB)
Installing collected packages: mpmath, typing-extensions, sympy, pillow, nvidia-nvtx-cu12, nvidia-nvjitlink-cu12, nvidia-nccl-cu12, nvidia-curand-cu12, nvidia-cufft-cu12, nvidia-cuda-runtime-cu12, nvidia-cuda-nvrtc-cu12, nvidia-cuda-cupti-cu12, nvidia-cublas-cu12, numpy, networkx, MarkupSafe, fsspec, filelock, triton, nvidia-cusparse-cu12, nvidia-cudnn-cu12, jinja2, nvidia-cusolver-cu12, torch, torchvision, torchaudio

Successfully installed MarkupSafe-3.0.3 filelock-3.32.3 fsspec-2026.7.0 jinja2-3.1.6 mpmath-1.3.0 networkx-3.4.2 numpy-2.2.6 nvidia-cublas-cu12-12.1.3.1 nvidia-cuda-cupti-cu12-12.1.105 nvidia-cuda-nvrtc-cu12-12.1.105 nvidia-cuda-runtime-cu12-12.1.105 nvidia-cudnn-cu12-9.1.0.70 nvidia-cufft-cu12-11.0.2.54 nvidia-curand-cu12-10.3.2.106 nvidia-cusolver-cu12-11.4.5.107 nvidia-cusparse-cu12-12.1.0.106 nvidia-nccl-cu12-2.21.5 nvidia-nvjitlink-cu12-12.9.86 nvidia-nvtx-cu12-12.1.105 pillow-12.3.0 sympy-1.13.1 torch-2.5.1+cu121 torchaudio-2.5.1+cu121 torchvision-0.20.1+cu121 triton-3.1.0 typing-extensions-4.16.0
[INFO] Running: pip install plyfile==0.8.1 tqdm opencv-python scipy ninja matplotlib kornia
Collecting plyfile==0.8.1
  Using cached plyfile-0.8.1-py3-none-any.whl.metadata (21 kB)
Collecting tqdm
  Using cached tqdm-4.70.1-py3-none-any.whl.metadata (57 kB)
Collecting opencv-python
  Using cached opencv_python-5.0.0.93-cp37-abi3-manylinux_2_28_x86_64.whl.metadata (19 kB)
Collecting scipy
  Using cached scipy-1.15.3-cp310-cp310-manylinux_2_17_x86_64.manylinux2014_x86_64.whl.metadata (61 kB)
Collecting ninja
  Using cached ninja-1.13.2-py3-none-manylinux2014_x86_64.manylinux_2_17_x86_64.whl.metadata (5.4 kB)
Collecting matplotlib
  Using cached matplotlib-3.10.9-cp310-cp310-manylinux2014_x86_64.manylinux_2_17_x86_64.whl.metadata (52 kB)
Collecting kornia
  Using cached kornia-0.8.2-py2.py3-none-any.whl.metadata (18 kB)
Requirement already satisfied: numpy>=1.17 in /mnt/hpccs01/home/n11585382/.conda/envs/seasplat_py310/lib/python3.10/site-packages (from plyfile==0.8.1) (2.2.6)
Collecting contourpy>=1.0.1 (from matplotlib)
  Using cached contourpy-1.3.2-cp310-cp310-manylinux_2_17_x86_64.manylinux2014_x86_64.whl.metadata (5.5 kB)
Collecting cycler>=0.10 (from matplotlib)
  Using cached cycler-0.12.1-py3-none-any.whl.metadata (3.8 kB)
Collecting fonttools>=4.22.0 (from matplotlib)
  Using cached fonttools-4.65.0-cp310-cp310-manylinux2014_x86_64.manylinux_2_17_x86_64.whl.metadata (125 kB)
Collecting kiwisolver>=1.3.1 (from matplotlib)
  Using cached kiwisolver-1.5.1-cp310-cp310-manylinux_2_12_x86_64.manylinux2010_x86_64.whl.metadata (5.2 kB)
Requirement already satisfied: packaging>=20.0 in /mnt/hpccs01/home/n11585382/.conda/envs/seasplat_py310/lib/python3.10/site-packages (from matplotlib) (26.3)
Requirement already satisfied: pillow>=8 in /mnt/hpccs01/home/n11585382/.conda/envs/seasplat_py310/lib/python3.10/site-packages (from matplotlib) (12.3.0)
Collecting pyparsing>=3 (from matplotlib)
  Using cached pyparsing-3.3.3-py3-none-any.whl.metadata (5.9 kB)
Collecting python-dateutil>=2.7 (from matplotlib)
  Using cached python_dateutil-2.9.0.post0-py2.py3-none-any.whl.metadata (8.4 kB)
Collecting kornia_rs>=0.1.9 (from kornia)
  Using cached kornia_rs-0.2.0-cp310-cp310-manylinux_2_17_x86_64.manylinux2014_x86_64.whl.metadata (19 kB)
Requirement already satisfied: torch>=2.0.0 in /mnt/hpccs01/home/n11585382/.conda/envs/seasplat_py310/lib/python3.10/site-packages (from kornia) (2.5.1+cu121)
Collecting six>=1.5 (from python-dateutil>=2.7->matplotlib)
  Using cached six-1.17.0-py2.py3-none-any.whl.metadata (1.7 kB)
Requirement already satisfied: filelock in /mnt/hpccs01/home/n11585382/.conda/envs/seasplat_py310/lib/python3.10/site-packages (from torch>=2.0.0->kornia) (3.32.3)
Requirement already satisfied: typing-extensions>=4.8.0 in /mnt/hpccs01/home/n11585382/.conda/envs/seasplat_py310/lib/python3.10/site-packages (from torch>=2.0.0->kornia) (4.16.0)
Requirement already satisfied: networkx in /mnt/hpccs01/home/n11585382/.conda/envs/seasplat_py310/lib/python3.10/site-packages (from torch>=2.0.0->kornia) (3.4.2)
Requirement already satisfied: jinja2 in /mnt/hpccs01/home/n11585382/.conda/envs/seasplat_py310/lib/python3.10/site-packages (from torch>=2.0.0->kornia) (3.1.6)
Requirement already satisfied: fsspec in /mnt/hpccs01/home/n11585382/.conda/envs/seasplat_py310/lib/python3.10/site-packages (from torch>=2.0.0->kornia) (2026.7.0)
Requirement already satisfied: nvidia-cuda-nvrtc-cu12==12.1.105 in /mnt/hpccs01/home/n11585382/.conda/envs/seasplat_py310/lib/python3.10/site-packages (from torch>=2.0.0->kornia) (12.1.105)
Requirement already satisfied: nvidia-cuda-runtime-cu12==12.1.105 in /mnt/hpccs01/home/n11585382/.conda/envs/seasplat_py310/lib/python3.10/site-packages (from torch>=2.0.0->kornia) (12.1.105)
Requirement already satisfied: nvidia-cuda-cupti-cu12==12.1.105 in /mnt/hpccs01/home/n11585382/.conda/envs/seasplat_py310/lib/python3.10/site-packages (from torch>=2.0.0->kornia) (12.1.105)
Requirement already satisfied: nvidia-cudnn-cu12==9.1.0.70 in /mnt/hpccs01/home/n11585382/.conda/envs/seasplat_py310/lib/python3.10/site-packages (from torch>=2.0.0->kornia) (9.1.0.70)
Requirement already satisfied: nvidia-cublas-cu12==12.1.3.1 in /mnt/hpccs01/home/n11585382/.conda/envs/seasplat_py310/lib/python3.10/site-packages (from torch>=2.0.0->kornia) (12.1.3.1)
Requirement already satisfied: nvidia-cufft-cu12==11.0.2.54 in /mnt/hpccs01/home/n11585382/.conda/envs/seasplat_py310/lib/python3.10/site-packages (from torch>=2.0.0->kornia) (11.0.2.54)
Requirement already satisfied: nvidia-curand-cu12==10.3.2.106 in /mnt/hpccs01/home/n11585382/.conda/envs/seasplat_py310/lib/python3.10/site-packages (from torch>=2.0.0->kornia) (10.3.2.106)
Requirement already satisfied: nvidia-cusolver-cu12==11.4.5.107 in /mnt/hpccs01/home/n11585382/.conda/envs/seasplat_py310/lib/python3.10/site-packages (from torch>=2.0.0->kornia) (11.4.5.107)
Requirement already satisfied: nvidia-cusparse-cu12==12.1.0.106 in /mnt/hpccs01/home/n11585382/.conda/envs/seasplat_py310/lib/python3.10/site-packages (from torch>=2.0.0->kornia) (12.1.0.106)
Requirement already satisfied: nvidia-nccl-cu12==2.21.5 in /mnt/hpccs01/home/n11585382/.conda/envs/seasplat_py310/lib/python3.10/site-packages (from torch>=2.0.0->kornia) (2.21.5)
Requirement already satisfied: nvidia-nvtx-cu12==12.1.105 in /mnt/hpccs01/home/n11585382/.conda/envs/seasplat_py310/lib/python3.10/site-packages (from torch>=2.0.0->kornia) (12.1.105)
Requirement already satisfied: triton==3.1.0 in /mnt/hpccs01/home/n11585382/.conda/envs/seasplat_py310/lib/python3.10/site-packages (from torch>=2.0.0->kornia) (3.1.0)
Requirement already satisfied: sympy==1.13.1 in /mnt/hpccs01/home/n11585382/.conda/envs/seasplat_py310/lib/python3.10/site-packages (from torch>=2.0.0->kornia) (1.13.1)
Requirement already satisfied: nvidia-nvjitlink-cu12 in /mnt/hpccs01/home/n11585382/.conda/envs/seasplat_py310/lib/python3.10/site-packages (from nvidia-cusolver-cu12==11.4.5.107->torch>=2.0.0->kornia) (12.9.86)
Requirement already satisfied: mpmath<1.4,>=1.1.0 in /mnt/hpccs01/home/n11585382/.conda/envs/seasplat_py310/lib/python3.10/site-packages (from sympy==1.13.1->torch>=2.0.0->kornia) (1.3.0)
Requirement already satisfied: MarkupSafe>=2.0 in /mnt/hpccs01/home/n11585382/.conda/envs/seasplat_py310/lib/python3.10/site-packages (from jinja2->torch>=2.0.0->kornia) (3.0.3)
Using cached plyfile-0.8.1-py3-none-any.whl (28 kB)
Using cached tqdm-4.70.1-py3-none-any.whl (80 kB)
Using cached opencv_python-5.0.0.93-cp37-abi3-manylinux_2_28_x86_64.whl (73.8 MB)
Using cached scipy-1.15.3-cp310-cp310-manylinux_2_17_x86_64.manylinux2014_x86_64.whl (37.7 MB)
Using cached ninja-1.13.2-py3-none-manylinux2014_x86_64.manylinux_2_17_x86_64.whl (183 kB)
Using cached matplotlib-3.10.9-cp310-cp310-manylinux2014_x86_64.manylinux_2_17_x86_64.whl (8.8 MB)
Using cached kornia-0.8.2-py2.py3-none-any.whl (1.1 MB)
Using cached contourpy-1.3.2-cp310-cp310-manylinux_2_17_x86_64.manylinux2014_x86_64.whl (325 kB)
Using cached cycler-0.12.1-py3-none-any.whl (8.3 kB)
Using cached fonttools-4.65.0-cp310-cp310-manylinux2014_x86_64.manylinux_2_17_x86_64.whl (5.3 MB)
Using cached kiwisolver-1.5.1-cp310-cp310-manylinux_2_12_x86_64.manylinux2010_x86_64.whl (1.6 MB)
Using cached kornia_rs-0.2.0-cp310-cp310-manylinux_2_17_x86_64.manylinux2014_x86_64.whl (5.3 MB)
Using cached pyparsing-3.3.3-py3-none-any.whl (126 kB)
Using cached python_dateutil-2.9.0.post0-py2.py3-none-any.whl (229 kB)
Using cached six-1.17.0-py2.py3-none-any.whl (11 kB)
Installing collected packages: tqdm, six, scipy, pyparsing, plyfile, opencv-python, ninja, kornia_rs, kiwisolver, fonttools, cycler, contourpy, python-dateutil, matplotlib, kornia

Successfully installed contourpy-1.3.2 cycler-0.12.1 fonttools-4.65.0 kiwisolver-1.5.1 kornia-0.8.2 kornia_rs-0.2.0 matplotlib-3.10.9 ninja-1.13.2 opencv-python-5.0.0.93 plyfile-0.8.1 pyparsing-3.3.3 python-dateutil-2.9.0.post0 scipy-1.15.3 six-1.17.0 tqdm-4.70.1
[INFO] Running: pip install /mnt/hpccs01/home/n11585382/EUAPGM7346/UMP/Codebase/3DGS-Water-Approaches/Physics/seasplat-master/submodules/diff-gaussian-rasterization --no-build-isolation
Processing ./Codebase/3DGS-Water-Approaches/Physics/seasplat-master/submodules/diff-gaussian-rasterization
  Preparing metadata (pyproject.toml): started
  Preparing metadata (pyproject.toml): finished with status 'done'
Building wheels for collected packages: diff_gaussian_rasterization
  Building wheel for diff_gaussian_rasterization (pyproject.toml): started
  Building wheel for diff_gaussian_rasterization (pyproject.toml): finished with status 'done'
  Created wheel for diff_gaussian_rasterization: filename=diff_gaussian_rasterization-0.0.0-cp310-cp310-linux_x86_64.whl size=683515 sha256=b2947a5817cb16f0a0beb31dca4ea33fcdb7284bdb0a28e760fd5e0c1caa79cf
  Stored in directory: /tmp/pbs.26342207.aqua/pip-ephem-wheel-cache-gmxulhrf/wheels/23/bb/26/0f742d08700c5a49fcd55b3f703153cc90d2f07c4a2292e02e
Successfully built diff_gaussian_rasterization
Installing collected packages: diff_gaussian_rasterization
Successfully installed diff_gaussian_rasterization-0.0.0
[INFO] Running: pip install /mnt/hpccs01/home/n11585382/EUAPGM7346/UMP/Codebase/3DGS-Water-Approaches/Physics/seasplat-master/submodules/simple-knn --no-build-isolation
Processing ./Codebase/3DGS-Water-Approaches/Physics/seasplat-master/submodules/simple-knn
  Preparing metadata (pyproject.toml): started
  Preparing metadata (pyproject.toml): finished with status 'done'
Building wheels for collected packages: simple_knn
  Building wheel for simple_knn (pyproject.toml): started
  Building wheel for simple_knn (pyproject.toml): finished with status 'done'
  Created wheel for simple_knn: filename=simple_knn-0.0.0-cp310-cp310-linux_x86_64.whl size=566667 sha256=132def8db8c28ada96700af26948426d6e4e12750a71e1732544f8860f808759
  Stored in directory: /tmp/pbs.26342207.aqua/pip-ephem-wheel-cache-uoj9gh75/wheels/14/7b/e4/1bcca18190183c22366e57fac098d8e4126ce1decf6e09b3a5
Successfully built simple_knn
Installing collected packages: simple_knn
Successfully installed simple_knn-0.0.0
[SUCCESS] Environment 'seasplat_py310' successfully provisioned.

======================================================================
 Setup Execution Completed Successfully
======================================================================
======================================================================
 Provisioning Conda Environment: 3d-uir
======================================================================
[INFO] 3DGS & OSCD Automation Setup Script Initialized
[INFO] Repository root: /mnt/hpccs01/home/n11585382/EUAPGM7346/UMP

======================================================================
 Provisioning Conda Environment: 3d-uir (Python 3.10)
======================================================================
[INFO] Submodule verified: submodules/diff-gaussian-rasterization
[INFO] Submodule verified: submodules/simple-knn
[INFO] Submodule verified: submodules/fused-ssim
[INFO] Recreating Conda environment '3d-uir' (requested python=3.10, existing python=3.11)...
[INFO] Running: conda env remove -n 3d-uir -y

Remove all packages in environment /home/n11585382/.conda/envs/3d-uir:

[INFO] Creating fresh Conda environment '3d-uir'...
[INFO] Running: conda create -n 3d-uir python=3.10 -y
Channels:
 - defaults
Platform: linux-64
Collecting package metadata (repodata.json): ...working... done
Solving environment: ...working... done

## Package Plan ##

  environment location: /home/n11585382/.conda/envs/3d-uir

  added / updated specs:
    - python=3.10


The following NEW packages will be INSTALLED:

  _libgcc_mutex      pkgs/main/linux-64::_libgcc_mutex-0.1-main 
  _openmp_mutex      pkgs/main/linux-64::_openmp_mutex-5.1-52_gnu 
  bzip2              pkgs/main/linux-64::bzip2-1.0.8-h5eee18b_6 
  ca-certificates    pkgs/main/linux-64::ca-certificates-2026.9.25-h06a4308_0 
  ld_impl_linux-64   pkgs/main/linux-64::ld_impl_linux-64-2.44-h9e0c5a2_3 
  libexpat           pkgs/main/linux-64::libexpat-2.8.5-h7354ed3_1 
  libffi             pkgs/main/linux-64::libffi-3.4.8-h06d3fd0_3 
  libgcc             pkgs/main/linux-64::libgcc-15.2.0-h69a1729_8 
  libgcc-ng          pkgs/main/linux-64::libgcc-ng-15.2.0-h166f726_8 
  libnsl             pkgs/main/linux-64::libnsl-2.0.0-h5eee18b_0 
  libstdcxx          pkgs/main/linux-64::libstdcxx-15.2.0-h39759b7_8 
  libuuid            pkgs/main/linux-64::libuuid-1.41.5-h5eee18b_0 
  libxcb             pkgs/main/linux-64::libxcb-1.17.0-h9b100fa_0 
  libzlib            pkgs/main/linux-64::libzlib-1.3.2-h47b2149_0 
  ncurses            pkgs/main/linux-64::ncurses-6.6-hfaaeb4e_0 
  openssl            pkgs/main/linux-64::openssl-3.5.9-h1b28b03_0 
  packaging          pkgs/main/linux-64::packaging-26.3-py310h06a4308_0 
  pip                pkgs/main/noarch::pip-26.2.1-pyhc872135_0 
  pthread-stubs      pkgs/main/linux-64::pthread-stubs-0.3-h47b2149_2 
  python             pkgs/main/linux-64::python-3.10.22-hd9cb797_0 
  readline           pkgs/main/linux-64::readline-8.3-hc2a1206_0 
  setuptools         pkgs/main/linux-64::setuptools-83.0.0-py310h06a4308_0 
  sqlite             pkgs/main/linux-64::sqlite-3.53.4-h795bf6d_0 
  tk                 pkgs/main/linux-64::tk-8.6.15-h54e0aa7_0 
  tzdata             pkgs/main/noarch::tzdata-2026c-he532380_0 
  wheel              pkgs/main/linux-64::wheel-0.47.0-py310h06a4308_0 
  xorg-libx11        pkgs/main/linux-64::xorg-libx11-1.8.13-h65de747_0 
  xorg-libxau        pkgs/main/linux-64::xorg-libxau-1.0.12-h9b100fa_0 
  xorg-libxdmcp      pkgs/main/linux-64::xorg-libxdmcp-1.1.5-h9b100fa_0 
  xorg-xorgproto     pkgs/main/linux-64::xorg-xorgproto-2025.1-h47b2149_0 
  xz                 pkgs/main/linux-64::xz-5.8.4-h140a991_0 
  zlib               pkgs/main/linux-64::zlib-1.3.2-h47b2149_0 



Downloading and Extracting Packages: ...working... done
Preparing transaction: ...working... done
Verifying transaction: ...working... done
Executing transaction: ...working... done
#
# To activate this environment, use
#
#     $ conda activate 3d-uir
#
# To deactivate an active environment, use
#
#     $ conda deactivate

[INFO] Active environment: 3d-uir
[INFO] Running: pip install --upgrade pip ninja
Requirement already satisfied: pip in /mnt/hpccs01/home/n11585382/.conda/envs/3d-uir/lib/python3.10/site-packages (26.2.1)
Collecting ninja
  Using cached ninja-1.13.2-py3-none-manylinux2014_x86_64.manylinux_2_17_x86_64.whl.metadata (5.4 kB)
Using cached ninja-1.13.2-py3-none-manylinux2014_x86_64.manylinux_2_17_x86_64.whl (183 kB)
Installing collected packages: ninja
Successfully installed ninja-1.13.2
[INFO] Running: pip install setuptools<70.0.0 wheel
Collecting setuptools<70.0.0
  Using cached setuptools-69.5.1-py3-none-any.whl.metadata (6.2 kB)
Requirement already satisfied: wheel in /mnt/hpccs01/home/n11585382/.conda/envs/3d-uir/lib/python3.10/site-packages (0.47.0)
Requirement already satisfied: packaging>=24.0 in /mnt/hpccs01/home/n11585382/.conda/envs/3d-uir/lib/python3.10/site-packages (from wheel) (26.3)
Using cached setuptools-69.5.1-py3-none-any.whl (894 kB)
Installing collected packages: setuptools
  Attempting uninstall: setuptools
    Found existing installation: setuptools 83.0.0
    Uninstalling setuptools-83.0.0:
      Successfully uninstalled setuptools-83.0.0
Successfully installed setuptools-69.5.1
[INFO] Running: pip install torch==2.1.0 torchvision==0.16.0 torchaudio==2.1.0 --index-url https://download.pytorch.org/whl/cu118
Looking in indexes: https://download.pytorch.org/whl/cu118
Collecting torch==2.1.0
  Using cached torch-2.1.0%2Bcu118-cp310-cp310-linux_x86_64.whl (2325.9 MB)
Collecting torchvision==0.16.0
  Using cached torchvision-0.16.0%2Bcu118-cp310-cp310-linux_x86_64.whl (6.2 MB)
Collecting torchaudio==2.1.0
  Using cached torchaudio-2.1.0%2Bcu118-cp310-cp310-linux_x86_64.whl (3.2 MB)
Collecting filelock (from torch==2.1.0)
  Using cached filelock-3.32.3-py3-none-any.whl.metadata (2.0 kB)
Collecting typing-extensions (from torch==2.1.0)
  Using cached typing_extensions-4.16.0-py3-none-any.whl.metadata (3.3 kB)
Collecting sympy (from torch==2.1.0)
  Using cached sympy-1.14.0-py3-none-any.whl.metadata (12 kB)
Collecting networkx (from torch==2.1.0)
  Using cached networkx-3.4.2-py3-none-any.whl.metadata (6.3 kB)
Collecting jinja2 (from torch==2.1.0)
  Using cached jinja2-3.1.6-py3-none-any.whl.metadata (2.9 kB)
Collecting fsspec (from torch==2.1.0)
  Using cached fsspec-2026.7.0-py3-none-any.whl.metadata (10 kB)
Collecting triton==2.1.0 (from torch==2.1.0)
  Using cached triton-2.1.0-0-cp310-cp310-manylinux2014_x86_64.manylinux_2_17_x86_64.whl (89.2 MB)
Collecting numpy (from torchvision==0.16.0)
  Using cached numpy-2.2.6-cp310-cp310-manylinux_2_17_x86_64.manylinux2014_x86_64.whl.metadata (62 kB)
Collecting requests (from torchvision==0.16.0)
  Using cached requests-2.28.1-py3-none-any.whl (62 kB)
Collecting pillow!=8.3.*,>=5.3.0 (from torchvision==0.16.0)
  Using cached pillow-12.3.0-cp310-cp310-manylinux_2_27_x86_64.manylinux_2_28_x86_64.whl.metadata (9.1 kB)
Collecting MarkupSafe>=2.0 (from jinja2->torch==2.1.0)
  Using cached markupsafe-3.0.3-cp310-cp310-manylinux2014_x86_64.manylinux_2_17_x86_64.manylinux_2_28_x86_64.whl.metadata (2.7 kB)
Collecting charset-normalizer<3,>=2 (from requests->torchvision==0.16.0)
  Using cached charset_normalizer-2.1.1-py3-none-any.whl (39 kB)
Collecting idna<4,>=2.5 (from requests->torchvision==0.16.0)
  Using cached idna-3.4-py3-none-any.whl (61 kB)
Collecting urllib3<1.27,>=1.21.1 (from requests->torchvision==0.16.0)
  Using cached urllib3-1.26.13-py2.py3-none-any.whl (140 kB)
Collecting certifi>=2017.4.17 (from requests->torchvision==0.16.0)
  Using cached certifi-2022.12.7-py3-none-any.whl (155 kB)
Collecting mpmath<1.4,>=1.1.0 (from sympy->torch==2.1.0)
  Using cached mpmath-1.3.0-py3-none-any.whl.metadata (8.6 kB)
Using cached pillow-12.3.0-cp310-cp310-manylinux_2_27_x86_64.manylinux_2_28_x86_64.whl (6.9 MB)
Using cached filelock-3.32.3-py3-none-any.whl (98 kB)
Using cached fsspec-2026.7.0-py3-none-any.whl (206 kB)
Using cached jinja2-3.1.6-py3-none-any.whl (134 kB)
Using cached markupsafe-3.0.3-cp310-cp310-manylinux2014_x86_64.manylinux_2_17_x86_64.manylinux_2_28_x86_64.whl (20 kB)
Using cached networkx-3.4.2-py3-none-any.whl (1.7 MB)
Using cached numpy-2.2.6-cp310-cp310-manylinux_2_17_x86_64.manylinux2014_x86_64.whl (16.8 MB)
Using cached sympy-1.14.0-py3-none-any.whl (6.3 MB)
Using cached mpmath-1.3.0-py3-none-any.whl (536 kB)
Using cached typing_extensions-4.16.0-py3-none-any.whl (45 kB)
Installing collected packages: mpmath, urllib3, typing-extensions, sympy, pillow, numpy, networkx, MarkupSafe, idna, fsspec, filelock, charset-normalizer, certifi, triton, requests, jinja2, torch, torchvision, torchaudio

Successfully installed MarkupSafe-3.0.3 certifi-2022.12.7 charset-normalizer-2.1.1 filelock-3.32.3 fsspec-2026.7.0 idna-3.4 jinja2-3.1.6 mpmath-1.3.0 networkx-3.4.2 numpy-2.2.6 pillow-12.3.0 requests-2.28.1 sympy-1.14.0 torch-2.1.0+cu118 torchaudio-2.1.0+cu118 torchvision-0.16.0+cu118 triton-2.1.0 typing-extensions-4.16.0 urllib3-1.26.13
[INFO] Running: pip install numpy<2 plyfile tqdm opencv-python joblib lpips kornia matplotlib
Collecting numpy<2
  Using cached numpy-1.26.4-cp310-cp310-manylinux_2_17_x86_64.manylinux2014_x86_64.whl.metadata (61 kB)
Collecting plyfile
  Using cached plyfile-1.1.5-py3-none-any.whl.metadata (43 kB)
Collecting tqdm
  Using cached tqdm-4.70.1-py3-none-any.whl.metadata (57 kB)
Collecting opencv-python
  Using cached opencv_python-5.0.0.93-cp37-abi3-manylinux_2_28_x86_64.whl.metadata (19 kB)
Collecting joblib
  Using cached joblib-1.6.0-py3-none-any.whl.metadata (6.5 kB)
Collecting lpips
  Using cached lpips-0.1.4-py3-none-any.whl.metadata (10 kB)
Collecting kornia
  Using cached kornia-0.8.2-py2.py3-none-any.whl.metadata (18 kB)
Collecting matplotlib
  Using cached matplotlib-3.10.9-cp310-cp310-manylinux2014_x86_64.manylinux_2_17_x86_64.whl.metadata (52 kB)
INFO: pip is looking at multiple versions of plyfile to determine which version is compatible with other requirements. This could take a while.
Collecting plyfile
  Using cached plyfile-1.1.4-py3-none-any.whl.metadata (43 kB)
  Using cached plyfile-1.1.3-py3-none-any.whl.metadata (43 kB)
INFO: pip is looking at multiple versions of opencv-python to determine which version is compatible with other requirements. This could take a while.
Collecting opencv-python
  Using cached opencv_python-4.14.0.94-cp37-abi3-manylinux_2_28_x86_64.whl.metadata (19 kB)
  Using cached opencv_python-4.13.0.92-cp37-abi3-manylinux_2_28_x86_64.whl.metadata (19 kB)
  Using cached opencv_python-4.13.0.90-cp37-abi3-manylinux_2_28_x86_64.whl.metadata (19 kB)
  Using cached opencv_python-4.12.0.88-cp37-abi3-manylinux2014_x86_64.manylinux_2_17_x86_64.whl.metadata (19 kB)
  Using cached opencv_python-4.11.0.86-cp37-abi3-manylinux_2_17_x86_64.manylinux2014_x86_64.whl.metadata (20 kB)
Collecting cloudpickle>=3.0 (from joblib)
  Using cached cloudpickle-3.1.2-py3-none-any.whl.metadata (7.1 kB)
Requirement already satisfied: torch>=0.4.0 in /mnt/hpccs01/home/n11585382/.conda/envs/3d-uir/lib/python3.10/site-packages (from lpips) (2.1.0+cu118)
Requirement already satisfied: torchvision>=0.2.1 in /mnt/hpccs01/home/n11585382/.conda/envs/3d-uir/lib/python3.10/site-packages (from lpips) (0.16.0+cu118)
Collecting scipy>=1.0.1 (from lpips)
  Using cached scipy-1.15.3-cp310-cp310-manylinux_2_17_x86_64.manylinux2014_x86_64.whl.metadata (61 kB)
Collecting kornia_rs>=0.1.9 (from kornia)
  Using cached kornia_rs-0.2.0-cp310-cp310-manylinux_2_17_x86_64.manylinux2014_x86_64.whl.metadata (19 kB)
Requirement already satisfied: packaging in /mnt/hpccs01/home/n11585382/.conda/envs/3d-uir/lib/python3.10/site-packages (from kornia) (26.3)
Collecting contourpy>=1.0.1 (from matplotlib)
  Using cached contourpy-1.3.2-cp310-cp310-manylinux_2_17_x86_64.manylinux2014_x86_64.whl.metadata (5.5 kB)
Collecting cycler>=0.10 (from matplotlib)
  Using cached cycler-0.12.1-py3-none-any.whl.metadata (3.8 kB)
Collecting fonttools>=4.22.0 (from matplotlib)
  Using cached fonttools-4.65.0-cp310-cp310-manylinux2014_x86_64.manylinux_2_17_x86_64.whl.metadata (125 kB)
Collecting kiwisolver>=1.3.1 (from matplotlib)
  Using cached kiwisolver-1.5.1-cp310-cp310-manylinux_2_12_x86_64.manylinux2010_x86_64.whl.metadata (5.2 kB)
Requirement already satisfied: pillow>=8 in /mnt/hpccs01/home/n11585382/.conda/envs/3d-uir/lib/python3.10/site-packages (from matplotlib) (12.3.0)
Collecting pyparsing>=3 (from matplotlib)
  Using cached pyparsing-3.3.3-py3-none-any.whl.metadata (5.9 kB)
Collecting python-dateutil>=2.7 (from matplotlib)
  Using cached python_dateutil-2.9.0.post0-py2.py3-none-any.whl.metadata (8.4 kB)
Collecting six>=1.5 (from python-dateutil>=2.7->matplotlib)
  Using cached six-1.17.0-py2.py3-none-any.whl.metadata (1.7 kB)
Requirement already satisfied: filelock in /mnt/hpccs01/home/n11585382/.conda/envs/3d-uir/lib/python3.10/site-packages (from torch>=0.4.0->lpips) (3.32.3)
Requirement already satisfied: typing-extensions in /mnt/hpccs01/home/n11585382/.conda/envs/3d-uir/lib/python3.10/site-packages (from torch>=0.4.0->lpips) (4.16.0)
Requirement already satisfied: sympy in /mnt/hpccs01/home/n11585382/.conda/envs/3d-uir/lib/python3.10/site-packages (from torch>=0.4.0->lpips) (1.14.0)
Requirement already satisfied: networkx in /mnt/hpccs01/home/n11585382/.conda/envs/3d-uir/lib/python3.10/site-packages (from torch>=0.4.0->lpips) (3.4.2)
Requirement already satisfied: jinja2 in /mnt/hpccs01/home/n11585382/.conda/envs/3d-uir/lib/python3.10/site-packages (from torch>=0.4.0->lpips) (3.1.6)
Requirement already satisfied: fsspec in /mnt/hpccs01/home/n11585382/.conda/envs/3d-uir/lib/python3.10/site-packages (from torch>=0.4.0->lpips) (2026.7.0)
Requirement already satisfied: triton==2.1.0 in /mnt/hpccs01/home/n11585382/.conda/envs/3d-uir/lib/python3.10/site-packages (from torch>=0.4.0->lpips) (2.1.0)
Requirement already satisfied: requests in /mnt/hpccs01/home/n11585382/.conda/envs/3d-uir/lib/python3.10/site-packages (from torchvision>=0.2.1->lpips) (2.28.1)
Requirement already satisfied: MarkupSafe>=2.0 in /mnt/hpccs01/home/n11585382/.conda/envs/3d-uir/lib/python3.10/site-packages (from jinja2->torch>=0.4.0->lpips) (3.0.3)
Requirement already satisfied: charset-normalizer<3,>=2 in /mnt/hpccs01/home/n11585382/.conda/envs/3d-uir/lib/python3.10/site-packages (from requests->torchvision>=0.2.1->lpips) (2.1.1)
Requirement already satisfied: idna<4,>=2.5 in /mnt/hpccs01/home/n11585382/.conda/envs/3d-uir/lib/python3.10/site-packages (from requests->torchvision>=0.2.1->lpips) (3.4)
Requirement already satisfied: urllib3<1.27,>=1.21.1 in /mnt/hpccs01/home/n11585382/.conda/envs/3d-uir/lib/python3.10/site-packages (from requests->torchvision>=0.2.1->lpips) (1.26.13)
Requirement already satisfied: certifi>=2017.4.17 in /mnt/hpccs01/home/n11585382/.conda/envs/3d-uir/lib/python3.10/site-packages (from requests->torchvision>=0.2.1->lpips) (2022.12.7)
Requirement already satisfied: mpmath<1.4,>=1.1.0 in /mnt/hpccs01/home/n11585382/.conda/envs/3d-uir/lib/python3.10/site-packages (from sympy->torch>=0.4.0->lpips) (1.3.0)
Using cached numpy-1.26.4-cp310-cp310-manylinux_2_17_x86_64.manylinux2014_x86_64.whl (18.2 MB)
Using cached plyfile-1.1.3-py3-none-any.whl (36 kB)
Using cached tqdm-4.70.1-py3-none-any.whl (80 kB)
Using cached opencv_python-4.11.0.86-cp37-abi3-manylinux_2_17_x86_64.manylinux2014_x86_64.whl (63.0 MB)
Using cached joblib-1.6.0-py3-none-any.whl (306 kB)
Using cached lpips-0.1.4-py3-none-any.whl (53 kB)
Using cached kornia-0.8.2-py2.py3-none-any.whl (1.1 MB)
Using cached matplotlib-3.10.9-cp310-cp310-manylinux2014_x86_64.manylinux_2_17_x86_64.whl (8.8 MB)
Using cached cloudpickle-3.1.2-py3-none-any.whl (22 kB)
Using cached contourpy-1.3.2-cp310-cp310-manylinux_2_17_x86_64.manylinux2014_x86_64.whl (325 kB)
Using cached cycler-0.12.1-py3-none-any.whl (8.3 kB)
Using cached fonttools-4.65.0-cp310-cp310-manylinux2014_x86_64.manylinux_2_17_x86_64.whl (5.3 MB)
Using cached kiwisolver-1.5.1-cp310-cp310-manylinux_2_12_x86_64.manylinux2010_x86_64.whl (1.6 MB)
Using cached kornia_rs-0.2.0-cp310-cp310-manylinux_2_17_x86_64.manylinux2014_x86_64.whl (5.3 MB)
Using cached pyparsing-3.3.3-py3-none-any.whl (126 kB)
Using cached python_dateutil-2.9.0.post0-py2.py3-none-any.whl (229 kB)
Using cached scipy-1.15.3-cp310-cp310-manylinux_2_17_x86_64.manylinux2014_x86_64.whl (37.7 MB)
Using cached six-1.17.0-py2.py3-none-any.whl (11 kB)
Installing collected packages: tqdm, six, pyparsing, numpy, kornia_rs, kiwisolver, fonttools, cycler, cloudpickle, scipy, python-dateutil, plyfile, opencv-python, joblib, contourpy, matplotlib, kornia, lpips
  Attempting uninstall: numpy
    Found existing installation: numpy 2.2.6
    Uninstalling numpy-2.2.6:
      Successfully uninstalled numpy-2.2.6

Successfully installed cloudpickle-3.1.2 contourpy-1.3.2 cycler-0.12.1 fonttools-4.65.0 joblib-1.6.0 kiwisolver-1.5.1 kornia-0.8.2 kornia_rs-0.2.0 lpips-0.1.4 matplotlib-3.10.9 numpy-1.26.4 opencv-python-4.11.0.86 plyfile-1.1.3 pyparsing-3.3.3 python-dateutil-2.9.0.post0 scipy-1.15.3 six-1.17.0 tqdm-4.70.1
[INFO] Running: pip install /mnt/hpccs01/home/n11585382/EUAPGM7346/UMP/Codebase/3DGS-Water-Approaches/Physics/3D-UIR-main/submodules/diff-gaussian-rasterization --no-build-isolation
Processing ./Codebase/3DGS-Water-Approaches/Physics/3D-UIR-main/submodules/diff-gaussian-rasterization
  Preparing metadata (pyproject.toml): started
  Preparing metadata (pyproject.toml): finished with status 'done'
Building wheels for collected packages: diff_gaussian_rasterization
  Building wheel for diff_gaussian_rasterization (pyproject.toml): started
  Building wheel for diff_gaussian_rasterization (pyproject.toml): finished with status 'done'
  Created wheel for diff_gaussian_rasterization: filename=diff_gaussian_rasterization-0.0.0-cp310-cp310-linux_x86_64.whl size=473906 sha256=838ad960d3c5e693ec7166a105951e6cdedb4717d0f532720f38dc669e0dff6a
  Stored in directory: /tmp/pbs.26342207.aqua/pip-ephem-wheel-cache-c1bedh5t/wheels/72/04/5a/230337e34159e1b8064572a077864880cc04e6a36fe180e1a3
Successfully built diff_gaussian_rasterization
Installing collected packages: diff_gaussian_rasterization
Successfully installed diff_gaussian_rasterization-0.0.0
[INFO] Running: pip install /mnt/hpccs01/home/n11585382/EUAPGM7346/UMP/Codebase/3DGS-Water-Approaches/Physics/3D-UIR-main/submodules/simple-knn --no-build-isolation
Processing ./Codebase/3DGS-Water-Approaches/Physics/3D-UIR-main/submodules/simple-knn
  Preparing metadata (pyproject.toml): started
  Preparing metadata (pyproject.toml): finished with status 'done'
Building wheels for collected packages: simple_knn
  Building wheel for simple_knn (pyproject.toml): started
  Building wheel for simple_knn (pyproject.toml): finished with status 'done'
  Created wheel for simple_knn: filename=simple_knn-0.0.0-cp310-cp310-linux_x86_64.whl size=534972 sha256=5b3c57d3e3645ae19554525b71ad58e4ea13df875bd7ffa4d0ae85bba4256000
  Stored in directory: /tmp/pbs.26342207.aqua/pip-ephem-wheel-cache-htnh7w44/wheels/c3/84/a5/3a81c9ba51241c4d6a0812d0baf389f7b7aa5a8dd068f96a4f
Successfully built simple_knn
Installing collected packages: simple_knn
Successfully installed simple_knn-0.0.0
[INFO] Running: pip install /mnt/hpccs01/home/n11585382/EUAPGM7346/UMP/Codebase/3DGS-Water-Approaches/Physics/3D-UIR-main/submodules/fused-ssim --no-build-isolation
Processing ./Codebase/3DGS-Water-Approaches/Physics/3D-UIR-main/submodules/fused-ssim
  Preparing metadata (pyproject.toml): started
  Preparing metadata (pyproject.toml): finished with status 'done'
Requirement already satisfied: torch>=2.0.0 in /mnt/hpccs01/home/n11585382/.conda/envs/3d-uir/lib/python3.10/site-packages (from fused-ssim==1.0.0) (2.1.0+cu118)
Requirement already satisfied: filelock in /mnt/hpccs01/home/n11585382/.conda/envs/3d-uir/lib/python3.10/site-packages (from torch>=2.0.0->fused-ssim==1.0.0) (3.32.3)
Requirement already satisfied: typing-extensions in /mnt/hpccs01/home/n11585382/.conda/envs/3d-uir/lib/python3.10/site-packages (from torch>=2.0.0->fused-ssim==1.0.0) (4.16.0)
Requirement already satisfied: sympy in /mnt/hpccs01/home/n11585382/.conda/envs/3d-uir/lib/python3.10/site-packages (from torch>=2.0.0->fused-ssim==1.0.0) (1.14.0)
Requirement already satisfied: networkx in /mnt/hpccs01/home/n11585382/.conda/envs/3d-uir/lib/python3.10/site-packages (from torch>=2.0.0->fused-ssim==1.0.0) (3.4.2)
Requirement already satisfied: jinja2 in /mnt/hpccs01/home/n11585382/.conda/envs/3d-uir/lib/python3.10/site-packages (from torch>=2.0.0->fused-ssim==1.0.0) (3.1.6)
Requirement already satisfied: fsspec in /mnt/hpccs01/home/n11585382/.conda/envs/3d-uir/lib/python3.10/site-packages (from torch>=2.0.0->fused-ssim==1.0.0) (2026.7.0)
Requirement already satisfied: triton==2.1.0 in /mnt/hpccs01/home/n11585382/.conda/envs/3d-uir/lib/python3.10/site-packages (from torch>=2.0.0->fused-ssim==1.0.0) (2.1.0)
Requirement already satisfied: MarkupSafe>=2.0 in /mnt/hpccs01/home/n11585382/.conda/envs/3d-uir/lib/python3.10/site-packages (from jinja2->torch>=2.0.0->fused-ssim==1.0.0) (3.0.3)
Requirement already satisfied: mpmath<1.4,>=1.1.0 in /mnt/hpccs01/home/n11585382/.conda/envs/3d-uir/lib/python3.10/site-packages (from sympy->torch>=2.0.0->fused-ssim==1.0.0) (1.3.0)
Building wheels for collected packages: fused-ssim
  Building wheel for fused-ssim (pyproject.toml): started
  Building wheel for fused-ssim (pyproject.toml): finished with status 'done'
  Created wheel for fused-ssim: filename=fused_ssim-1.0.0-cp310-cp310-linux_x86_64.whl size=136112 sha256=1a045e3dfd760484802e427856cea07a65440a06833308bf4351fafd9a5a6f0d
  Stored in directory: /tmp/pbs.26342207.aqua/pip-ephem-wheel-cache-0hexfs49/wheels/c3/a6/48/3245026e32aa4c22a1586a52398e9a4afa68be80145888d133
Successfully built fused-ssim
Installing collected packages: fused-ssim
Successfully installed fused-ssim-1.0.0
[INFO] Running: pip install git+https://github.com/NVlabs/tiny-cuda-nn/#subdirectory=bindings/torch --no-build-isolation
Collecting git+https://github.com/NVlabs/tiny-cuda-nn/#subdirectory=bindings/torch
  Cloning https://github.com/NVlabs/tiny-cuda-nn/ to /tmp/pbs.26342207.aqua/pip-req-build-phfu6aty
  Running command git clone --filter=blob:none --quiet https://github.com/NVlabs/tiny-cuda-nn/ /tmp/pbs.26342207.aqua/pip-req-build-phfu6aty
  Resolved https://github.com/NVlabs/tiny-cuda-nn/ to commit 3daa6e5b8b8e0fa17971a1a20acfbb3754494b38
  Running command git submodule update --init --recursive -q
  Preparing metadata (pyproject.toml): started
  Preparing metadata (pyproject.toml): finished with status 'done'
Building wheels for collected packages: tinycudann
  Building wheel for tinycudann (pyproject.toml): started
  Building wheel for tinycudann (pyproject.toml): still running...
  Building wheel for tinycudann (pyproject.toml): finished with status 'done'
  Created wheel for tinycudann: filename=tinycudann-2.0-cp310-cp310-linux_x86_64.whl size=21761429 sha256=0a9c6393c81ef9e4c89efda0d04b9c42dead91ae72fb2adc412da5a87ada9e7f
  Stored in directory: /tmp/pbs.26342207.aqua/pip-ephem-wheel-cache-mp94sr8l/wheels/32/d8/5e/dc94eca0794af9e09a6d97f19cf15dfe9bbbc4d56ae4db4aa2
Successfully built tinycudann
Installing collected packages: tinycudann
Successfully installed tinycudann-2.0
[SUCCESS] Environment '3d-uir' successfully provisioned.

======================================================================
 Setup Execution Completed Successfully
======================================================================
======================================================================
 Provisioning Conda Environment: gaussianSplashing_env
======================================================================
[INFO] 3DGS & OSCD Automation Setup Script Initialized
[INFO] Repository root: /mnt/hpccs01/home/n11585382/EUAPGM7346/UMP

======================================================================
 Provisioning Conda Environment: gaussianSplashing_env (Python 3.10)
======================================================================
[INFO] Submodule verified: submodules/diff-gaussian-rasterization_UW
[INFO] Submodule verified: submodules/simple-knn
[INFO] Recreating Conda environment 'gaussianSplashing_env' (requested python=3.10, existing python=3.11)...
[INFO] Running: conda env remove -n gaussianSplashing_env -y

Remove all packages in environment /home/n11585382/.conda/envs/gaussianSplashing_env:

[INFO] Creating fresh Conda environment 'gaussianSplashing_env'...
[INFO] Running: conda create -n gaussianSplashing_env python=3.10 -y
Channels:
 - defaults
Platform: linux-64
Collecting package metadata (repodata.json): ...working... done
Solving environment: ...working... done

## Package Plan ##

  environment location: /home/n11585382/.conda/envs/gaussianSplashing_env

  added / updated specs:
    - python=3.10


The following NEW packages will be INSTALLED:

  _libgcc_mutex      pkgs/main/linux-64::_libgcc_mutex-0.1-main 
  _openmp_mutex      pkgs/main/linux-64::_openmp_mutex-5.1-52_gnu 
  bzip2              pkgs/main/linux-64::bzip2-1.0.8-h5eee18b_6 
  ca-certificates    pkgs/main/linux-64::ca-certificates-2026.9.25-h06a4308_0 
  ld_impl_linux-64   pkgs/main/linux-64::ld_impl_linux-64-2.44-h9e0c5a2_3 
  libexpat           pkgs/main/linux-64::libexpat-2.8.5-h7354ed3_1 
  libffi             pkgs/main/linux-64::libffi-3.4.8-h06d3fd0_3 
  libgcc             pkgs/main/linux-64::libgcc-15.2.0-h69a1729_8 
  libgcc-ng          pkgs/main/linux-64::libgcc-ng-15.2.0-h166f726_8 
  libnsl             pkgs/main/linux-64::libnsl-2.0.0-h5eee18b_0 
  libstdcxx          pkgs/main/linux-64::libstdcxx-15.2.0-h39759b7_8 
  libuuid            pkgs/main/linux-64::libuuid-1.41.5-h5eee18b_0 
  libxcb             pkgs/main/linux-64::libxcb-1.17.0-h9b100fa_0 
  libzlib            pkgs/main/linux-64::libzlib-1.3.2-h47b2149_0 
  ncurses            pkgs/main/linux-64::ncurses-6.6-hfaaeb4e_0 
  openssl            pkgs/main/linux-64::openssl-3.5.9-h1b28b03_0 
  packaging          pkgs/main/linux-64::packaging-26.3-py310h06a4308_0 
  pip                pkgs/main/noarch::pip-26.2.1-pyhc872135_0 
  pthread-stubs      pkgs/main/linux-64::pthread-stubs-0.3-h47b2149_2 
  python             pkgs/main/linux-64::python-3.10.22-hd9cb797_0 
  readline           pkgs/main/linux-64::readline-8.3-hc2a1206_0 
  setuptools         pkgs/main/linux-64::setuptools-83.0.0-py310h06a4308_0 
  sqlite             pkgs/main/linux-64::sqlite-3.53.4-h795bf6d_0 
  tk                 pkgs/main/linux-64::tk-8.6.15-h54e0aa7_0 
  tzdata             pkgs/main/noarch::tzdata-2026c-he532380_0 
  wheel              pkgs/main/linux-64::wheel-0.47.0-py310h06a4308_0 
  xorg-libx11        pkgs/main/linux-64::xorg-libx11-1.8.13-h65de747_0 
  xorg-libxau        pkgs/main/linux-64::xorg-libxau-1.0.12-h9b100fa_0 
  xorg-libxdmcp      pkgs/main/linux-64::xorg-libxdmcp-1.1.5-h9b100fa_0 
  xorg-xorgproto     pkgs/main/linux-64::xorg-xorgproto-2025.1-h47b2149_0 
  xz                 pkgs/main/linux-64::xz-5.8.4-h140a991_0 
  zlib               pkgs/main/linux-64::zlib-1.3.2-h47b2149_0 



Downloading and Extracting Packages: ...working... done
Preparing transaction: ...working... done
Verifying transaction: ...working... done
Executing transaction: ...working... done
#
# To activate this environment, use
#
#     $ conda activate gaussianSplashing_env
#
# To deactivate an active environment, use
#
#     $ conda deactivate

[INFO] Running: conda install -y -n gaussianSplashing_env -c conda-forge plyfile=0.8.1 tqdm
Channels:
 - conda-forge
 - defaults
Platform: linux-64
Collecting package metadata (repodata.json): ...working... done
Solving environment: ...working... done

## Package Plan ##

  environment location: /home/n11585382/.conda/envs/gaussianSplashing_env

  added / updated specs:
    - plyfile=0.8.1
    - tqdm


The following NEW packages will be INSTALLED:

  libblas            conda-forge/linux-64::libblas-3.11.0-11_h4a7cf45_openblas 
  libcblas           conda-forge/linux-64::libcblas-3.11.0-11_h0358290_openblas 
  libgfortran        conda-forge/linux-64::libgfortran-15.2.0-h69a702a_20 
  libgfortran5       conda-forge/linux-64::libgfortran5-15.2.0-h68bc16d_20 
  liblapack          conda-forge/linux-64::liblapack-3.11.0-11_h47877c9_openblas 
  libopenblas        conda-forge/linux-64::libopenblas-0.3.34-pthreads_h94d23a6_0 
  numpy              conda-forge/linux-64::numpy-2.2.6-py310hefbff90_0 
  plyfile            conda-forge/noarch::plyfile-0.8.1-pyhd8ed1ab_0 
  python_abi         conda-forge/linux-64::python_abi-3.10-2_cp310 
  tqdm               conda-forge/noarch::tqdm-4.70.0-pyh8f84b5b_0 

The following packages will be UPDATED:

  openssl               pkgs/main::openssl-3.5.9-h1b28b03_0 --> conda-forge::openssl-3.6.4-h781a0a9_0 



Downloading and Extracting Packages: ...working... done
Preparing transaction: ...working... done
Verifying transaction: ...working... done
Executing transaction: ...working... done
[INFO] Active environment: gaussianSplashing_env
[INFO] Running: pip install --upgrade pip
Requirement already satisfied: pip in /mnt/hpccs01/home/n11585382/.conda/envs/gaussianSplashing_env/lib/python3.10/site-packages (26.2.1)
[INFO] Running: pip install torch torchvision torchaudio --index-url https://download.pytorch.org/whl/cu121
Looking in indexes: https://download.pytorch.org/whl/cu121
Collecting torch
  Using cached torch-2.5.1%2Bcu121-cp310-cp310-linux_x86_64.whl (780.4 MB)
Collecting torchvision
  Using cached torchvision-0.20.1%2Bcu121-cp310-cp310-linux_x86_64.whl (7.3 MB)
Collecting torchaudio
  Using cached torchaudio-2.5.1%2Bcu121-cp310-cp310-linux_x86_64.whl (3.4 MB)
Collecting filelock (from torch)
  Using cached filelock-3.32.3-py3-none-any.whl.metadata (2.0 kB)
Collecting typing-extensions>=4.8.0 (from torch)
  Using cached typing_extensions-4.16.0-py3-none-any.whl.metadata (3.3 kB)
Collecting networkx (from torch)
  Using cached networkx-3.4.2-py3-none-any.whl.metadata (6.3 kB)
Collecting jinja2 (from torch)
  Using cached jinja2-3.1.6-py3-none-any.whl.metadata (2.9 kB)
Collecting fsspec (from torch)
  Using cached fsspec-2026.7.0-py3-none-any.whl.metadata (10 kB)
Collecting nvidia-cuda-nvrtc-cu12==12.1.105 (from torch)
  Downloading nvidia_cuda_nvrtc_cu12-12.1.105-py3-none-manylinux1_x86_64.whl (23.7 MB)
     ━━━━━━━━━━━━━━━━━━━━━━━━━━━━━━━━━━━━━━━━ 23.7/23.7 MB 70.5 MB/s  0:00:00
Collecting nvidia-cuda-runtime-cu12==12.1.105 (from torch)
  Downloading nvidia_cuda_runtime_cu12-12.1.105-py3-none-manylinux1_x86_64.whl (823 kB)
     ━━━━━━━━━━━━━━━━━━━━━━━━━━━━━━━━━━━━━━━━ 823.6/823.6 kB 193.8 MB/s  0:00:00
Collecting nvidia-cuda-cupti-cu12==12.1.105 (from torch)
  Downloading nvidia_cuda_cupti_cu12-12.1.105-py3-none-manylinux1_x86_64.whl (14.1 MB)
     ━━━━━━━━━━━━━━━━━━━━━━━━━━━━━━━━━━━━━━━━ 14.1/14.1 MB 86.8 MB/s  0:00:00
Collecting nvidia-cudnn-cu12==9.1.0.70 (from torch)
  Using cached nvidia_cudnn_cu12-9.1.0.70-py3-none-manylinux2014_x86_64.whl (664.8 MB)
Collecting nvidia-cublas-cu12==12.1.3.1 (from torch)
  Downloading nvidia_cublas_cu12-12.1.3.1-py3-none-manylinux1_x86_64.whl (410.6 MB)
     ━━━━━━━━━━━━━━━━━━━━━━━━━━━━━━━━━━━━━━━━ 410.6/410.6 MB 97.6 MB/s  0:00:04
Collecting nvidia-cufft-cu12==11.0.2.54 (from torch)
  Downloading nvidia_cufft_cu12-11.0.2.54-py3-none-manylinux1_x86_64.whl (121.6 MB)
     ━━━━━━━━━━━━━━━━━━━━━━━━━━━━━━━━━━━━━━━━ 121.6/121.6 MB 93.4 MB/s  0:00:01
Collecting nvidia-curand-cu12==10.3.2.106 (from torch)
  Downloading nvidia_curand_cu12-10.3.2.106-py3-none-manylinux1_x86_64.whl (56.5 MB)
     ━━━━━━━━━━━━━━━━━━━━━━━━━━━━━━━━━━━━━━━━ 56.5/56.5 MB 88.3 MB/s  0:00:00
Collecting nvidia-cusolver-cu12==11.4.5.107 (from torch)
  Downloading nvidia_cusolver_cu12-11.4.5.107-py3-none-manylinux1_x86_64.whl (124.2 MB)
     ━━━━━━━━━━━━━━━━━━━━━━━━━━━━━━━━━━━━━━━━ 124.2/124.2 MB 104.7 MB/s  0:00:01
Collecting nvidia-cusparse-cu12==12.1.0.106 (from torch)
  Downloading nvidia_cusparse_cu12-12.1.0.106-py3-none-manylinux1_x86_64.whl (196.0 MB)
     ━━━━━━━━━━━━━━━━━━━━━━━━━━━━━━━━━━━━━━━━ 196.0/196.0 MB 93.9 MB/s  0:00:02
Collecting nvidia-nccl-cu12==2.21.5 (from torch)
  Downloading nvidia_nccl_cu12-2.21.5-py3-none-manylinux2014_x86_64.whl (188.7 MB)
     ━━━━━━━━━━━━━━━━━━━━━━━━━━━━━━━━━━━━━━━━ 188.7/188.7 MB 82.0 MB/s  0:00:02
Collecting nvidia-nvtx-cu12==12.1.105 (from torch)
  Downloading nvidia_nvtx_cu12-12.1.105-py3-none-manylinux1_x86_64.whl (99 kB)
Collecting triton==3.1.0 (from torch)
  Using cached triton-3.1.0-cp310-cp310-manylinux_2_17_x86_64.manylinux2014_x86_64.whl (209.5 MB)
Collecting sympy==1.13.1 (from torch)
  Using cached sympy-1.13.1-py3-none-any.whl.metadata (12 kB)
Collecting nvidia-nvjitlink-cu12 (from nvidia-cusolver-cu12==11.4.5.107->torch)
  Downloading nvidia_nvjitlink_cu12-12.9.86-py3-none-manylinux2010_x86_64.manylinux_2_12_x86_64.whl (39.7 MB)
     ━━━━━━━━━━━━━━━━━━━━━━━━━━━━━━━━━━━━━━━━ 39.7/39.7 MB 80.4 MB/s  0:00:00
Collecting mpmath<1.4,>=1.1.0 (from sympy==1.13.1->torch)
  Using cached mpmath-1.3.0-py3-none-any.whl.metadata (8.6 kB)
Requirement already satisfied: numpy in /mnt/hpccs01/home/n11585382/.conda/envs/gaussianSplashing_env/lib/python3.10/site-packages (from torchvision) (2.2.6)
Collecting pillow!=8.3.*,>=5.3.0 (from torchvision)
  Using cached pillow-12.3.0-cp310-cp310-manylinux_2_27_x86_64.manylinux_2_28_x86_64.whl.metadata (9.1 kB)
Collecting MarkupSafe>=2.0 (from jinja2->torch)
  Using cached markupsafe-3.0.3-cp310-cp310-manylinux2014_x86_64.manylinux_2_17_x86_64.manylinux_2_28_x86_64.whl.metadata (2.7 kB)
Using cached sympy-1.13.1-py3-none-any.whl (6.2 MB)
Using cached mpmath-1.3.0-py3-none-any.whl (536 kB)
Using cached pillow-12.3.0-cp310-cp310-manylinux_2_27_x86_64.manylinux_2_28_x86_64.whl (6.9 MB)
Using cached typing_extensions-4.16.0-py3-none-any.whl (45 kB)
Using cached filelock-3.32.3-py3-none-any.whl (98 kB)
Using cached fsspec-2026.7.0-py3-none-any.whl (206 kB)
Using cached jinja2-3.1.6-py3-none-any.whl (134 kB)
Using cached markupsafe-3.0.3-cp310-cp310-manylinux2014_x86_64.manylinux_2_17_x86_64.manylinux_2_28_x86_64.whl (20 kB)
Using cached networkx-3.4.2-py3-none-any.whl (1.7 MB)
Installing collected packages: mpmath, typing-extensions, sympy, pillow, nvidia-nvtx-cu12, nvidia-nvjitlink-cu12, nvidia-nccl-cu12, nvidia-curand-cu12, nvidia-cufft-cu12, nvidia-cuda-runtime-cu12, nvidia-cuda-nvrtc-cu12, nvidia-cuda-cupti-cu12, nvidia-cublas-cu12, networkx, MarkupSafe, fsspec, filelock, triton, nvidia-cusparse-cu12, nvidia-cudnn-cu12, jinja2, nvidia-cusolver-cu12, torch, torchvision, torchaudio

Successfully installed MarkupSafe-3.0.3 filelock-3.32.3 fsspec-2026.7.0 jinja2-3.1.6 mpmath-1.3.0 networkx-3.4.2 nvidia-cublas-cu12-12.1.3.1 nvidia-cuda-cupti-cu12-12.1.105 nvidia-cuda-nvrtc-cu12-12.1.105 nvidia-cuda-runtime-cu12-12.1.105 nvidia-cudnn-cu12-9.1.0.70 nvidia-cufft-cu12-11.0.2.54 nvidia-curand-cu12-10.3.2.106 nvidia-cusolver-cu12-11.4.5.107 nvidia-cusparse-cu12-12.1.0.106 nvidia-nccl-cu12-2.21.5 nvidia-nvjitlink-cu12-12.9.86 nvidia-nvtx-cu12-12.1.105 pillow-12.3.0 sympy-1.13.1 torch-2.5.1+cu121 torchaudio-2.5.1+cu121 torchvision-0.20.1+cu121 triton-3.1.0 typing-extensions-4.16.0
[INFO] Running: pip install matplotlib wandb timm scikit-learn pdc-dp-means opencv-python pyyaml
Collecting matplotlib
  Using cached matplotlib-3.10.9-cp310-cp310-manylinux2014_x86_64.manylinux_2_17_x86_64.whl.metadata (52 kB)
Collecting wandb
  Using cached wandb-0.30.0-py3-none-manylinux_2_28_x86_64.whl.metadata (11 kB)
Collecting timm
  Using cached timm-1.0.30-py3-none-any.whl.metadata (33 kB)
Collecting scikit-learn
  Using cached scikit_learn-1.7.2-cp310-cp310-manylinux2014_x86_64.manylinux_2_17_x86_64.whl.metadata (11 kB)
Collecting pdc-dp-means
  Using cached pdc_dp_means-0.0.8-cp310-cp310-manylinux_2_17_x86_64.manylinux2014_x86_64.whl.metadata (3.2 kB)
Collecting opencv-python
  Using cached opencv_python-5.0.0.93-cp37-abi3-manylinux_2_28_x86_64.whl.metadata (19 kB)
Collecting pyyaml
  Using cached pyyaml-6.0.3-cp310-cp310-manylinux2014_x86_64.manylinux_2_17_x86_64.manylinux_2_28_x86_64.whl.metadata (2.4 kB)
Collecting contourpy>=1.0.1 (from matplotlib)
  Using cached contourpy-1.3.2-cp310-cp310-manylinux_2_17_x86_64.manylinux2014_x86_64.whl.metadata (5.5 kB)
Collecting cycler>=0.10 (from matplotlib)
  Using cached cycler-0.12.1-py3-none-any.whl.metadata (3.8 kB)
Collecting fonttools>=4.22.0 (from matplotlib)
  Using cached fonttools-4.65.0-cp310-cp310-manylinux2014_x86_64.manylinux_2_17_x86_64.whl.metadata (125 kB)
Collecting kiwisolver>=1.3.1 (from matplotlib)
  Using cached kiwisolver-1.5.1-cp310-cp310-manylinux_2_12_x86_64.manylinux2010_x86_64.whl.metadata (5.2 kB)
Requirement already satisfied: numpy>=1.23 in /mnt/hpccs01/home/n11585382/.conda/envs/gaussianSplashing_env/lib/python3.10/site-packages (from matplotlib) (2.2.6)
Requirement already satisfied: packaging>=20.0 in /mnt/hpccs01/home/n11585382/.conda/envs/gaussianSplashing_env/lib/python3.10/site-packages (from matplotlib) (26.3)
Requirement already satisfied: pillow>=8 in /mnt/hpccs01/home/n11585382/.conda/envs/gaussianSplashing_env/lib/python3.10/site-packages (from matplotlib) (12.3.0)
Collecting pyparsing>=3 (from matplotlib)
  Using cached pyparsing-3.3.3-py3-none-any.whl.metadata (5.9 kB)
Collecting python-dateutil>=2.7 (from matplotlib)
  Using cached python_dateutil-2.9.0.post0-py2.py3-none-any.whl.metadata (8.4 kB)
Collecting click>=8.2.0 (from wandb)
  Using cached click-8.5.0-py3-none-any.whl.metadata (2.6 kB)
Collecting opentelemetry-api>=1.43.0 (from wandb)
  Using cached opentelemetry_api-1.45.0-py3-none-any.whl.metadata (1.4 kB)
Collecting opentelemetry-exporter-otlp-proto-http>=1.43.0 (from wandb)
  Using cached opentelemetry_exporter_otlp_proto_http-1.45.0-py3-none-any.whl.metadata (3.1 kB)
Collecting opentelemetry-sdk>=1.43.0 (from wandb)
  Using cached opentelemetry_sdk-1.45.0-py3-none-any.whl.metadata (1.6 kB)
Collecting platformdirs (from wandb)
  Using cached platformdirs-4.12.3-py3-none-any.whl.metadata (5.5 kB)
Collecting protobuf!=5.28.0,!=5.29.0,<8,>=5 (from wandb)
  Using cached protobuf-7.36.2-cp310-abi3-manylinux2014_x86_64.whl.metadata (595 bytes)
Collecting pydantic<3,>=2.6 (from wandb)
  Using cached pydantic-2.13.5-py3-none-any.whl.metadata (110 kB)
Collecting requests<3,>=2.0.0 (from wandb)
  Using cached requests-2.34.2-py3-none-any.whl.metadata (4.8 kB)
Requirement already satisfied: typing-extensions<5,>=4.8 in /mnt/hpccs01/home/n11585382/.conda/envs/gaussianSplashing_env/lib/python3.10/site-packages (from wandb) (4.16.0)
Collecting xxhash>=3.0.0 (from wandb)
  Using cached xxhash-4.0.1-cp310-cp310-manylinux2014_x86_64.manylinux_2_17_x86_64.manylinux_2_28_x86_64.whl.metadata (17 kB)
Collecting annotated-types>=0.6.0 (from pydantic<3,>=2.6->wandb)
  Using cached annotated_types-0.8.0-py3-none-any.whl.metadata (15 kB)
Collecting pydantic-core==2.46.5 (from pydantic<3,>=2.6->wandb)
  Using cached pydantic_core-2.46.5-cp310-cp310-manylinux_2_17_x86_64.manylinux2014_x86_64.whl.metadata (6.6 kB)
Collecting typing-inspection>=0.4.2 (from pydantic<3,>=2.6->wandb)
  Using cached typing_inspection-0.4.4-py3-none-any.whl.metadata (2.6 kB)
Collecting charset_normalizer<4,>=2 (from requests<3,>=2.0.0->wandb)
  Using cached charset_normalizer-3.5.2-cp310-cp310-manylinux2014_x86_64.manylinux_2_17_x86_64.manylinux_2_28_x86_64.whl.metadata (46 kB)
Collecting idna<4,>=2.5 (from requests<3,>=2.0.0->wandb)
  Using cached idna-3.20-py3-none-any.whl.metadata (7.2 kB)
Collecting urllib3<3,>=1.26 (from requests<3,>=2.0.0->wandb)
  Using cached urllib3-2.8.0-py3-none-any.whl.metadata (7.4 kB)
Collecting certifi>=2023.5.7 (from requests<3,>=2.0.0->wandb)
  Using cached certifi-2026.7.22-py3-none-any.whl.metadata (2.5 kB)
Requirement already satisfied: torch in /mnt/hpccs01/home/n11585382/.conda/envs/gaussianSplashing_env/lib/python3.10/site-packages (from timm) (2.5.1+cu121)
Requirement already satisfied: torchvision in /mnt/hpccs01/home/n11585382/.conda/envs/gaussianSplashing_env/lib/python3.10/site-packages (from timm) (0.20.1+cu121)
Collecting huggingface_hub (from timm)
  Using cached huggingface_hub-2.1.1-py3-none-any.whl.metadata (16 kB)
Collecting safetensors (from timm)
  Using cached safetensors-0.8.0-cp310-abi3-manylinux_2_17_x86_64.manylinux2014_x86_64.whl.metadata (4.2 kB)
Collecting scipy>=1.8.0 (from scikit-learn)
  Using cached scipy-1.15.3-cp310-cp310-manylinux_2_17_x86_64.manylinux2014_x86_64.whl.metadata (61 kB)
Collecting joblib>=1.2.0 (from scikit-learn)
  Using cached joblib-1.6.0-py3-none-any.whl.metadata (6.5 kB)
Collecting threadpoolctl>=3.1.0 (from scikit-learn)
  Using cached threadpoolctl-3.7.0-py3-none-any.whl.metadata (24 kB)
Collecting scikit-learn
  Using cached scikit_learn-1.2.2-cp310-cp310-manylinux_2_17_x86_64.manylinux2014_x86_64.whl.metadata (11 kB)
Collecting numpy>=1.23 (from matplotlib)
  Using cached numpy-1.26.4-cp310-cp310-manylinux_2_17_x86_64.manylinux2014_x86_64.whl.metadata (61 kB)
INFO: pip is looking at multiple versions of opencv-python to determine which version is compatible with other requirements. This could take a while.
Collecting opencv-python
  Using cached opencv_python-4.14.0.94-cp37-abi3-manylinux_2_28_x86_64.whl.metadata (19 kB)
  Using cached opencv_python-4.13.0.92-cp37-abi3-manylinux_2_28_x86_64.whl.metadata (19 kB)
  Using cached opencv_python-4.13.0.90-cp37-abi3-manylinux_2_28_x86_64.whl.metadata (19 kB)
  Using cached opencv_python-4.12.0.88-cp37-abi3-manylinux2014_x86_64.manylinux_2_17_x86_64.whl.metadata (19 kB)
  Using cached opencv_python-4.11.0.86-cp37-abi3-manylinux_2_17_x86_64.manylinux2014_x86_64.whl.metadata (20 kB)
Collecting cloudpickle>=3.0 (from joblib>=1.2.0->scikit-learn)
  Using cached cloudpickle-3.1.2-py3-none-any.whl.metadata (7.1 kB)
Collecting googleapis-common-protos~=1.52 (from opentelemetry-exporter-otlp-proto-http>=1.43.0->wandb)
  Using cached googleapis_common_protos-1.75.5-py3-none-any.whl.metadata (8.5 kB)
Collecting opentelemetry-exporter-http-transport==0.66b0 (from opentelemetry-exporter-http-transport[urllib3]==0.66b0->opentelemetry-exporter-otlp-proto-http>=1.43.0->wandb)
  Using cached opentelemetry_exporter_http_transport-0.66b0-py3-none-any.whl.metadata (2.3 kB)
Collecting opentelemetry-exporter-otlp-common==0.66b0 (from opentelemetry-exporter-otlp-proto-http>=1.43.0->wandb)
  Using cached opentelemetry_exporter_otlp_common-0.66b0-py3-none-any.whl.metadata (1.9 kB)
Collecting opentelemetry-exporter-otlp-proto-common==1.45.0 (from opentelemetry-exporter-otlp-proto-http>=1.43.0->wandb)
  Using cached opentelemetry_exporter_otlp_proto_common-1.45.0-py3-none-any.whl.metadata (1.8 kB)
Collecting opentelemetry-proto==1.45.0 (from opentelemetry-exporter-otlp-proto-http>=1.43.0->wandb)
  Using cached opentelemetry_proto-1.45.0-py3-none-any.whl.metadata (2.3 kB)
Collecting opentelemetry-semantic-conventions==0.66b0 (from opentelemetry-sdk>=1.43.0->wandb)
  Using cached opentelemetry_semantic_conventions-0.66b0-py3-none-any.whl.metadata (2.4 kB)
Collecting six>=1.5 (from python-dateutil>=2.7->matplotlib)
  Using cached six-1.17.0-py2.py3-none-any.whl.metadata (1.7 kB)
Requirement already satisfied: filelock>=3.10.0 in /mnt/hpccs01/home/n11585382/.conda/envs/gaussianSplashing_env/lib/python3.10/site-packages (from huggingface_hub->timm) (3.32.3)
Requirement already satisfied: fsspec>=2023.5.0 in /mnt/hpccs01/home/n11585382/.conda/envs/gaussianSplashing_env/lib/python3.10/site-packages (from huggingface_hub->timm) (2026.7.0)
Collecting hf-xet<2.0.0,>=1.6.0 (from huggingface_hub->timm)
  Using cached hf_xet-1.6.0-cp38-abi3-manylinux2014_x86_64.manylinux_2_17_x86_64.whl.metadata (4.9 kB)
Collecting httpx2<3,>=2.0.0 (from huggingface_hub->timm)
  Using cached httpx2-2.13.1-py3-none-any.whl.metadata (9.8 kB)
Collecting tomli>=1.1.0 (from huggingface_hub->timm)
  Using cached tomli-2.4.1-py3-none-any.whl.metadata (10 kB)
Requirement already satisfied: tqdm>=4.42.1 in /mnt/hpccs01/home/n11585382/.conda/envs/gaussianSplashing_env/lib/python3.10/site-packages (from huggingface_hub->timm) (4.70.0)
Collecting anyio>=4.10 (from httpx2<3,>=2.0.0->huggingface_hub->timm)
  Using cached anyio-4.15.1-py3-none-any.whl.metadata (4.7 kB)
Collecting httpcore2==2.13.1 (from httpx2<3,>=2.0.0->huggingface_hub->timm)
  Using cached httpcore2-2.13.1-py3-none-any.whl.metadata (26 kB)
Collecting truststore>=0.10 (from httpx2<3,>=2.0.0->huggingface_hub->timm)
  Using cached truststore-0.10.4-py3-none-any.whl.metadata (4.4 kB)
Collecting h11>=0.16 (from httpcore2==2.13.1->httpx2<3,>=2.0.0->huggingface_hub->timm)
  Using cached h11-0.16.0-py3-none-any.whl.metadata (8.3 kB)
Collecting exceptiongroup>=1.0.2 (from anyio>=4.10->httpx2<3,>=2.0.0->huggingface_hub->timm)
  Using cached exceptiongroup-1.3.1-py3-none-any.whl.metadata (6.7 kB)
Requirement already satisfied: networkx in /mnt/hpccs01/home/n11585382/.conda/envs/gaussianSplashing_env/lib/python3.10/site-packages (from torch->timm) (3.4.2)
Requirement already satisfied: jinja2 in /mnt/hpccs01/home/n11585382/.conda/envs/gaussianSplashing_env/lib/python3.10/site-packages (from torch->timm) (3.1.6)
Requirement already satisfied: nvidia-cuda-nvrtc-cu12==12.1.105 in /mnt/hpccs01/home/n11585382/.conda/envs/gaussianSplashing_env/lib/python3.10/site-packages (from torch->timm) (12.1.105)
Requirement already satisfied: nvidia-cuda-runtime-cu12==12.1.105 in /mnt/hpccs01/home/n11585382/.conda/envs/gaussianSplashing_env/lib/python3.10/site-packages (from torch->timm) (12.1.105)
Requirement already satisfied: nvidia-cuda-cupti-cu12==12.1.105 in /mnt/hpccs01/home/n11585382/.conda/envs/gaussianSplashing_env/lib/python3.10/site-packages (from torch->timm) (12.1.105)
Requirement already satisfied: nvidia-cudnn-cu12==9.1.0.70 in /mnt/hpccs01/home/n11585382/.conda/envs/gaussianSplashing_env/lib/python3.10/site-packages (from torch->timm) (9.1.0.70)
Requirement already satisfied: nvidia-cublas-cu12==12.1.3.1 in /mnt/hpccs01/home/n11585382/.conda/envs/gaussianSplashing_env/lib/python3.10/site-packages (from torch->timm) (12.1.3.1)
Requirement already satisfied: nvidia-cufft-cu12==11.0.2.54 in /mnt/hpccs01/home/n11585382/.conda/envs/gaussianSplashing_env/lib/python3.10/site-packages (from torch->timm) (11.0.2.54)
Requirement already satisfied: nvidia-curand-cu12==10.3.2.106 in /mnt/hpccs01/home/n11585382/.conda/envs/gaussianSplashing_env/lib/python3.10/site-packages (from torch->timm) (10.3.2.106)
Requirement already satisfied: nvidia-cusolver-cu12==11.4.5.107 in /mnt/hpccs01/home/n11585382/.conda/envs/gaussianSplashing_env/lib/python3.10/site-packages (from torch->timm) (11.4.5.107)
Requirement already satisfied: nvidia-cusparse-cu12==12.1.0.106 in /mnt/hpccs01/home/n11585382/.conda/envs/gaussianSplashing_env/lib/python3.10/site-packages (from torch->timm) (12.1.0.106)
Requirement already satisfied: nvidia-nccl-cu12==2.21.5 in /mnt/hpccs01/home/n11585382/.conda/envs/gaussianSplashing_env/lib/python3.10/site-packages (from torch->timm) (2.21.5)
Requirement already satisfied: nvidia-nvtx-cu12==12.1.105 in /mnt/hpccs01/home/n11585382/.conda/envs/gaussianSplashing_env/lib/python3.10/site-packages (from torch->timm) (12.1.105)
Requirement already satisfied: triton==3.1.0 in /mnt/hpccs01/home/n11585382/.conda/envs/gaussianSplashing_env/lib/python3.10/site-packages (from torch->timm) (3.1.0)
Requirement already satisfied: sympy==1.13.1 in /mnt/hpccs01/home/n11585382/.conda/envs/gaussianSplashing_env/lib/python3.10/site-packages (from torch->timm) (1.13.1)
Requirement already satisfied: nvidia-nvjitlink-cu12 in /mnt/hpccs01/home/n11585382/.conda/envs/gaussianSplashing_env/lib/python3.10/site-packages (from nvidia-cusolver-cu12==11.4.5.107->torch->timm) (12.9.86)
Requirement already satisfied: mpmath<1.4,>=1.1.0 in /mnt/hpccs01/home/n11585382/.conda/envs/gaussianSplashing_env/lib/python3.10/site-packages (from sympy==1.13.1->torch->timm) (1.3.0)
Requirement already satisfied: MarkupSafe>=2.0 in /mnt/hpccs01/home/n11585382/.conda/envs/gaussianSplashing_env/lib/python3.10/site-packages (from jinja2->torch->timm) (3.0.3)
Using cached matplotlib-3.10.9-cp310-cp310-manylinux2014_x86_64.manylinux_2_17_x86_64.whl (8.8 MB)
Using cached wandb-0.30.0-py3-none-manylinux_2_28_x86_64.whl (26.1 MB)
Using cached protobuf-7.36.2-cp310-abi3-manylinux2014_x86_64.whl (343 kB)
Using cached pydantic-2.13.5-py3-none-any.whl (472 kB)
Using cached pydantic_core-2.46.5-cp310-cp310-manylinux_2_17_x86_64.manylinux2014_x86_64.whl (2.1 MB)
Using cached requests-2.34.2-py3-none-any.whl (73 kB)
Using cached charset_normalizer-3.5.2-cp310-cp310-manylinux2014_x86_64.manylinux_2_17_x86_64.manylinux_2_28_x86_64.whl (271 kB)
Using cached idna-3.20-py3-none-any.whl (69 kB)
Using cached urllib3-2.8.0-py3-none-any.whl (135 kB)
Using cached timm-1.0.30-py3-none-any.whl (2.7 MB)
Using cached pdc_dp_means-0.0.8-cp310-cp310-manylinux_2_17_x86_64.manylinux2014_x86_64.whl (3.1 MB)
Using cached scikit_learn-1.2.2-cp310-cp310-manylinux_2_17_x86_64.manylinux2014_x86_64.whl (9.6 MB)
Using cached numpy-1.26.4-cp310-cp310-manylinux_2_17_x86_64.manylinux2014_x86_64.whl (18.2 MB)
Using cached opencv_python-4.11.0.86-cp37-abi3-manylinux_2_17_x86_64.manylinux2014_x86_64.whl (63.0 MB)
Using cached pyyaml-6.0.3-cp310-cp310-manylinux2014_x86_64.manylinux_2_17_x86_64.manylinux_2_28_x86_64.whl (770 kB)
Using cached annotated_types-0.8.0-py3-none-any.whl (13 kB)
Using cached certifi-2026.7.22-py3-none-any.whl (136 kB)
Using cached click-8.5.0-py3-none-any.whl (125 kB)
Using cached contourpy-1.3.2-cp310-cp310-manylinux_2_17_x86_64.manylinux2014_x86_64.whl (325 kB)
Using cached cycler-0.12.1-py3-none-any.whl (8.3 kB)
Using cached fonttools-4.65.0-cp310-cp310-manylinux2014_x86_64.manylinux_2_17_x86_64.whl (5.3 MB)
Using cached joblib-1.6.0-py3-none-any.whl (306 kB)
Using cached cloudpickle-3.1.2-py3-none-any.whl (22 kB)
Using cached kiwisolver-1.5.1-cp310-cp310-manylinux_2_12_x86_64.manylinux2010_x86_64.whl (1.6 MB)
Using cached opentelemetry_api-1.45.0-py3-none-any.whl (60 kB)
Using cached opentelemetry_exporter_otlp_proto_http-1.45.0-py3-none-any.whl (22 kB)
Using cached opentelemetry_exporter_http_transport-0.66b0-py3-none-any.whl (12 kB)
Using cached opentelemetry_exporter_otlp_common-0.66b0-py3-none-any.whl (12 kB)
Using cached opentelemetry_exporter_otlp_proto_common-1.45.0-py3-none-any.whl (15 kB)
Using cached opentelemetry_proto-1.45.0-py3-none-any.whl (72 kB)
Using cached googleapis_common_protos-1.75.5-py3-none-any.whl (307 kB)
Using cached opentelemetry_sdk-1.45.0-py3-none-any.whl (140 kB)
Using cached opentelemetry_semantic_conventions-0.66b0-py3-none-any.whl (206 kB)
Using cached pyparsing-3.3.3-py3-none-any.whl (126 kB)
Using cached python_dateutil-2.9.0.post0-py2.py3-none-any.whl (229 kB)
Using cached scipy-1.15.3-cp310-cp310-manylinux_2_17_x86_64.manylinux2014_x86_64.whl (37.7 MB)
Using cached six-1.17.0-py2.py3-none-any.whl (11 kB)
Using cached threadpoolctl-3.7.0-py3-none-any.whl (26 kB)
Using cached typing_inspection-0.4.4-py3-none-any.whl (14 kB)
Using cached xxhash-4.0.1-cp310-cp310-manylinux2014_x86_64.manylinux_2_17_x86_64.manylinux_2_28_x86_64.whl (249 kB)
Using cached huggingface_hub-2.1.1-py3-none-any.whl (838 kB)
Using cached hf_xet-1.6.0-cp38-abi3-manylinux2014_x86_64.manylinux_2_17_x86_64.whl (4.5 MB)
Using cached httpx2-2.13.1-py3-none-any.whl (95 kB)
Using cached httpcore2-2.13.1-py3-none-any.whl (83 kB)
Using cached anyio-4.15.1-py3-none-any.whl (132 kB)
Using cached exceptiongroup-1.3.1-py3-none-any.whl (16 kB)
Using cached h11-0.16.0-py3-none-any.whl (37 kB)
Using cached tomli-2.4.1-py3-none-any.whl (14 kB)
Using cached truststore-0.10.4-py3-none-any.whl (18 kB)
Using cached platformdirs-4.12.3-py3-none-any.whl (32 kB)
Using cached safetensors-0.8.0-cp310-abi3-manylinux_2_17_x86_64.manylinux2014_x86_64.whl (516 kB)
Installing collected packages: xxhash, urllib3, typing-inspection, truststore, tomli, threadpoolctl, six, safetensors, pyyaml, pyparsing, pydantic-core, protobuf, platformdirs, opentelemetry-api, numpy, kiwisolver, idna, hf-xet, h11, fonttools, exceptiongroup, cycler, cloudpickle, click, charset_normalizer, certifi, annotated-types, scipy, requests, python-dateutil, pydantic, opentelemetry-semantic-conventions, opentelemetry-proto, opentelemetry-exporter-http-transport, opencv-python, joblib, httpcore2, googleapis-common-protos, contourpy, anyio, scikit-learn, opentelemetry-sdk, opentelemetry-exporter-otlp-proto-common, matplotlib, httpx2, pdc-dp-means, opentelemetry-exporter-otlp-common, huggingface_hub, timm, opentelemetry-exporter-otlp-proto-http, wandb
  Attempting uninstall: numpy
    Found existing installation: numpy 2.2.6
    Uninstalling numpy-2.2.6:
      Successfully uninstalled numpy-2.2.6

Successfully installed annotated-types-0.8.0 anyio-4.15.1 certifi-2026.7.22 charset_normalizer-3.5.2 click-8.5.0 cloudpickle-3.1.2 contourpy-1.3.2 cycler-0.12.1 exceptiongroup-1.3.1 fonttools-4.65.0 googleapis-common-protos-1.75.5 h11-0.16.0 hf-xet-1.6.0 httpcore2-2.13.1 httpx2-2.13.1 huggingface_hub-2.1.1 idna-3.20 joblib-1.6.0 kiwisolver-1.5.1 matplotlib-3.10.9 numpy-1.26.4 opencv-python-4.11.0.86 opentelemetry-api-1.45.0 opentelemetry-exporter-http-transport-0.66b0 opentelemetry-exporter-otlp-common-0.66b0 opentelemetry-exporter-otlp-proto-common-1.45.0 opentelemetry-exporter-otlp-proto-http-1.45.0 opentelemetry-proto-1.45.0 opentelemetry-sdk-1.45.0 opentelemetry-semantic-conventions-0.66b0 pdc-dp-means-0.0.8 platformdirs-4.12.3 protobuf-7.36.2 pydantic-2.13.5 pydantic-core-2.46.5 pyparsing-3.3.3 python-dateutil-2.9.0.post0 pyyaml-6.0.3 requests-2.34.2 safetensors-0.8.0 scikit-learn-1.2.2 scipy-1.15.3 six-1.17.0 threadpoolctl-3.7.0 timm-1.0.30 tomli-2.4.1 truststore-0.10.4 typing-inspection-0.4.4 urllib3-2.8.0 wandb-0.30.0 xxhash-4.0.1
[INFO] Running: pip install /mnt/hpccs01/home/n11585382/EUAPGM7346/UMP/Codebase/3DGS-Water-Approaches/Image/gaussianSplashing-main/submodules/diff-gaussian-rasterization_UW --no-build-isolation
Processing ./Codebase/3DGS-Water-Approaches/Image/gaussianSplashing-main/submodules/diff-gaussian-rasterization_UW
  Preparing metadata (pyproject.toml): started
  Preparing metadata (pyproject.toml): finished with status 'done'
Building wheels for collected packages: diff_gaussian_rasterization_UW
  Building wheel for diff_gaussian_rasterization_UW (pyproject.toml): started
  Building wheel for diff_gaussian_rasterization_UW (pyproject.toml): finished with status 'done'
  Created wheel for diff_gaussian_rasterization_UW: filename=diff_gaussian_rasterization_uw-0.0.0-cp310-cp310-linux_x86_64.whl size=737204 sha256=e0ea9ee6ff7e65e088ef349ea6dc497aa020daf7c73bdae43aa46c33151c7d7a
  Stored in directory: /tmp/pbs.26342207.aqua/pip-ephem-wheel-cache-6zr5sa4c/wheels/06/39/25/3dbe1ab41fd7eb39c890aa228722b21123e941e925dc832d65
Successfully built diff_gaussian_rasterization_UW
Installing collected packages: diff_gaussian_rasterization_UW
Successfully installed diff_gaussian_rasterization_UW-0.0.0
[INFO] Running: pip install /mnt/hpccs01/home/n11585382/EUAPGM7346/UMP/Codebase/3DGS-Water-Approaches/Image/gaussianSplashing-main/submodules/simple-knn --no-build-isolation
Processing ./Codebase/3DGS-Water-Approaches/Image/gaussianSplashing-main/submodules/simple-knn
  Preparing metadata (pyproject.toml): started
  Preparing metadata (pyproject.toml): finished with status 'done'
Building wheels for collected packages: simple_knn
  Building wheel for simple_knn (pyproject.toml): started
  Building wheel for simple_knn (pyproject.toml): finished with status 'done'
  Created wheel for simple_knn: filename=simple_knn-0.0.0-cp310-cp310-linux_x86_64.whl size=602617 sha256=c2a34973ab62c56dad1972f3860475763990ba1b632fb50f63c663e67ed4a94f
  Stored in directory: /tmp/pbs.26342207.aqua/pip-ephem-wheel-cache-edvqkaqo/wheels/33/c3/6a/498c60ab3ee26052d1fc744a5676db1f5e8c7ba8389bb23134
Successfully built simple_knn
Installing collected packages: simple_knn
Successfully installed simple_knn-0.0.0
[SUCCESS] Environment 'gaussianSplashing_env' successfully provisioned.

======================================================================
 Setup Execution Completed Successfully
======================================================================
======================================================================
 Provisioning Conda Environment: water_splatting
======================================================================
[INFO] 3DGS & OSCD Automation Setup Script Initialized
[INFO] Repository root: /mnt/hpccs01/home/n11585382/EUAPGM7346/UMP

======================================================================
 Provisioning Conda Environment: water_splatting (Python 3.8, Nerfstudio)
======================================================================
[INFO] Submodule verified: third_party/glm
[INFO] Recreating Conda environment 'water_splatting' (requested python=3.8, existing python=3.11)...
[INFO] Running: conda env remove -n water_splatting -y

Remove all packages in environment /home/n11585382/.conda/envs/water_splatting:

[INFO] Creating fresh Conda environment 'water_splatting'...
[INFO] Running: conda create -n water_splatting python=3.8 -y
Channels:
 - defaults
Platform: linux-64
Collecting package metadata (repodata.json): ...working... done
Solving environment: ...working... done

## Package Plan ##

  environment location: /home/n11585382/.conda/envs/water_splatting

  added / updated specs:
    - python=3.8


The following NEW packages will be INSTALLED:

  _libgcc_mutex      pkgs/main/linux-64::_libgcc_mutex-0.1-main 
  _openmp_mutex      pkgs/main/linux-64::_openmp_mutex-5.1-52_gnu 
  ca-certificates    pkgs/main/linux-64::ca-certificates-2026.9.25-h06a4308_0 
  ld_impl_linux-64   pkgs/main/linux-64::ld_impl_linux-64-2.44-h9e0c5a2_3 
  libffi             pkgs/main/linux-64::libffi-3.4.8-h06d3fd0_3 
  libgcc             pkgs/main/linux-64::libgcc-15.2.0-h69a1729_8 
  libgcc-ng          pkgs/main/linux-64::libgcc-ng-15.2.0-h166f726_8 
  libstdcxx          pkgs/main/linux-64::libstdcxx-15.2.0-h39759b7_8 
  libstdcxx-ng       pkgs/main/linux-64::libstdcxx-ng-15.2.0-hc03a8fd_8 
  libxcb             pkgs/main/linux-64::libxcb-1.17.0-h9b100fa_0 
  libzlib            pkgs/main/linux-64::libzlib-1.3.2-h47b2149_0 
  ncurses            pkgs/main/linux-64::ncurses-6.6-hfaaeb4e_0 
  openssl            pkgs/main/linux-64::openssl-3.5.9-h1b28b03_0 
  pip                pkgs/main/linux-64::pip-24.2-py38h06a4308_0 
  pthread-stubs      pkgs/main/linux-64::pthread-stubs-0.3-h47b2149_2 
  python             pkgs/main/linux-64::python-3.8.20-he870216_0 
  readline           pkgs/main/linux-64::readline-8.3-hc2a1206_0 
  setuptools         pkgs/main/linux-64::setuptools-75.1.0-py38h06a4308_0 
  sqlite             pkgs/main/linux-64::sqlite-3.53.4-h795bf6d_0 
  tk                 pkgs/main/linux-64::tk-8.6.15-h54e0aa7_0 
  wheel              pkgs/main/linux-64::wheel-0.44.0-py38h06a4308_0 
  xorg-libx11        pkgs/main/linux-64::xorg-libx11-1.8.13-h65de747_0 
  xorg-libxau        pkgs/main/linux-64::xorg-libxau-1.0.12-h9b100fa_0 
  xorg-libxdmcp      pkgs/main/linux-64::xorg-libxdmcp-1.1.5-h9b100fa_0 
  xorg-xorgproto     pkgs/main/linux-64::xorg-xorgproto-2025.1-h47b2149_0 
  xz                 pkgs/main/linux-64::xz-5.8.4-h140a991_0 
  zlib               pkgs/main/linux-64::zlib-1.3.2-h47b2149_0 



Downloading and Extracting Packages: ...working... done
Preparing transaction: ...working... done
Verifying transaction: ...working... done
Executing transaction: ...working... done
#
# To activate this environment, use
#
#     $ conda activate water_splatting
#
# To deactivate an active environment, use
#
#     $ conda deactivate

[INFO] Running: conda install -y -n water_splatting -c nvidia/label/cuda-11.8.0 cuda-toolkit
Channels:
 - nvidia/label/cuda-11.8.0
 - defaults
Platform: linux-64
Collecting package metadata (repodata.json): ...working... done
Solving environment: ...working... done

## Package Plan ##

  environment location: /home/n11585382/.conda/envs/water_splatting

  added / updated specs:
    - cuda-toolkit


The following packages will be downloaded:

    package                    |            build
    ---------------------------|-----------------
    cuda-cudart-11.8.89        |                0         197 KB  nvidia/label/cuda-11.8.0
    cuda-cupti-11.8.87         |                0        25.3 MB  nvidia/label/cuda-11.8.0
    cuda-libraries-11.8.0      |                0           1 KB  nvidia/label/cuda-11.8.0
    cuda-nvrtc-11.8.89         |                0        19.1 MB  nvidia/label/cuda-11.8.0
    cuda-nvtx-11.8.86          |                0          57 KB  nvidia/label/cuda-11.8.0
    libcublas-11.11.3.6        |                0       364.0 MB  nvidia/label/cuda-11.8.0
    libcufft-10.9.0.58         |                0       142.8 MB  nvidia/label/cuda-11.8.0
    libcusolver-11.4.1.48      |                0        96.5 MB  nvidia/label/cuda-11.8.0
    libcusparse-11.7.5.86      |                0       176.3 MB  nvidia/label/cuda-11.8.0
    libnpp-11.8.0.86           |                0       147.8 MB  nvidia/label/cuda-11.8.0
    libnvjpeg-11.9.0.86        |                0         2.4 MB  nvidia/label/cuda-11.8.0
    ------------------------------------------------------------
                                           Total:       974.4 MB

The following NEW packages will be INSTALLED:

  cuda-cccl          nvidia/label/cuda-11.8.0/linux-64::cuda-cccl-11.8.89-0 
  cuda-command-line~ nvidia/label/cuda-11.8.0/linux-64::cuda-command-line-tools-11.8.0-0 
  cuda-compiler      nvidia/label/cuda-11.8.0/linux-64::cuda-compiler-11.8.0-0 
  cuda-cudart        nvidia/label/cuda-11.8.0/linux-64::cuda-cudart-11.8.89-0 
  cuda-cudart-dev    nvidia/label/cuda-11.8.0/linux-64::cuda-cudart-dev-11.8.89-0 
  cuda-cuobjdump     nvidia/label/cuda-11.8.0/linux-64::cuda-cuobjdump-11.8.86-0 
  cuda-cupti         nvidia/label/cuda-11.8.0/linux-64::cuda-cupti-11.8.87-0 
  cuda-cuxxfilt      nvidia/label/cuda-11.8.0/linux-64::cuda-cuxxfilt-11.8.86-0 
  cuda-documentation nvidia/label/cuda-11.8.0/linux-64::cuda-documentation-11.8.86-0 
  cuda-driver-dev    nvidia/label/cuda-11.8.0/linux-64::cuda-driver-dev-11.8.89-0 
  cuda-gdb           nvidia/label/cuda-11.8.0/linux-64::cuda-gdb-11.8.86-0 
  cuda-libraries     nvidia/label/cuda-11.8.0/linux-64::cuda-libraries-11.8.0-0 
  cuda-libraries-dev nvidia/label/cuda-11.8.0/linux-64::cuda-libraries-dev-11.8.0-0 
  cuda-memcheck      nvidia/label/cuda-11.8.0/linux-64::cuda-memcheck-11.8.86-0 
  cuda-nsight        nvidia/label/cuda-11.8.0/linux-64::cuda-nsight-11.8.86-0 
  cuda-nsight-compu~ nvidia/label/cuda-11.8.0/linux-64::cuda-nsight-compute-11.8.0-0 
  cuda-nvcc          nvidia/label/cuda-11.8.0/linux-64::cuda-nvcc-11.8.89-0 
  cuda-nvdisasm      nvidia/label/cuda-11.8.0/linux-64::cuda-nvdisasm-11.8.86-0 
  cuda-nvml-dev      nvidia/label/cuda-11.8.0/linux-64::cuda-nvml-dev-11.8.86-0 
  cuda-nvprof        nvidia/label/cuda-11.8.0/linux-64::cuda-nvprof-11.8.87-0 
  cuda-nvprune       nvidia/label/cuda-11.8.0/linux-64::cuda-nvprune-11.8.86-0 
  cuda-nvrtc         nvidia/label/cuda-11.8.0/linux-64::cuda-nvrtc-11.8.89-0 
  cuda-nvrtc-dev     nvidia/label/cuda-11.8.0/linux-64::cuda-nvrtc-dev-11.8.89-0 
  cuda-nvtx          nvidia/label/cuda-11.8.0/linux-64::cuda-nvtx-11.8.86-0 
  cuda-nvvp          nvidia/label/cuda-11.8.0/linux-64::cuda-nvvp-11.8.87-0 
  cuda-profiler-api  nvidia/label/cuda-11.8.0/linux-64::cuda-profiler-api-11.8.86-0 
  cuda-sanitizer-api nvidia/label/cuda-11.8.0/linux-64::cuda-sanitizer-api-11.8.86-0 
  cuda-toolkit       nvidia/label/cuda-11.8.0/linux-64::cuda-toolkit-11.8.0-0 
  cuda-tools         nvidia/label/cuda-11.8.0/linux-64::cuda-tools-11.8.0-0 
  cuda-visual-tools  nvidia/label/cuda-11.8.0/linux-64::cuda-visual-tools-11.8.0-0 
  gds-tools          nvidia/label/cuda-11.8.0/linux-64::gds-tools-1.4.0.31-0 
  libcublas          nvidia/label/cuda-11.8.0/linux-64::libcublas-11.11.3.6-0 
  libcublas-dev      nvidia/label/cuda-11.8.0/linux-64::libcublas-dev-11.11.3.6-0 
  libcufft           nvidia/label/cuda-11.8.0/linux-64::libcufft-10.9.0.58-0 
  libcufft-dev       nvidia/label/cuda-11.8.0/linux-64::libcufft-dev-10.9.0.58-0 
  libcufile          nvidia/label/cuda-11.8.0/linux-64::libcufile-1.4.0.31-0 
  libcufile-dev      nvidia/label/cuda-11.8.0/linux-64::libcufile-dev-1.4.0.31-0 
  libcurand          nvidia/label/cuda-11.8.0/linux-64::libcurand-10.3.0.86-0 
  libcurand-dev      nvidia/label/cuda-11.8.0/linux-64::libcurand-dev-10.3.0.86-0 
  libcusolver        nvidia/label/cuda-11.8.0/linux-64::libcusolver-11.4.1.48-0 
  libcusolver-dev    nvidia/label/cuda-11.8.0/linux-64::libcusolver-dev-11.4.1.48-0 
  libcusparse        nvidia/label/cuda-11.8.0/linux-64::libcusparse-11.7.5.86-0 
  libcusparse-dev    nvidia/label/cuda-11.8.0/linux-64::libcusparse-dev-11.7.5.86-0 
  libnpp             nvidia/label/cuda-11.8.0/linux-64::libnpp-11.8.0.86-0 
  libnpp-dev         nvidia/label/cuda-11.8.0/linux-64::libnpp-dev-11.8.0.86-0 
  libnvjpeg          nvidia/label/cuda-11.8.0/linux-64::libnvjpeg-11.9.0.86-0 
  libnvjpeg-dev      nvidia/label/cuda-11.8.0/linux-64::libnvjpeg-dev-11.9.0.86-0 
  nsight-compute     nvidia/label/cuda-11.8.0/linux-64::nsight-compute-2022.3.0.22-0 



Downloading and Extracting Packages: ...working... done
Preparing transaction: ...working... done
Verifying transaction: ...working... done
Executing transaction: ...working... done
[INFO] Active environment: water_splatting
[INFO] Running: pip install --upgrade pip
Requirement already satisfied: pip in /mnt/hpccs01/home/n11585382/.conda/envs/water_splatting/lib/python3.8/site-packages (24.2)
Collecting pip
  Using cached pip-25.0.1-py3-none-any.whl.metadata (3.7 kB)
Using cached pip-25.0.1-py3-none-any.whl (1.8 MB)
Installing collected packages: pip
  Attempting uninstall: pip
    Found existing installation: pip 24.2
    Uninstalling pip-24.2:
      Successfully uninstalled pip-24.2
Successfully installed pip-25.0.1
[INFO] Running: pip install setuptools<70.0.0 wheel
Collecting setuptools<70.0.0
  Using cached setuptools-69.5.1-py3-none-any.whl.metadata (6.2 kB)
Requirement already satisfied: wheel in /mnt/hpccs01/home/n11585382/.conda/envs/water_splatting/lib/python3.8/site-packages (0.44.0)
Using cached setuptools-69.5.1-py3-none-any.whl (894 kB)
Installing collected packages: setuptools
  Attempting uninstall: setuptools
    Found existing installation: setuptools 75.1.0
    Uninstalling setuptools-75.1.0:
      Successfully uninstalled setuptools-75.1.0
Successfully installed setuptools-69.5.1
[INFO] Running: pip install torch==2.1.2+cu118 torchvision==0.16.2+cu118 --extra-index-url https://download.pytorch.org/whl/cu118
Looking in indexes: https://pypi.org/simple, https://download.pytorch.org/whl/cu118
Collecting torch==2.1.2+cu118
  Using cached https://download-r2.pytorch.org/whl/cu118/torch-2.1.2%2Bcu118-cp38-cp38-linux_x86_64.whl (2325.9 MB)
Collecting torchvision==0.16.2+cu118
  Using cached https://download-r2.pytorch.org/whl/cu118/torchvision-0.16.2%2Bcu118-cp38-cp38-linux_x86_64.whl (6.1 MB)
Collecting filelock (from torch==2.1.2+cu118)
  Using cached filelock-3.16.1-py3-none-any.whl.metadata (2.9 kB)
Collecting typing-extensions (from torch==2.1.2+cu118)
  Using cached typing_extensions-4.13.2-py3-none-any.whl.metadata (3.0 kB)
Collecting sympy (from torch==2.1.2+cu118)
  Using cached sympy-1.13.3-py3-none-any.whl.metadata (12 kB)
Collecting networkx (from torch==2.1.2+cu118)
  Using cached networkx-3.1-py3-none-any.whl.metadata (5.3 kB)
Collecting jinja2 (from torch==2.1.2+cu118)
  Using cached https://download.pytorch.org/whl/jinja2-3.1.6-py3-none-any.whl.metadata (2.9 kB)
Collecting fsspec (from torch==2.1.2+cu118)
  Using cached fsspec-2025.3.0-py3-none-any.whl.metadata (11 kB)
Collecting triton==2.1.0 (from torch==2.1.2+cu118)
  Using cached https://download-r2.pytorch.org/whl/triton-2.1.0-0-cp38-cp38-manylinux2014_x86_64.manylinux_2_17_x86_64.whl (89.2 MB)
Collecting numpy (from torchvision==0.16.2+cu118)
  Using cached numpy-1.24.4-cp38-cp38-manylinux_2_17_x86_64.manylinux2014_x86_64.whl.metadata (5.6 kB)
Collecting requests (from torchvision==0.16.2+cu118)
  Using cached requests-2.32.4-py3-none-any.whl.metadata (4.9 kB)
Collecting pillow!=8.3.*,>=5.3.0 (from torchvision==0.16.2+cu118)
  Using cached pillow-10.4.0-cp38-cp38-manylinux_2_28_x86_64.whl.metadata (9.2 kB)
Collecting MarkupSafe>=2.0 (from jinja2->torch==2.1.2+cu118)
  Using cached https://download.pytorch.org/whl/MarkupSafe-2.1.5-cp38-cp38-manylinux_2_17_x86_64.manylinux2014_x86_64.whl (26 kB)
Collecting charset_normalizer<4,>=2 (from requests->torchvision==0.16.2+cu118)
  Using cached charset_normalizer-3.5.2-cp37-abi3-manylinux1_x86_64.manylinux_2_28_x86_64.manylinux_2_5_x86_64.whl.metadata (46 kB)
Collecting idna<4,>=2.5 (from requests->torchvision==0.16.2+cu118)
  Using cached idna-3.15-py3-none-any.whl.metadata (7.7 kB)
Collecting urllib3<3,>=1.21.1 (from requests->torchvision==0.16.2+cu118)
  Using cached urllib3-2.2.3-py3-none-any.whl.metadata (6.5 kB)
Collecting certifi>=2017.4.17 (from requests->torchvision==0.16.2+cu118)
  Using cached certifi-2026.7.22-py3-none-any.whl.metadata (2.5 kB)
Collecting mpmath<1.4,>=1.1.0 (from sympy->torch==2.1.2+cu118)
  Using cached mpmath-1.3.0-py3-none-any.whl.metadata (8.6 kB)
Using cached pillow-10.4.0-cp38-cp38-manylinux_2_28_x86_64.whl (4.5 MB)
Using cached filelock-3.16.1-py3-none-any.whl (16 kB)
Using cached fsspec-2025.3.0-py3-none-any.whl (193 kB)
Using cached https://download.pytorch.org/whl/jinja2-3.1.6-py3-none-any.whl (134 kB)
Using cached networkx-3.1-py3-none-any.whl (2.1 MB)
Using cached numpy-1.24.4-cp38-cp38-manylinux_2_17_x86_64.manylinux2014_x86_64.whl (17.3 MB)
Using cached requests-2.32.4-py3-none-any.whl (64 kB)
Using cached sympy-1.13.3-py3-none-any.whl (6.2 MB)
Using cached typing_extensions-4.13.2-py3-none-any.whl (45 kB)
Using cached certifi-2026.7.22-py3-none-any.whl (136 kB)
Using cached charset_normalizer-3.5.2-cp37-abi3-manylinux1_x86_64.manylinux_2_28_x86_64.manylinux_2_5_x86_64.whl (253 kB)
Using cached idna-3.15-py3-none-any.whl (72 kB)
Using cached mpmath-1.3.0-py3-none-any.whl (536 kB)
Using cached urllib3-2.2.3-py3-none-any.whl (126 kB)
Installing collected packages: mpmath, urllib3, typing-extensions, sympy, pillow, numpy, networkx, MarkupSafe, idna, fsspec, filelock, charset_normalizer, certifi, triton, requests, jinja2, torch, torchvision
Successfully installed MarkupSafe-2.1.5 certifi-2026.7.22 charset_normalizer-3.5.2 filelock-3.16.1 fsspec-2025.3.0 idna-3.15 jinja2-3.1.6 mpmath-1.3.0 networkx-3.1 numpy-1.24.4 pillow-10.4.0 requests-2.32.4 sympy-1.13.3 torch-2.1.2+cu118 torchvision-0.16.2+cu118 triton-2.1.0 typing-extensions-4.13.2 urllib3-2.2.3
[INFO] Running: pip install ninja git+https://github.com/NVlabs/tiny-cuda-nn/#subdirectory=bindings/torch
Collecting git+https://github.com/NVlabs/tiny-cuda-nn/#subdirectory=bindings/torch
  Cloning https://github.com/NVlabs/tiny-cuda-nn/ to /tmp/pbs.26342207.aqua/pip-req-build-igny0ugw
  Running command git clone --filter=blob:none --quiet https://github.com/NVlabs/tiny-cuda-nn/ /tmp/pbs.26342207.aqua/pip-req-build-igny0ugw
  Resolved https://github.com/NVlabs/tiny-cuda-nn/ to commit 3daa6e5b8b8e0fa17971a1a20acfbb3754494b38
  Running command git submodule update --init --recursive -q
  Preparing metadata (setup.py): started
  Preparing metadata (setup.py): finished with status 'done'
Collecting ninja
  Using cached ninja-1.13.2-py3-none-manylinux2014_x86_64.manylinux_2_17_x86_64.whl.metadata (5.4 kB)
Using cached ninja-1.13.2-py3-none-manylinux2014_x86_64.manylinux_2_17_x86_64.whl (183 kB)
Building wheels for collected packages: tinycudann
  Building wheel for tinycudann (setup.py): started
  Building wheel for tinycudann (setup.py): still running...
  Building wheel for tinycudann (setup.py): still running...
  Building wheel for tinycudann (setup.py): still running...
  Building wheel for tinycudann (setup.py): finished with status 'done'
  Created wheel for tinycudann: filename=tinycudann-2.0-cp38-cp38-linux_x86_64.whl size=25779652 sha256=ba7d6a3ceb3256494e82210281e1388d10ef69e220d872b1e42385d2ad72547d
  Stored in directory: /tmp/pbs.26342207.aqua/pip-ephem-wheel-cache-6yxv_vqf/wheels/97/6e/c0/8979c809da09536d89298d5801aaf445afd74572d9c5ad53d0
Successfully built tinycudann
Installing collected packages: tinycudann, ninja
Successfully installed ninja-1.13.2 tinycudann-2.0
[INFO] Running: pip install nerfstudio==1.1.4
Collecting nerfstudio==1.1.4
  Using cached nerfstudio-1.1.4-py3-none-any.whl.metadata (23 kB)
Collecting appdirs>=1.4 (from nerfstudio==1.1.4)
  Using cached appdirs-1.4.4-py2.py3-none-any.whl.metadata (9.0 kB)
Collecting av>=9.2.0 (from nerfstudio==1.1.4)
  Using cached av-12.3.0-cp38-cp38-manylinux_2_17_x86_64.manylinux2014_x86_64.whl.metadata (4.6 kB)
Collecting comet-ml>=3.33.8 (from nerfstudio==1.1.4)
  Using cached comet_ml-3.58.7-py3-none-any.whl.metadata (4.0 kB)
Collecting cryptography>=38 (from nerfstudio==1.1.4)
  Using cached cryptography-47.0.0-cp38-abi3-manylinux_2_34_x86_64.whl.metadata (4.5 kB)
Collecting tyro>=0.6.6 (from nerfstudio==1.1.4)
  Using cached tyro-1.0.16-py3-none-any.whl.metadata (12 kB)
Collecting gdown>=4.6.0 (from nerfstudio==1.1.4)
  Using cached gdown-5.2.2-py3-none-any.whl.metadata (5.8 kB)
Requirement already satisfied: ninja>=1.10 in /mnt/hpccs01/home/n11585382/.conda/envs/water_splatting/lib/python3.8/site-packages (from nerfstudio==1.1.4) (1.13.2)
Collecting h5py>=2.9.0 (from nerfstudio==1.1.4)
  Using cached h5py-3.11.0-cp38-cp38-manylinux_2_17_x86_64.manylinux2014_x86_64.whl.metadata (2.5 kB)
Collecting imageio>=2.21.1 (from nerfstudio==1.1.4)
  Using cached imageio-2.35.1-py3-none-any.whl.metadata (4.9 kB)
Collecting ipywidgets>=7.6 (from nerfstudio==1.1.4)
  Using cached ipywidgets-8.1.9-py3-none-any.whl.metadata (2.4 kB)
Collecting jaxtyping>=0.2.15 (from nerfstudio==1.1.4)
  Using cached jaxtyping-0.2.19-py3-none-any.whl.metadata (5.7 kB)
Collecting jupyterlab>=3.3.4 (from nerfstudio==1.1.4)
  Using cached jupyterlab-4.3.8-py3-none-any.whl.metadata (16 kB)
Collecting matplotlib>=3.6.0 (from nerfstudio==1.1.4)
  Using cached matplotlib-3.7.5-cp38-cp38-manylinux_2_12_x86_64.manylinux2010_x86_64.whl.metadata (5.7 kB)
Collecting mediapy>=1.1.0 (from nerfstudio==1.1.4)
  Using cached mediapy-1.2.7-py3-none-any.whl.metadata (4.8 kB)
Collecting msgpack>=1.0.4 (from nerfstudio==1.1.4)
  Using cached msgpack-1.1.1-cp38-cp38-manylinux_2_17_x86_64.manylinux2014_x86_64.whl.metadata (8.3 kB)
Collecting msgpack-numpy>=0.4.8 (from nerfstudio==1.1.4)
  Using cached msgpack_numpy-0.4.8-py2.py3-none-any.whl.metadata (5.0 kB)
Collecting nerfacc==0.5.2 (from nerfstudio==1.1.4)
  Using cached nerfacc-0.5.2-py3-none-any.whl.metadata (877 bytes)
Collecting open3d>=0.16.0 (from nerfstudio==1.1.4)
  Using cached open3d-0.19.0-cp38-cp38-manylinux_2_31_x86_64.whl.metadata (4.3 kB)
Collecting opencv-python-headless==4.10.0.84 (from nerfstudio==1.1.4)
  Using cached opencv_python_headless-4.10.0.84-cp37-abi3-manylinux_2_17_x86_64.manylinux2014_x86_64.whl.metadata (20 kB)
Requirement already satisfied: Pillow>=10.3.0 in /mnt/hpccs01/home/n11585382/.conda/envs/water_splatting/lib/python3.8/site-packages (from nerfstudio==1.1.4) (10.4.0)
Collecting plotly>=5.7.0 (from nerfstudio==1.1.4)
  Using cached plotly-7.1.0-py3-none-any.whl.metadata (8.8 kB)
Collecting protobuf!=3.20.0,<=3.20.3 (from nerfstudio==1.1.4)
  Using cached protobuf-3.20.3-cp38-cp38-manylinux_2_5_x86_64.manylinux1_x86_64.whl.metadata (679 bytes)
Collecting pyngrok>=5.1.0 (from nerfstudio==1.1.4)
  Using cached pyngrok-7.2.12-py3-none-any.whl.metadata (9.4 kB)
Collecting python-socketio>=5.7.1 (from nerfstudio==1.1.4)
  Using cached python_socketio-5.17.0-py3-none-any.whl.metadata (3.6 kB)
Collecting pyquaternion>=0.9.9 (from nerfstudio==1.1.4)
  Using cached pyquaternion-0.9.9-py3-none-any.whl.metadata (1.4 kB)
Requirement already satisfied: requests in /mnt/hpccs01/home/n11585382/.conda/envs/water_splatting/lib/python3.8/site-packages (from nerfstudio==1.1.4) (2.32.4)
Collecting rich>=12.5.1 (from nerfstudio==1.1.4)
  Using cached rich-14.3.4-py3-none-any.whl.metadata (18 kB)
Collecting scikit-image>=0.19.3 (from nerfstudio==1.1.4)
  Using cached scikit_image-0.21.0-cp38-cp38-manylinux_2_17_x86_64.manylinux2014_x86_64.whl.metadata (14 kB)
Collecting splines==0.3.0 (from nerfstudio==1.1.4)
  Using cached splines-0.3.0-py3-none-any.whl.metadata (1.5 kB)
Collecting tensorboard>=2.13.0 (from nerfstudio==1.1.4)
  Using cached tensorboard-2.14.0-py3-none-any.whl.metadata (1.8 kB)
Requirement already satisfied: torch>=1.13.1 in /mnt/hpccs01/home/n11585382/.conda/envs/water_splatting/lib/python3.8/site-packages (from nerfstudio==1.1.4) (2.1.2+cu118)
Requirement already satisfied: torchvision>=0.14.1 in /mnt/hpccs01/home/n11585382/.conda/envs/water_splatting/lib/python3.8/site-packages (from nerfstudio==1.1.4) (0.16.2+cu118)
Collecting torchmetrics>=1.0.1 (from torchmetrics[image]>=1.0.1->nerfstudio==1.1.4)
  Using cached torchmetrics-1.5.2-py3-none-any.whl.metadata (20 kB)
Requirement already satisfied: typing-extensions>=4.4.0 in /mnt/hpccs01/home/n11585382/.conda/envs/water_splatting/lib/python3.8/site-packages (from nerfstudio==1.1.4) (4.13.2)
Collecting viser==0.2.3 (from nerfstudio==1.1.4)
  Using cached viser-0.2.3-py3-none-any.whl.metadata (4.6 kB)
Collecting nuscenes-devkit>=1.1.1 (from nerfstudio==1.1.4)
  Using cached nuscenes_devkit-1.1.11-py3-none-any.whl.metadata (15 kB)
Collecting wandb>=0.13.3 (from nerfstudio==1.1.4)
  Using cached wandb-0.24.2-py3-none-manylinux_2_28_x86_64.whl.metadata (12 kB)
Collecting xatlas (from nerfstudio==1.1.4)
  Using cached xatlas-0.0.11-cp38-cp38-manylinux_2_17_x86_64.manylinux2014_x86_64.whl.metadata (5.2 kB)
Collecting trimesh>=3.20.2 (from nerfstudio==1.1.4)
  Using cached trimesh-4.12.2-py3-none-any.whl.metadata (13 kB)
Collecting timm==0.6.7 (from nerfstudio==1.1.4)
  Using cached timm-0.6.7-py3-none-any.whl.metadata (33 kB)
Collecting gsplat==1.0.0 (from nerfstudio==1.1.4)
  Using cached gsplat-1.0.0-py3-none-any.whl.metadata (957 bytes)
Collecting pytorch-msssim (from nerfstudio==1.1.4)
  Using cached pytorch_msssim-1.0.0-py3-none-any.whl.metadata (8.0 kB)
Collecting pathos (from nerfstudio==1.1.4)
  Using cached pathos-0.3.4-py3-none-any.whl.metadata (11 kB)
Collecting packaging (from nerfstudio==1.1.4)
  Using cached packaging-26.2-py3-none-any.whl.metadata (3.5 kB)
Collecting fpsample (from nerfstudio==1.1.4)
  Using cached fpsample-1.0.2-cp38-cp38-linux_x86_64.whl
Collecting tensorly (from nerfstudio==1.1.4)
  Using cached tensorly-0.9.0-py3-none-any.whl.metadata (8.6 kB)
Collecting rawpy>=0.18.1 (from nerfstudio==1.1.4)
  Using cached rawpy-0.21.0-cp38-cp38-manylinux_2_17_x86_64.manylinux2014_x86_64.whl.metadata (6.0 kB)
Collecting pymeshlab>=2022.2.post2 (from nerfstudio==1.1.4)
  Using cached pymeshlab-2023.12.post2-cp38-cp38-manylinux_2_31_x86_64.whl.metadata (3.7 kB)
Collecting importlib-metadata>=6.0.0 (from nerfstudio==1.1.4)
  Using cached importlib_metadata-8.5.0-py3-none-any.whl.metadata (4.8 kB)
Requirement already satisfied: numpy in /mnt/hpccs01/home/n11585382/.conda/envs/water_splatting/lib/python3.8/site-packages (from gsplat==1.0.0->nerfstudio==1.1.4) (1.24.4)
Collecting websockets>=10.4 (from viser==0.2.3->nerfstudio==1.1.4)
  Using cached websockets-13.1-cp38-cp38-manylinux_2_5_x86_64.manylinux1_x86_64.manylinux_2_17_x86_64.manylinux2014_x86_64.whl.metadata (6.8 kB)
Collecting scipy>=1.7.3 (from viser==0.2.3->nerfstudio==1.1.4)
  Using cached scipy-1.10.1-cp38-cp38-manylinux_2_17_x86_64.manylinux2014_x86_64.whl.metadata (58 kB)
Collecting tqdm>=4.0.0 (from viser==0.2.3->nerfstudio==1.1.4)
  Using cached tqdm-4.70.1-py3-none-any.whl.metadata (57 kB)
Collecting nodeenv>=1.8.0 (from viser==0.2.3->nerfstudio==1.1.4)
  Using cached nodeenv-1.11.0-py2.py3-none-any.whl.metadata (40 kB)
Collecting psutil>=5.9.5 (from viser==0.2.3->nerfstudio==1.1.4)
  Using cached psutil-7.2.2-cp36-abi3-manylinux2010_x86_64.manylinux_2_12_x86_64.manylinux_2_28_x86_64.whl.metadata (22 kB)
Collecting yourdfpy>=0.0.53 (from viser==0.2.3->nerfstudio==1.1.4)
  Using cached yourdfpy-0.0.60-py3-none-any.whl.metadata (9.0 kB)
Collecting pyliblzfse>=0.4.1 (from viser==0.2.3->nerfstudio==1.1.4)
  Using cached pyliblzfse-0.4.1-cp38-cp38-linux_x86_64.whl
Collecting dulwich!=0.20.33,>=0.20.6 (from comet-ml>=3.33.8->nerfstudio==1.1.4)
  Using cached dulwich-0.22.4-cp38-cp38-manylinux_2_17_x86_64.manylinux2014_x86_64.whl.metadata (4.4 kB)
Collecting everett<3.2.0,>=1.0.1 (from everett[ini]<3.2.0,>=1.0.1->comet-ml>=3.33.8->nerfstudio==1.1.4)
  Using cached everett-3.1.0-py2.py3-none-any.whl.metadata (17 kB)
Collecting jsonschema!=3.1.0,>=2.6.0 (from comet-ml>=3.33.8->nerfstudio==1.1.4)
  Using cached jsonschema-4.23.0-py3-none-any.whl.metadata (7.9 kB)
Collecting python-box<7.0.0 (from comet-ml>=3.33.8->nerfstudio==1.1.4)
  Using cached python_box-6.1.0-cp38-cp38-manylinux_2_17_x86_64.manylinux2014_x86_64.whl.metadata (7.8 kB)
Collecting requests-toolbelt>=0.8.0 (from comet-ml>=3.33.8->nerfstudio==1.1.4)
  Using cached requests_toolbelt-1.0.0-py2.py3-none-any.whl.metadata (14 kB)
Collecting semantic-version>=2.8.0 (from comet-ml>=3.33.8->nerfstudio==1.1.4)
  Using cached semantic_version-2.10.0-py2.py3-none-any.whl.metadata (9.7 kB)
Collecting sentry-sdk>=1.1.0 (from comet-ml>=3.33.8->nerfstudio==1.1.4)
  Using cached sentry_sdk-2.71.0-py3-none-any.whl.metadata (11 kB)
Collecting simplejson (from comet-ml>=3.33.8->nerfstudio==1.1.4)
  Using cached simplejson-4.1.2-cp38-cp38-manylinux1_x86_64.manylinux_2_28_x86_64.manylinux_2_5_x86_64.whl.metadata (3.6 kB)
Requirement already satisfied: urllib3>=1.26.8 in /mnt/hpccs01/home/n11585382/.conda/envs/water_splatting/lib/python3.8/site-packages (from comet-ml>=3.33.8->nerfstudio==1.1.4) (2.2.3)
Collecting wrapt>=1.11.2 (from comet-ml>=3.33.8->nerfstudio==1.1.4)
  Using cached wrapt-2.0.1-cp38-cp38-manylinux1_x86_64.manylinux_2_28_x86_64.manylinux_2_5_x86_64.whl.metadata (9.0 kB)
Collecting wurlitzer>=1.0.2 (from comet-ml>=3.33.8->nerfstudio==1.1.4)
  Using cached wurlitzer-3.1.1-py3-none-any.whl.metadata (2.5 kB)
Collecting cffi>=1.14 (from cryptography>=38->nerfstudio==1.1.4)
  Using cached cffi-1.17.1-cp38-cp38-manylinux_2_17_x86_64.manylinux2014_x86_64.whl.metadata (1.5 kB)
Collecting beautifulsoup4 (from gdown>=4.6.0->nerfstudio==1.1.4)
  Using cached beautifulsoup4-4.15.0-py3-none-any.whl.metadata (3.8 kB)
Requirement already satisfied: filelock in /mnt/hpccs01/home/n11585382/.conda/envs/water_splatting/lib/python3.8/site-packages (from gdown>=4.6.0->nerfstudio==1.1.4) (3.16.1)
Collecting zipp>=3.20 (from importlib-metadata>=6.0.0->nerfstudio==1.1.4)
  Using cached zipp-3.20.2-py3-none-any.whl.metadata (3.7 kB)
Collecting comm>=0.1.3 (from ipywidgets>=7.6->nerfstudio==1.1.4)
  Using cached comm-0.2.3-py3-none-any.whl.metadata (3.7 kB)
Collecting ipython>=6.1.0 (from ipywidgets>=7.6->nerfstudio==1.1.4)
  Using cached ipython-8.12.3-py3-none-any.whl.metadata (5.7 kB)
Collecting traitlets>=4.3.1 (from ipywidgets>=7.6->nerfstudio==1.1.4)
  Using cached traitlets-5.14.3-py3-none-any.whl.metadata (10 kB)
Collecting widgetsnbextension~=4.0.16 (from ipywidgets>=7.6->nerfstudio==1.1.4)
  Using cached widgetsnbextension-4.0.16-py3-none-any.whl.metadata (1.6 kB)
Collecting jupyterlab_widgets~=3.0.17 (from ipywidgets>=7.6->nerfstudio==1.1.4)
  Using cached jupyterlab_widgets-3.0.17-py3-none-any.whl.metadata (20 kB)
Collecting typeguard>=2.13.3 (from jaxtyping>=0.2.15->nerfstudio==1.1.4)
  Using cached typeguard-4.4.0-py3-none-any.whl.metadata (3.8 kB)
Collecting async-lru>=1.0.0 (from jupyterlab>=3.3.4->nerfstudio==1.1.4)
  Using cached async_lru-2.0.4-py3-none-any.whl.metadata (4.5 kB)
Collecting httpx>=0.25.0 (from jupyterlab>=3.3.4->nerfstudio==1.1.4)
  Using cached httpx-0.28.1-py3-none-any.whl.metadata (7.1 kB)
Collecting importlib-resources>=1.4 (from jupyterlab>=3.3.4->nerfstudio==1.1.4)
  Using cached importlib_resources-6.4.5-py3-none-any.whl.metadata (4.0 kB)
Collecting ipykernel>=6.5.0 (from jupyterlab>=3.3.4->nerfstudio==1.1.4)
  Using cached ipykernel-6.29.5-py3-none-any.whl.metadata (6.3 kB)
Requirement already satisfied: jinja2>=3.0.3 in /mnt/hpccs01/home/n11585382/.conda/envs/water_splatting/lib/python3.8/site-packages (from jupyterlab>=3.3.4->nerfstudio==1.1.4) (3.1.6)
Collecting jupyter-core (from jupyterlab>=3.3.4->nerfstudio==1.1.4)
  Using cached jupyter_core-5.8.1-py3-none-any.whl.metadata (1.6 kB)
Collecting jupyter-lsp>=2.0.0 (from jupyterlab>=3.3.4->nerfstudio==1.1.4)
  Using cached jupyter_lsp-2.3.1-py3-none-any.whl.metadata (1.8 kB)
Collecting jupyter-server<3,>=2.4.0 (from jupyterlab>=3.3.4->nerfstudio==1.1.4)
  Using cached jupyter_server-2.14.2-py3-none-any.whl.metadata (8.4 kB)
Collecting jupyterlab-server<3,>=2.27.1 (from jupyterlab>=3.3.4->nerfstudio==1.1.4)
  Using cached jupyterlab_server-2.28.0-py3-none-any.whl.metadata (5.9 kB)
Collecting notebook-shim>=0.2 (from jupyterlab>=3.3.4->nerfstudio==1.1.4)
  Using cached notebook_shim-0.2.4-py3-none-any.whl.metadata (4.0 kB)
Requirement already satisfied: setuptools>=41.1.0 in /mnt/hpccs01/home/n11585382/.conda/envs/water_splatting/lib/python3.8/site-packages (from jupyterlab>=3.3.4->nerfstudio==1.1.4) (69.5.1)
Collecting tomli>=1.2.2 (from jupyterlab>=3.3.4->nerfstudio==1.1.4)
  Using cached tomli-2.4.1-py3-none-any.whl.metadata (10 kB)
Collecting tornado>=6.2.0 (from jupyterlab>=3.3.4->nerfstudio==1.1.4)
  Using cached tornado-6.4.2-cp38-abi3-manylinux_2_5_x86_64.manylinux1_x86_64.manylinux_2_17_x86_64.manylinux2014_x86_64.whl.metadata (2.5 kB)
Collecting contourpy>=1.0.1 (from matplotlib>=3.6.0->nerfstudio==1.1.4)
  Using cached contourpy-1.1.1-cp38-cp38-manylinux_2_17_x86_64.manylinux2014_x86_64.whl.metadata (5.9 kB)
Collecting cycler>=0.10 (from matplotlib>=3.6.0->nerfstudio==1.1.4)
  Using cached cycler-0.12.1-py3-none-any.whl.metadata (3.8 kB)
Collecting fonttools>=4.22.0 (from matplotlib>=3.6.0->nerfstudio==1.1.4)
  Using cached fonttools-4.57.0-cp38-cp38-manylinux_2_17_x86_64.manylinux2014_x86_64.whl.metadata (102 kB)
Collecting kiwisolver>=1.0.1 (from matplotlib>=3.6.0->nerfstudio==1.1.4)
  Using cached kiwisolver-1.4.7-cp38-cp38-manylinux_2_5_x86_64.manylinux1_x86_64.whl.metadata (6.3 kB)
Collecting pyparsing>=2.3.1 (from matplotlib>=3.6.0->nerfstudio==1.1.4)
  Using cached pyparsing-3.1.4-py3-none-any.whl.metadata (5.1 kB)
Collecting python-dateutil>=2.7 (from matplotlib>=3.6.0->nerfstudio==1.1.4)
  Using cached python_dateutil-2.9.0.post0-py2.py3-none-any.whl.metadata (8.4 kB)
Collecting cachetools (from nuscenes-devkit>=1.1.1->nerfstudio==1.1.4)
  Using cached cachetools-5.5.2-py3-none-any.whl.metadata (5.4 kB)
Collecting descartes (from nuscenes-devkit>=1.1.1->nerfstudio==1.1.4)
  Using cached descartes-1.1.0-py3-none-any.whl.metadata (2.4 kB)
Collecting fire (from nuscenes-devkit>=1.1.1->nerfstudio==1.1.4)
  Using cached fire-0.7.1-py3-none-any.whl.metadata (5.8 kB)
INFO: pip is looking at multiple versions of nuscenes-devkit to determine which version is compatible with other requirements. This could take a while.
Collecting nuscenes-devkit>=1.1.1 (from nerfstudio==1.1.4)
  Using cached nuscenes_devkit-1.1.10-py3-none-any.whl.metadata (15 kB)
Collecting jupyter (from nuscenes-devkit>=1.1.1->nerfstudio==1.1.4)
  Using cached jupyter-1.1.1-py2.py3-none-any.whl.metadata (2.0 kB)
Collecting nuscenes-devkit>=1.1.1 (from nerfstudio==1.1.4)
  Using cached nuscenes_devkit-1.1.9-py3-none-any.whl.metadata (14 kB)
Collecting opencv-python (from nuscenes-devkit>=1.1.1->nerfstudio==1.1.4)
  Using cached opencv_python-5.0.0.93-cp37-abi3-manylinux_2_28_x86_64.whl.metadata (19 kB)
Collecting scikit-learn (from nuscenes-devkit>=1.1.1->nerfstudio==1.1.4)
  Using cached scikit_learn-1.3.2-cp38-cp38-manylinux_2_17_x86_64.manylinux2014_x86_64.whl.metadata (11 kB)
Collecting Shapely (from nuscenes-devkit>=1.1.1->nerfstudio==1.1.4)
  Using cached shapely-2.0.7-cp38-cp38-manylinux_2_17_x86_64.manylinux2014_x86_64.whl.metadata (6.9 kB)
Collecting pycocotools>=2.0.1 (from nuscenes-devkit>=1.1.1->nerfstudio==1.1.4)
  Using cached pycocotools-2.0.7-cp38-cp38-manylinux_2_17_x86_64.manylinux2014_x86_64.whl.metadata (1.1 kB)
Collecting dash>=2.6.0 (from open3d>=0.16.0->nerfstudio==1.1.4)
  Using cached dash-4.3.0-py3-none-any.whl.metadata (11 kB)
Collecting werkzeug>=3.0.0 (from open3d>=0.16.0->nerfstudio==1.1.4)
  Using cached werkzeug-3.0.6-py3-none-any.whl.metadata (3.7 kB)
Collecting flask>=3.0.0 (from open3d>=0.16.0->nerfstudio==1.1.4)
  Using cached flask-3.0.3-py3-none-any.whl.metadata (3.2 kB)
Collecting nbformat>=5.7.0 (from open3d>=0.16.0->nerfstudio==1.1.4)
  Using cached nbformat-5.10.4-py3-none-any.whl.metadata (3.6 kB)
Collecting configargparse (from open3d>=0.16.0->nerfstudio==1.1.4)
  Using cached configargparse-1.8.0-py3-none-any.whl.metadata (23 kB)
Collecting addict (from open3d>=0.16.0->nerfstudio==1.1.4)
  Using cached addict-2.4.0-py3-none-any.whl.metadata (1.0 kB)
Collecting pandas>=1.0 (from open3d>=0.16.0->nerfstudio==1.1.4)
  Using cached pandas-2.0.3-cp38-cp38-manylinux_2_17_x86_64.manylinux2014_x86_64.whl.metadata (18 kB)
Collecting pyyaml>=5.4.1 (from open3d>=0.16.0->nerfstudio==1.1.4)
  Using cached PyYAML-6.0.3-cp38-cp38-manylinux2014_x86_64.manylinux_2_17_x86_64.manylinux_2_28_x86_64.whl.metadata (2.1 kB)
Collecting narwhals>=1.15.1 (from plotly>=5.7.0->nerfstudio==1.1.4)
  Using cached narwhals-1.42.1-py3-none-any.whl.metadata (11 kB)
Collecting bidict>=0.21.0 (from python-socketio>=5.7.1->nerfstudio==1.1.4)
  Using cached bidict-0.23.1-py3-none-any.whl.metadata (8.7 kB)
Collecting python-engineio>=4.13.2 (from python-socketio>=5.7.1->nerfstudio==1.1.4)
  Using cached python_engineio-4.14.0-py3-none-any.whl.metadata (2.5 kB)
Requirement already satisfied: charset_normalizer<4,>=2 in /mnt/hpccs01/home/n11585382/.conda/envs/water_splatting/lib/python3.8/site-packages (from requests->nerfstudio==1.1.4) (3.5.2)
Requirement already satisfied: idna<4,>=2.5 in /mnt/hpccs01/home/n11585382/.conda/envs/water_splatting/lib/python3.8/site-packages (from requests->nerfstudio==1.1.4) (3.15)
Requirement already satisfied: certifi>=2017.4.17 in /mnt/hpccs01/home/n11585382/.conda/envs/water_splatting/lib/python3.8/site-packages (from requests->nerfstudio==1.1.4) (2026.7.22)
Collecting markdown-it-py>=2.2.0 (from rich>=12.5.1->nerfstudio==1.1.4)
  Using cached markdown_it_py-3.0.0-py3-none-any.whl.metadata (6.9 kB)
Collecting pygments<3.0.0,>=2.13.0 (from rich>=12.5.1->nerfstudio==1.1.4)
  Using cached pygments-2.19.2-py3-none-any.whl.metadata (2.5 kB)
Requirement already satisfied: networkx>=2.8 in /mnt/hpccs01/home/n11585382/.conda/envs/water_splatting/lib/python3.8/site-packages (from scikit-image>=0.19.3->nerfstudio==1.1.4) (3.1)
Collecting tifffile>=2022.8.12 (from scikit-image>=0.19.3->nerfstudio==1.1.4)
  Using cached tifffile-2023.7.10-py3-none-any.whl.metadata (31 kB)
Collecting PyWavelets>=1.1.1 (from scikit-image>=0.19.3->nerfstudio==1.1.4)
  Using cached PyWavelets-1.4.1-cp38-cp38-manylinux_2_17_x86_64.manylinux2014_x86_64.whl.metadata (1.9 kB)
Collecting lazy_loader>=0.2 (from scikit-image>=0.19.3->nerfstudio==1.1.4)
  Using cached lazy_loader-0.4-py3-none-any.whl.metadata (7.6 kB)
Collecting absl-py>=0.4 (from tensorboard>=2.13.0->nerfstudio==1.1.4)
  Using cached absl_py-2.3.1-py3-none-any.whl.metadata (3.3 kB)
Collecting grpcio>=1.48.2 (from tensorboard>=2.13.0->nerfstudio==1.1.4)
  Using cached grpcio-1.70.0-cp38-cp38-manylinux_2_17_x86_64.manylinux2014_x86_64.whl.metadata (3.9 kB)
Collecting google-auth<3,>=1.6.3 (from tensorboard>=2.13.0->nerfstudio==1.1.4)
  Using cached google_auth-2.50.0-py3-none-any.whl.metadata (6.2 kB)
Collecting google-auth-oauthlib<1.1,>=0.5 (from tensorboard>=2.13.0->nerfstudio==1.1.4)
  Using cached google_auth_oauthlib-1.0.0-py2.py3-none-any.whl.metadata (2.7 kB)
Collecting markdown>=2.6.8 (from tensorboard>=2.13.0->nerfstudio==1.1.4)
  Using cached Markdown-3.7-py3-none-any.whl.metadata (7.0 kB)
Collecting tensorboard-data-server<0.8.0,>=0.7.0 (from tensorboard>=2.13.0->nerfstudio==1.1.4)
  Using cached tensorboard_data_server-0.7.2-py3-none-manylinux_2_31_x86_64.whl.metadata (1.1 kB)
Requirement already satisfied: wheel>=0.26 in /mnt/hpccs01/home/n11585382/.conda/envs/water_splatting/lib/python3.8/site-packages (from tensorboard>=2.13.0->nerfstudio==1.1.4) (0.44.0)
Requirement already satisfied: sympy in /mnt/hpccs01/home/n11585382/.conda/envs/water_splatting/lib/python3.8/site-packages (from torch>=1.13.1->nerfstudio==1.1.4) (1.13.3)
Requirement already satisfied: fsspec in /mnt/hpccs01/home/n11585382/.conda/envs/water_splatting/lib/python3.8/site-packages (from torch>=1.13.1->nerfstudio==1.1.4) (2025.3.0)
Requirement already satisfied: triton==2.1.0 in /mnt/hpccs01/home/n11585382/.conda/envs/water_splatting/lib/python3.8/site-packages (from torch>=1.13.1->nerfstudio==1.1.4) (2.1.0)
Collecting lightning-utilities>=0.8.0 (from torchmetrics>=1.0.1->torchmetrics[image]>=1.0.1->nerfstudio==1.1.4)
  Using cached lightning_utilities-0.11.9-py3-none-any.whl.metadata (5.2 kB)
Collecting torch-fidelity<=0.4.0 (from torchmetrics[image]>=1.0.1->nerfstudio==1.1.4)
  Using cached torch_fidelity-0.4.0-py3-none-any.whl.metadata (2.1 kB)
Collecting docstring-parser>=0.16 (from tyro>=0.6.6->nerfstudio==1.1.4)
  Using cached docstring_parser-0.18.0-py3-none-any.whl.metadata (3.5 kB)
Collecting eval-type-backport>=0.1.3 (from tyro>=0.6.6->nerfstudio==1.1.4)
  Using cached eval_type_backport-0.4.0-py3-none-any.whl.metadata (3.1 kB)
Collecting click>=8.0.1 (from wandb>=0.13.3->nerfstudio==1.1.4)
  Using cached click-8.1.8-py3-none-any.whl.metadata (2.3 kB)
Collecting gitpython!=3.1.29,>=1.0.0 (from wandb>=0.13.3->nerfstudio==1.1.4)
  Using cached gitpython-3.2.0-py3-none-any.whl.metadata (13 kB)
Collecting platformdirs (from wandb>=0.13.3->nerfstudio==1.1.4)
  Using cached platformdirs-4.3.6-py3-none-any.whl.metadata (11 kB)
Collecting pydantic<3 (from wandb>=0.13.3->nerfstudio==1.1.4)
  Using cached pydantic-2.10.6-py3-none-any.whl.metadata (30 kB)
Collecting pybind11>=2.6 (from fpsample->nerfstudio==1.1.4)
  Using cached pybind11-3.0.4-py3-none-any.whl.metadata (10 kB)
Collecting ppft>=1.7.7 (from pathos->nerfstudio==1.1.4)
  Using cached ppft-1.7.7-py3-none-any.whl.metadata (12 kB)
Collecting dill>=0.4.0 (from pathos->nerfstudio==1.1.4)
  Using cached dill-0.4.0-py3-none-any.whl.metadata (10 kB)
Collecting pox>=0.3.6 (from pathos->nerfstudio==1.1.4)
  Using cached pox-0.3.6-py3-none-any.whl.metadata (8.0 kB)
Collecting multiprocess>=0.70.18 (from pathos->nerfstudio==1.1.4)
  Using cached multiprocess-0.70.18-py38-none-any.whl.metadata (7.2 kB)
Collecting pycparser (from cffi>=1.14->cryptography>=38->nerfstudio==1.1.4)
  Using cached pycparser-2.23-py3-none-any.whl.metadata (993 bytes)
Collecting retrying (from dash>=2.6.0->open3d>=0.16.0->nerfstudio==1.1.4)
  Using cached retrying-1.4.2-py3-none-any.whl.metadata (5.5 kB)
Collecting nest-asyncio (from dash>=2.6.0->open3d>=0.16.0->nerfstudio==1.1.4)
  Using cached nest_asyncio-1.6.0-py3-none-any.whl.metadata (2.8 kB)
Collecting janus>=1.0.0 (from dash>=2.6.0->open3d>=0.16.0->nerfstudio==1.1.4)
  Using cached janus-1.0.0-py3-none-any.whl.metadata (4.5 kB)
Collecting configobj (from everett[ini]<3.2.0,>=1.0.1->comet-ml>=3.33.8->nerfstudio==1.1.4)
  Using cached configobj-5.0.9-py2.py3-none-any.whl.metadata (3.2 kB)
Collecting itsdangerous>=2.1.2 (from flask>=3.0.0->open3d>=0.16.0->nerfstudio==1.1.4)
  Using cached itsdangerous-2.2.0-py3-none-any.whl.metadata (1.9 kB)
Collecting blinker>=1.6.2 (from flask>=3.0.0->open3d>=0.16.0->nerfstudio==1.1.4)
  Using cached blinker-1.8.2-py3-none-any.whl.metadata (1.6 kB)
Collecting gitdb<5,>=4.0.1 (from gitpython!=3.1.29,>=1.0.0->wandb>=0.13.3->nerfstudio==1.1.4)
  Using cached gitdb-4.0.12-py3-none-any.whl.metadata (1.2 kB)
Collecting pyasn1-modules>=0.2.1 (from google-auth<3,>=1.6.3->tensorboard>=2.13.0->nerfstudio==1.1.4)
  Using cached pyasn1_modules-0.4.2-py3-none-any.whl.metadata (3.5 kB)
Collecting requests-oauthlib>=0.7.0 (from google-auth-oauthlib<1.1,>=0.5->tensorboard>=2.13.0->nerfstudio==1.1.4)
  Using cached requests_oauthlib-2.0.0-py2.py3-none-any.whl.metadata (11 kB)
Collecting anyio (from httpx>=0.25.0->jupyterlab>=3.3.4->nerfstudio==1.1.4)
  Using cached anyio-4.5.2-py3-none-any.whl.metadata (4.7 kB)
Collecting httpcore==1.* (from httpx>=0.25.0->jupyterlab>=3.3.4->nerfstudio==1.1.4)
  Using cached httpcore-1.0.9-py3-none-any.whl.metadata (21 kB)
Collecting h11>=0.16 (from httpcore==1.*->httpx>=0.25.0->jupyterlab>=3.3.4->nerfstudio==1.1.4)
  Using cached h11-0.16.0-py3-none-any.whl.metadata (8.3 kB)
Collecting debugpy>=1.6.5 (from ipykernel>=6.5.0->jupyterlab>=3.3.4->nerfstudio==1.1.4)
  Using cached debugpy-1.8.21-cp38-cp38-manylinux_2_34_x86_64.whl.metadata (1.2 kB)
Collecting jupyter-client>=6.1.12 (from ipykernel>=6.5.0->jupyterlab>=3.3.4->nerfstudio==1.1.4)
  Using cached jupyter_client-8.6.3-py3-none-any.whl.metadata (8.3 kB)
Collecting matplotlib-inline>=0.1 (from ipykernel>=6.5.0->jupyterlab>=3.3.4->nerfstudio==1.1.4)
  Using cached matplotlib_inline-0.1.7-py3-none-any.whl.metadata (3.9 kB)
Collecting pyzmq>=24 (from ipykernel>=6.5.0->jupyterlab>=3.3.4->nerfstudio==1.1.4)
  Using cached pyzmq-27.1.0-cp38-cp38-manylinux2014_x86_64.manylinux_2_17_x86_64.whl.metadata (6.0 kB)
Collecting backcall (from ipython>=6.1.0->ipywidgets>=7.6->nerfstudio==1.1.4)
  Using cached backcall-0.2.0-py2.py3-none-any.whl.metadata (2.0 kB)
Collecting decorator (from ipython>=6.1.0->ipywidgets>=7.6->nerfstudio==1.1.4)
  Using cached decorator-5.3.1-py3-none-any.whl.metadata (3.9 kB)
Collecting jedi>=0.16 (from ipython>=6.1.0->ipywidgets>=7.6->nerfstudio==1.1.4)
  Using cached jedi-0.19.2-py2.py3-none-any.whl.metadata (22 kB)
Collecting pickleshare (from ipython>=6.1.0->ipywidgets>=7.6->nerfstudio==1.1.4)
  Using cached pickleshare-0.7.5-py2.py3-none-any.whl.metadata (1.5 kB)
Collecting prompt-toolkit!=3.0.37,<3.1.0,>=3.0.30 (from ipython>=6.1.0->ipywidgets>=7.6->nerfstudio==1.1.4)
  Using cached prompt_toolkit-3.0.52-py3-none-any.whl.metadata (6.4 kB)
Collecting stack-data (from ipython>=6.1.0->ipywidgets>=7.6->nerfstudio==1.1.4)
  Using cached stack_data-0.6.3-py3-none-any.whl.metadata (18 kB)
Collecting pexpect>4.3 (from ipython>=6.1.0->ipywidgets>=7.6->nerfstudio==1.1.4)
  Using cached pexpect-4.9.0-py2.py3-none-any.whl.metadata (2.5 kB)
Requirement already satisfied: MarkupSafe>=2.0 in /mnt/hpccs01/home/n11585382/.conda/envs/water_splatting/lib/python3.8/site-packages (from jinja2>=3.0.3->jupyterlab>=3.3.4->nerfstudio==1.1.4) (2.1.5)
Collecting attrs>=22.2.0 (from jsonschema!=3.1.0,>=2.6.0->comet-ml>=3.33.8->nerfstudio==1.1.4)
  Using cached attrs-25.3.0-py3-none-any.whl.metadata (10 kB)
Collecting jsonschema-specifications>=2023.03.6 (from jsonschema!=3.1.0,>=2.6.0->comet-ml>=3.33.8->nerfstudio==1.1.4)
  Using cached jsonschema_specifications-2023.12.1-py3-none-any.whl.metadata (3.0 kB)
Collecting pkgutil-resolve-name>=1.3.10 (from jsonschema!=3.1.0,>=2.6.0->comet-ml>=3.33.8->nerfstudio==1.1.4)
  Using cached pkgutil_resolve_name-1.3.10-py3-none-any.whl.metadata (624 bytes)
Collecting referencing>=0.28.4 (from jsonschema!=3.1.0,>=2.6.0->comet-ml>=3.33.8->nerfstudio==1.1.4)
  Using cached referencing-0.35.1-py3-none-any.whl.metadata (2.8 kB)
Collecting rpds-py>=0.7.1 (from jsonschema!=3.1.0,>=2.6.0->comet-ml>=3.33.8->nerfstudio==1.1.4)
  Using cached rpds_py-0.20.1-cp38-cp38-manylinux_2_17_x86_64.manylinux2014_x86_64.whl.metadata (4.2 kB)
Collecting argon2-cffi>=21.1 (from jupyter-server<3,>=2.4.0->jupyterlab>=3.3.4->nerfstudio==1.1.4)
  Using cached argon2_cffi-25.1.0-py3-none-any.whl.metadata (4.1 kB)
Collecting jupyter-events>=0.9.0 (from jupyter-server<3,>=2.4.0->jupyterlab>=3.3.4->nerfstudio==1.1.4)
  Using cached jupyter_events-0.10.0-py3-none-any.whl.metadata (5.9 kB)
Collecting jupyter-server-terminals>=0.4.4 (from jupyter-server<3,>=2.4.0->jupyterlab>=3.3.4->nerfstudio==1.1.4)
  Using cached jupyter_server_terminals-0.5.4-py3-none-any.whl.metadata (5.9 kB)
Collecting nbconvert>=6.4.4 (from jupyter-server<3,>=2.4.0->jupyterlab>=3.3.4->nerfstudio==1.1.4)
  Using cached nbconvert-7.16.6-py3-none-any.whl.metadata (8.5 kB)
Collecting overrides>=5.0 (from jupyter-server<3,>=2.4.0->jupyterlab>=3.3.4->nerfstudio==1.1.4)
  Using cached overrides-7.7.0-py3-none-any.whl.metadata (5.8 kB)
Collecting prometheus-client>=0.9 (from jupyter-server<3,>=2.4.0->jupyterlab>=3.3.4->nerfstudio==1.1.4)
  Using cached prometheus_client-0.21.1-py3-none-any.whl.metadata (1.8 kB)
Collecting send2trash>=1.8.2 (from jupyter-server<3,>=2.4.0->jupyterlab>=3.3.4->nerfstudio==1.1.4)
  Using cached send2trash-2.1.0-py3-none-any.whl.metadata (4.1 kB)
Collecting terminado>=0.8.3 (from jupyter-server<3,>=2.4.0->jupyterlab>=3.3.4->nerfstudio==1.1.4)
  Using cached terminado-0.18.1-py3-none-any.whl.metadata (5.8 kB)
Collecting websocket-client>=1.7 (from jupyter-server<3,>=2.4.0->jupyterlab>=3.3.4->nerfstudio==1.1.4)
  Using cached websocket_client-1.8.0-py3-none-any.whl.metadata (8.0 kB)
Collecting babel>=2.10 (from jupyterlab-server<3,>=2.27.1->jupyterlab>=3.3.4->nerfstudio==1.1.4)
  Using cached babel-2.18.0-py3-none-any.whl.metadata (2.2 kB)
Collecting json5>=0.9.0 (from jupyterlab-server<3,>=2.27.1->jupyterlab>=3.3.4->nerfstudio==1.1.4)
  Using cached json5-0.15.0-py3-none-any.whl.metadata (37 kB)
Collecting mdurl~=0.1 (from markdown-it-py>=2.2.0->rich>=12.5.1->nerfstudio==1.1.4)
  Using cached mdurl-0.1.2-py3-none-any.whl.metadata (1.6 kB)
Collecting fastjsonschema>=2.15 (from nbformat>=5.7.0->open3d>=0.16.0->nerfstudio==1.1.4)
  Using cached fastjsonschema-2.21.2-py3-none-any.whl.metadata (2.3 kB)
Collecting pytz>=2020.1 (from pandas>=1.0->open3d>=0.16.0->nerfstudio==1.1.4)
  Using cached pytz-2026.5-py2.py3-none-any.whl.metadata (22 kB)
Collecting tzdata>=2022.1 (from pandas>=1.0->open3d>=0.16.0->nerfstudio==1.1.4)
  Using cached tzdata-2026.5-py2.py3-none-any.whl.metadata (1.4 kB)
Collecting annotated-types>=0.6.0 (from pydantic<3->wandb>=0.13.3->nerfstudio==1.1.4)
  Using cached annotated_types-0.7.0-py3-none-any.whl.metadata (15 kB)
Collecting pydantic-core==2.27.2 (from pydantic<3->wandb>=0.13.3->nerfstudio==1.1.4)
  Using cached pydantic_core-2.27.2-cp38-cp38-manylinux_2_17_x86_64.manylinux2014_x86_64.whl.metadata (6.6 kB)
Collecting six>=1.5 (from python-dateutil>=2.7->matplotlib>=3.6.0->nerfstudio==1.1.4)
  Using cached six-1.17.0-py2.py3-none-any.whl.metadata (1.7 kB)
Collecting simple-websocket>=0.10.0 (from python-engineio>=4.13.2->python-socketio>=5.7.1->nerfstudio==1.1.4)
  Using cached simple_websocket-1.1.0-py3-none-any.whl.metadata (1.5 kB)
Collecting joblib>=1.1.1 (from scikit-learn->nuscenes-devkit>=1.1.1->nerfstudio==1.1.4)
  Using cached joblib-1.4.2-py3-none-any.whl.metadata (5.4 kB)
Collecting threadpoolctl>=2.0.0 (from scikit-learn->nuscenes-devkit>=1.1.1->nerfstudio==1.1.4)
  Using cached threadpoolctl-3.5.0-py3-none-any.whl.metadata (13 kB)
Collecting lxml (from yourdfpy>=0.0.53->viser==0.2.3->nerfstudio==1.1.4)
  Using cached lxml-6.1.3-cp38-cp38-manylinux_2_26_x86_64.manylinux_2_28_x86_64.whl.metadata (3.0 kB)
Collecting soupsieve>=1.6.1 (from beautifulsoup4->gdown>=4.6.0->nerfstudio==1.1.4)
  Using cached soupsieve-2.7-py3-none-any.whl.metadata (4.6 kB)
Collecting termcolor (from fire->nuscenes-devkit>=1.1.1->nerfstudio==1.1.4)
  Using cached termcolor-2.4.0-py3-none-any.whl.metadata (6.1 kB)
Collecting notebook (from jupyter->nuscenes-devkit>=1.1.1->nerfstudio==1.1.4)
  Using cached notebook-7.4.7-py3-none-any.whl.metadata (10 kB)
Collecting jupyter-console (from jupyter->nuscenes-devkit>=1.1.1->nerfstudio==1.1.4)
  Using cached jupyter_console-6.6.3-py3-none-any.whl.metadata (5.8 kB)
Collecting PySocks!=1.5.7,>=1.5.6 (from requests[socks]->gdown>=4.6.0->nerfstudio==1.1.4)
  Using cached PySocks-1.7.1-py3-none-any.whl.metadata (13 kB)
Requirement already satisfied: mpmath<1.4,>=1.1.0 in /mnt/hpccs01/home/n11585382/.conda/envs/water_splatting/lib/python3.8/site-packages (from sympy->torch>=1.13.1->nerfstudio==1.1.4) (1.3.0)
Collecting sniffio>=1.1 (from anyio->httpx>=0.25.0->jupyterlab>=3.3.4->nerfstudio==1.1.4)
  Using cached sniffio-1.3.1-py3-none-any.whl.metadata (3.9 kB)
Collecting exceptiongroup>=1.0.2 (from anyio->httpx>=0.25.0->jupyterlab>=3.3.4->nerfstudio==1.1.4)
  Using cached exceptiongroup-1.3.1-py3-none-any.whl.metadata (6.7 kB)
Collecting argon2-cffi-bindings (from argon2-cffi>=21.1->jupyter-server<3,>=2.4.0->jupyterlab>=3.3.4->nerfstudio==1.1.4)
  Using cached argon2_cffi_bindings-21.2.0-cp36-abi3-manylinux_2_17_x86_64.manylinux2014_x86_64.whl.metadata (6.7 kB)
Collecting smmap<6,>=3.0.1 (from gitdb<5,>=4.0.1->gitpython!=3.1.29,>=1.0.0->wandb>=0.13.3->nerfstudio==1.1.4)
  Using cached smmap-5.0.3-py3-none-any.whl.metadata (4.6 kB)
Collecting parso<0.9.0,>=0.8.4 (from jedi>=0.16->ipython>=6.1.0->ipywidgets>=7.6->nerfstudio==1.1.4)
  Using cached parso-0.8.7-py2.py3-none-any.whl.metadata (8.2 kB)
Collecting python-json-logger>=2.0.4 (from jupyter-events>=0.9.0->jupyter-server<3,>=2.4.0->jupyterlab>=3.3.4->nerfstudio==1.1.4)
  Using cached python_json_logger-4.0.0-py3-none-any.whl.metadata (4.0 kB)
Collecting rfc3339-validator (from jupyter-events>=0.9.0->jupyter-server<3,>=2.4.0->jupyterlab>=3.3.4->nerfstudio==1.1.4)
  Using cached rfc3339_validator-0.1.4-py2.py3-none-any.whl.metadata (1.5 kB)
Collecting rfc3986-validator>=0.1.1 (from jupyter-events>=0.9.0->jupyter-server<3,>=2.4.0->jupyterlab>=3.3.4->nerfstudio==1.1.4)
  Using cached rfc3986_validator-0.1.1-py2.py3-none-any.whl.metadata (1.7 kB)
Collecting bleach!=5.0.0 (from bleach[css]!=5.0.0->nbconvert>=6.4.4->jupyter-server<3,>=2.4.0->jupyterlab>=3.3.4->nerfstudio==1.1.4)
  Using cached bleach-6.1.0-py3-none-any.whl.metadata (30 kB)
Collecting defusedxml (from nbconvert>=6.4.4->jupyter-server<3,>=2.4.0->jupyterlab>=3.3.4->nerfstudio==1.1.4)
  Using cached defusedxml-0.7.1-py2.py3-none-any.whl.metadata (32 kB)
Collecting jupyterlab-pygments (from nbconvert>=6.4.4->jupyter-server<3,>=2.4.0->jupyterlab>=3.3.4->nerfstudio==1.1.4)
  Using cached jupyterlab_pygments-0.3.0-py3-none-any.whl.metadata (4.4 kB)
Collecting mistune<4,>=2.0.3 (from nbconvert>=6.4.4->jupyter-server<3,>=2.4.0->jupyterlab>=3.3.4->nerfstudio==1.1.4)
  Using cached mistune-3.3.4-py3-none-any.whl.metadata (1.9 kB)
Collecting nbclient>=0.5.0 (from nbconvert>=6.4.4->jupyter-server<3,>=2.4.0->jupyterlab>=3.3.4->nerfstudio==1.1.4)
  Using cached nbclient-0.10.1-py3-none-any.whl.metadata (8.2 kB)
Collecting pandocfilters>=1.4.1 (from nbconvert>=6.4.4->jupyter-server<3,>=2.4.0->jupyterlab>=3.3.4->nerfstudio==1.1.4)
  Using cached pandocfilters-1.5.1-py2.py3-none-any.whl.metadata (9.0 kB)
Collecting ptyprocess>=0.5 (from pexpect>4.3->ipython>=6.1.0->ipywidgets>=7.6->nerfstudio==1.1.4)
  Using cached ptyprocess-0.7.0-py2.py3-none-any.whl.metadata (1.3 kB)
Collecting wcwidth (from prompt-toolkit!=3.0.37,<3.1.0,>=3.0.30->ipython>=6.1.0->ipywidgets>=7.6->nerfstudio==1.1.4)
  Using cached wcwidth-0.8.5-py3-none-any.whl.metadata (23 kB)
Collecting pyasn1<0.7.0,>=0.6.1 (from pyasn1-modules>=0.2.1->google-auth<3,>=1.6.3->tensorboard>=2.13.0->nerfstudio==1.1.4)
  Using cached pyasn1-0.6.4-py3-none-any.whl.metadata (8.4 kB)
Collecting oauthlib>=3.0.0 (from requests-oauthlib>=0.7.0->google-auth-oauthlib<1.1,>=0.5->tensorboard>=2.13.0->nerfstudio==1.1.4)
  Using cached oauthlib-3.3.1-py3-none-any.whl.metadata (7.9 kB)
Collecting wsproto (from simple-websocket>=0.10.0->python-engineio>=4.13.2->python-socketio>=5.7.1->nerfstudio==1.1.4)
  Using cached wsproto-1.2.0-py3-none-any.whl.metadata (5.6 kB)
Collecting colorlog (from trimesh[easy]>=3.11.2->yourdfpy>=0.0.53->viser==0.2.3->nerfstudio==1.1.4)
  Using cached colorlog-6.12.0-py3-none-any.whl.metadata (11 kB)
Collecting manifold3d>=2.3.0 (from trimesh[easy]>=3.11.2->yourdfpy>=0.0.53->viser==0.2.3->nerfstudio==1.1.4)
  Using cached manifold3d-3.4.0-cp38-cp38-manylinux_2_27_x86_64.manylinux_2_28_x86_64.whl.metadata (19 kB)
Collecting svg.path (from trimesh[easy]>=3.11.2->yourdfpy>=0.0.53->viser==0.2.3->nerfstudio==1.1.4)
  Using cached svg_path-7.1-py2.py3-none-any.whl.metadata (14 kB)
Collecting pycollada<=0.9.0 (from trimesh[easy]>=3.11.2->yourdfpy>=0.0.53->viser==0.2.3->nerfstudio==1.1.4)
  Using cached pycollada-0.9-py3-none-any.whl
Collecting xxhash (from trimesh[easy]>=3.11.2->yourdfpy>=0.0.53->viser==0.2.3->nerfstudio==1.1.4)
  Using cached xxhash-3.8.1-cp38-cp38-manylinux2014_x86_64.manylinux_2_17_x86_64.manylinux_2_28_x86_64.whl.metadata (14 kB)
Collecting rtree (from trimesh[easy]>=3.11.2->yourdfpy>=0.0.53->viser==0.2.3->nerfstudio==1.1.4)
  Using cached Rtree-1.3.0-py3-none-manylinux2014_x86_64.manylinux_2_17_x86_64.whl.metadata (2.1 kB)
Collecting embreex (from trimesh[easy]>=3.11.2->yourdfpy>=0.0.53->viser==0.2.3->nerfstudio==1.1.4)
  Using cached embreex-4.4.0-cp38-cp38-manylinux_2_27_x86_64.manylinux_2_28_x86_64.whl.metadata (2.9 kB)
INFO: pip is looking at multiple versions of notebook to determine which version is compatible with other requirements. This could take a while.
Collecting notebook (from jupyter->nuscenes-devkit>=1.1.1->nerfstudio==1.1.4)
  Using cached notebook-7.4.6-py3-none-any.whl.metadata (10 kB)
  Using cached notebook-7.4.5-py3-none-any.whl.metadata (10 kB)
  Using cached notebook-7.4.4-py3-none-any.whl.metadata (10 kB)
  Using cached notebook-7.4.3-py3-none-any.whl.metadata (10 kB)
  Using cached notebook-7.4.2-py3-none-any.whl.metadata (10 kB)
  Using cached notebook-7.4.1-py3-none-any.whl.metadata (10 kB)
  Using cached notebook-7.4.0-py3-none-any.whl.metadata (10 kB)
INFO: pip is still looking at multiple versions of notebook to determine which version is compatible with other requirements. This could take a while.
  Using cached notebook-7.3.3-py3-none-any.whl.metadata (10 kB)
Collecting executing>=1.2.0 (from stack-data->ipython>=6.1.0->ipywidgets>=7.6->nerfstudio==1.1.4)
  Using cached executing-2.2.1-py2.py3-none-any.whl.metadata (8.9 kB)
Collecting asttokens>=2.1.0 (from stack-data->ipython>=6.1.0->ipywidgets>=7.6->nerfstudio==1.1.4)
  Using cached asttokens-3.0.2-py3-none-any.whl.metadata (5.7 kB)
Collecting pure-eval (from stack-data->ipython>=6.1.0->ipywidgets>=7.6->nerfstudio==1.1.4)
  Using cached pure_eval-0.2.4-py3-none-any.whl.metadata (6.4 kB)
Collecting webencodings (from bleach!=5.0.0->bleach[css]!=5.0.0->nbconvert>=6.4.4->jupyter-server<3,>=2.4.0->jupyterlab>=3.3.4->nerfstudio==1.1.4)
  Using cached webencodings-0.5.1-py2.py3-none-any.whl.metadata (2.1 kB)
Collecting tinycss2<1.3,>=1.1.0 (from bleach[css]!=5.0.0->nbconvert>=6.4.4->jupyter-server<3,>=2.4.0->jupyterlab>=3.3.4->nerfstudio==1.1.4)
  Using cached tinycss2-1.2.1-py3-none-any.whl.metadata (3.0 kB)
Collecting fqdn (from jsonschema[format-nongpl]>=4.18.0->jupyter-events>=0.9.0->jupyter-server<3,>=2.4.0->jupyterlab>=3.3.4->nerfstudio==1.1.4)
  Using cached fqdn-1.6.0-py3-none-any.whl.metadata (9.4 kB)
Collecting isoduration (from jsonschema[format-nongpl]>=4.18.0->jupyter-events>=0.9.0->jupyter-server<3,>=2.4.0->jupyterlab>=3.3.4->nerfstudio==1.1.4)
  Using cached isoduration-20.11.0-py3-none-any.whl.metadata (5.7 kB)
Collecting jsonpointer>1.13 (from jsonschema[format-nongpl]>=4.18.0->jupyter-events>=0.9.0->jupyter-server<3,>=2.4.0->jupyterlab>=3.3.4->nerfstudio==1.1.4)
  Using cached jsonpointer-3.0.0-py2.py3-none-any.whl.metadata (2.3 kB)
Collecting uri-template (from jsonschema[format-nongpl]>=4.18.0->jupyter-events>=0.9.0->jupyter-server<3,>=2.4.0->jupyterlab>=3.3.4->nerfstudio==1.1.4)
  Using cached uri_template-1.3.0-py3-none-any.whl.metadata (8.8 kB)
Collecting webcolors>=24.6.0 (from jsonschema[format-nongpl]>=4.18.0->jupyter-events>=0.9.0->jupyter-server<3,>=2.4.0->jupyterlab>=3.3.4->nerfstudio==1.1.4)
  Using cached webcolors-24.8.0-py3-none-any.whl.metadata (2.6 kB)
Collecting arrow>=0.15.0 (from isoduration->jsonschema[format-nongpl]>=4.18.0->jupyter-events>=0.9.0->jupyter-server<3,>=2.4.0->jupyterlab>=3.3.4->nerfstudio==1.1.4)
  Using cached arrow-1.4.0-py3-none-any.whl.metadata (7.7 kB)
Collecting backports.zoneinfo==0.2.1 (from arrow>=0.15.0->isoduration->jsonschema[format-nongpl]>=4.18.0->jupyter-events>=0.9.0->jupyter-server<3,>=2.4.0->jupyterlab>=3.3.4->nerfstudio==1.1.4)
  Using cached backports.zoneinfo-0.2.1-cp38-cp38-manylinux1_x86_64.whl.metadata (4.7 kB)
Using cached nerfstudio-1.1.4-py3-none-any.whl (581 kB)
Using cached gsplat-1.0.0-py3-none-any.whl (6.4 MB)
Using cached nerfacc-0.5.2-py3-none-any.whl (55 kB)
Using cached opencv_python_headless-4.10.0.84-cp37-abi3-manylinux_2_17_x86_64.manylinux2014_x86_64.whl (49.9 MB)
Using cached splines-0.3.0-py3-none-any.whl (17 kB)
Using cached timm-0.6.7-py3-none-any.whl (509 kB)
Using cached viser-0.2.3-py3-none-any.whl (4.5 MB)
Using cached appdirs-1.4.4-py2.py3-none-any.whl (9.6 kB)
Using cached av-12.3.0-cp38-cp38-manylinux_2_17_x86_64.manylinux2014_x86_64.whl (33.7 MB)
Using cached comet_ml-3.58.7-py3-none-any.whl (830 kB)
Using cached cryptography-47.0.0-cp38-abi3-manylinux_2_34_x86_64.whl (4.7 MB)
Using cached gdown-5.2.2-py3-none-any.whl (18 kB)
Using cached h5py-3.11.0-cp38-cp38-manylinux_2_17_x86_64.manylinux2014_x86_64.whl (5.3 MB)
Using cached imageio-2.35.1-py3-none-any.whl (315 kB)
Using cached importlib_metadata-8.5.0-py3-none-any.whl (26 kB)
Using cached ipywidgets-8.1.9-py3-none-any.whl (140 kB)
Using cached jaxtyping-0.2.19-py3-none-any.whl (24 kB)
Using cached jupyterlab-4.3.8-py3-none-any.whl (11.7 MB)
Using cached matplotlib-3.7.5-cp38-cp38-manylinux_2_12_x86_64.manylinux2010_x86_64.whl (9.2 MB)
Using cached mediapy-1.2.7-py3-none-any.whl (28 kB)
Using cached msgpack-1.1.1-cp38-cp38-manylinux_2_17_x86_64.manylinux2014_x86_64.whl (413 kB)
Using cached msgpack_numpy-0.4.8-py2.py3-none-any.whl (6.9 kB)
Using cached nuscenes_devkit-1.1.9-py3-none-any.whl (312 kB)
Using cached open3d-0.19.0-cp38-cp38-manylinux_2_31_x86_64.whl (447.7 MB)
Using cached packaging-26.2-py3-none-any.whl (100 kB)
Using cached plotly-7.1.0-py3-none-any.whl (9.7 MB)
Using cached protobuf-3.20.3-cp38-cp38-manylinux_2_5_x86_64.manylinux1_x86_64.whl (1.0 MB)
Using cached pymeshlab-2023.12.post2-cp38-cp38-manylinux_2_31_x86_64.whl (97.8 MB)
Using cached pyngrok-7.2.12-py3-none-any.whl (26 kB)
Using cached pyquaternion-0.9.9-py3-none-any.whl (14 kB)
Using cached python_socketio-5.17.0-py3-none-any.whl (82 kB)
Using cached rawpy-0.21.0-cp38-cp38-manylinux_2_17_x86_64.manylinux2014_x86_64.whl (1.9 MB)
Using cached rich-14.3.4-py3-none-any.whl (310 kB)
Using cached scikit_image-0.21.0-cp38-cp38-manylinux_2_17_x86_64.manylinux2014_x86_64.whl (13.9 MB)
Using cached tensorboard-2.14.0-py3-none-any.whl (5.5 MB)
Using cached torchmetrics-1.5.2-py3-none-any.whl (891 kB)
Using cached trimesh-4.12.2-py3-none-any.whl (741 kB)
Using cached tyro-1.0.16-py3-none-any.whl (216 kB)
Using cached wandb-0.24.2-py3-none-manylinux_2_28_x86_64.whl (23.0 MB)
Using cached pathos-0.3.4-py3-none-any.whl (82 kB)
Using cached pytorch_msssim-1.0.0-py3-none-any.whl (7.7 kB)
Using cached tensorly-0.9.0-py3-none-any.whl (7.4 MB)
Using cached xatlas-0.0.11-cp38-cp38-manylinux_2_17_x86_64.manylinux2014_x86_64.whl (261 kB)
Using cached absl_py-2.3.1-py3-none-any.whl (135 kB)
Using cached async_lru-2.0.4-py3-none-any.whl (6.1 kB)
Using cached bidict-0.23.1-py3-none-any.whl (32 kB)
Using cached cffi-1.17.1-cp38-cp38-manylinux_2_17_x86_64.manylinux2014_x86_64.whl (446 kB)
Using cached click-8.1.8-py3-none-any.whl (98 kB)
Using cached comm-0.2.3-py3-none-any.whl (7.3 kB)
Using cached contourpy-1.1.1-cp38-cp38-manylinux_2_17_x86_64.manylinux2014_x86_64.whl (301 kB)
Using cached cycler-0.12.1-py3-none-any.whl (8.3 kB)
Using cached dash-4.3.0-py3-none-any.whl (8.4 MB)
Using cached dill-0.4.0-py3-none-any.whl (119 kB)
Using cached docstring_parser-0.18.0-py3-none-any.whl (22 kB)
Using cached dulwich-0.22.4-cp38-cp38-manylinux_2_17_x86_64.manylinux2014_x86_64.whl (968 kB)
Using cached eval_type_backport-0.4.0-py3-none-any.whl (6.4 kB)
Using cached everett-3.1.0-py2.py3-none-any.whl (35 kB)
Using cached flask-3.0.3-py3-none-any.whl (101 kB)
Using cached fonttools-4.57.0-cp38-cp38-manylinux_2_17_x86_64.manylinux2014_x86_64.whl (4.7 MB)
Using cached gitpython-3.2.0-py3-none-any.whl (228 kB)
Using cached google_auth-2.50.0-py3-none-any.whl (246 kB)
Using cached google_auth_oauthlib-1.0.0-py2.py3-none-any.whl (18 kB)
Using cached grpcio-1.70.0-cp38-cp38-manylinux_2_17_x86_64.manylinux2014_x86_64.whl (6.0 MB)
Using cached httpx-0.28.1-py3-none-any.whl (73 kB)
Using cached httpcore-1.0.9-py3-none-any.whl (78 kB)
Using cached importlib_resources-6.4.5-py3-none-any.whl (36 kB)
Using cached ipykernel-6.29.5-py3-none-any.whl (117 kB)
Using cached ipython-8.12.3-py3-none-any.whl (798 kB)
Using cached jsonschema-4.23.0-py3-none-any.whl (88 kB)
Using cached jupyter_core-5.8.1-py3-none-any.whl (28 kB)
Using cached jupyter_lsp-2.3.1-py3-none-any.whl (77 kB)
Using cached jupyter_server-2.14.2-py3-none-any.whl (383 kB)
Using cached jupyterlab_server-2.28.0-py3-none-any.whl (59 kB)
Using cached jupyterlab_widgets-3.0.17-py3-none-any.whl (217 kB)
Using cached kiwisolver-1.4.7-cp38-cp38-manylinux_2_5_x86_64.manylinux1_x86_64.whl (1.2 MB)
Using cached lazy_loader-0.4-py3-none-any.whl (12 kB)
Using cached lightning_utilities-0.11.9-py3-none-any.whl (28 kB)
Using cached Markdown-3.7-py3-none-any.whl (106 kB)
Using cached markdown_it_py-3.0.0-py3-none-any.whl (87 kB)
Using cached multiprocess-0.70.18-py38-none-any.whl (132 kB)
Using cached narwhals-1.42.1-py3-none-any.whl (359 kB)
Using cached nbformat-5.10.4-py3-none-any.whl (78 kB)
Using cached nodeenv-1.11.0-py2.py3-none-any.whl (34 kB)
Using cached notebook_shim-0.2.4-py3-none-any.whl (13 kB)
Using cached pandas-2.0.3-cp38-cp38-manylinux_2_17_x86_64.manylinux2014_x86_64.whl (12.4 MB)
Using cached platformdirs-4.3.6-py3-none-any.whl (18 kB)
Using cached pox-0.3.6-py3-none-any.whl (29 kB)
Using cached ppft-1.7.7-py3-none-any.whl (56 kB)
Using cached psutil-7.2.2-cp36-abi3-manylinux2010_x86_64.manylinux_2_12_x86_64.manylinux_2_28_x86_64.whl (155 kB)
Using cached pybind11-3.0.4-py3-none-any.whl (314 kB)
Using cached pycocotools-2.0.7-cp38-cp38-manylinux_2_17_x86_64.manylinux2014_x86_64.whl (439 kB)
Using cached pydantic-2.10.6-py3-none-any.whl (431 kB)
Using cached pydantic_core-2.27.2-cp38-cp38-manylinux_2_17_x86_64.manylinux2014_x86_64.whl (2.0 MB)
Using cached pygments-2.19.2-py3-none-any.whl (1.2 MB)
Using cached pyparsing-3.1.4-py3-none-any.whl (104 kB)
Using cached python_box-6.1.0-cp38-cp38-manylinux_2_17_x86_64.manylinux2014_x86_64.whl (3.5 MB)
Using cached python_dateutil-2.9.0.post0-py2.py3-none-any.whl (229 kB)
Using cached python_engineio-4.14.0-py3-none-any.whl (60 kB)
Using cached PyWavelets-1.4.1-cp38-cp38-manylinux_2_17_x86_64.manylinux2014_x86_64.whl (6.9 MB)
Using cached PyYAML-6.0.3-cp38-cp38-manylinux2014_x86_64.manylinux_2_17_x86_64.manylinux_2_28_x86_64.whl (806 kB)
Using cached requests_toolbelt-1.0.0-py2.py3-none-any.whl (54 kB)
Using cached scikit_learn-1.3.2-cp38-cp38-manylinux_2_17_x86_64.manylinux2014_x86_64.whl (11.1 MB)
Using cached scipy-1.10.1-cp38-cp38-manylinux_2_17_x86_64.manylinux2014_x86_64.whl (34.5 MB)
Using cached semantic_version-2.10.0-py2.py3-none-any.whl (15 kB)
Using cached sentry_sdk-2.71.0-py3-none-any.whl (534 kB)
Using cached tensorboard_data_server-0.7.2-py3-none-manylinux_2_31_x86_64.whl (6.6 MB)
Using cached tifffile-2023.7.10-py3-none-any.whl (220 kB)
Using cached tomli-2.4.1-py3-none-any.whl (14 kB)
Using cached torch_fidelity-0.4.0-py3-none-any.whl (85 kB)
Using cached tornado-6.4.2-cp38-abi3-manylinux_2_5_x86_64.manylinux1_x86_64.manylinux_2_17_x86_64.manylinux2014_x86_64.whl (437 kB)
Using cached tqdm-4.70.1-py3-none-any.whl (80 kB)
Using cached traitlets-5.14.3-py3-none-any.whl (85 kB)
Using cached typeguard-4.4.0-py3-none-any.whl (35 kB)
Using cached websockets-13.1-cp38-cp38-manylinux_2_5_x86_64.manylinux1_x86_64.manylinux_2_17_x86_64.manylinux2014_x86_64.whl (164 kB)
Using cached werkzeug-3.0.6-py3-none-any.whl (227 kB)
Using cached widgetsnbextension-4.0.16-py3-none-any.whl (2.2 MB)
Using cached wrapt-2.0.1-cp38-cp38-manylinux1_x86_64.manylinux_2_28_x86_64.manylinux_2_5_x86_64.whl (118 kB)
Using cached wurlitzer-3.1.1-py3-none-any.whl (8.6 kB)
Using cached yourdfpy-0.0.60-py3-none-any.whl (22 kB)
Using cached zipp-3.20.2-py3-none-any.whl (9.2 kB)
Using cached addict-2.4.0-py3-none-any.whl (3.8 kB)
Using cached beautifulsoup4-4.15.0-py3-none-any.whl (109 kB)
Using cached cachetools-5.5.2-py3-none-any.whl (10 kB)
Using cached configargparse-1.8.0-py3-none-any.whl (34 kB)
Using cached descartes-1.1.0-py3-none-any.whl (5.8 kB)
Using cached fire-0.7.1-py3-none-any.whl (115 kB)
Using cached jupyter-1.1.1-py2.py3-none-any.whl (2.7 kB)
Using cached opencv_python-5.0.0.93-cp37-abi3-manylinux_2_28_x86_64.whl (73.8 MB)
Using cached shapely-2.0.7-cp38-cp38-manylinux_2_17_x86_64.manylinux2014_x86_64.whl (2.5 MB)
Using cached simplejson-4.1.2-cp38-cp38-manylinux1_x86_64.manylinux_2_28_x86_64.manylinux_2_5_x86_64.whl (172 kB)
Using cached annotated_types-0.7.0-py3-none-any.whl (13 kB)
Using cached anyio-4.5.2-py3-none-any.whl (89 kB)
Using cached argon2_cffi-25.1.0-py3-none-any.whl (14 kB)
Using cached attrs-25.3.0-py3-none-any.whl (63 kB)
Using cached babel-2.18.0-py3-none-any.whl (10.2 MB)
Using cached blinker-1.8.2-py3-none-any.whl (9.5 kB)
Using cached debugpy-1.8.21-cp38-cp38-manylinux_2_34_x86_64.whl (3.1 MB)
Using cached fastjsonschema-2.21.2-py3-none-any.whl (24 kB)
Using cached gitdb-4.0.12-py3-none-any.whl (62 kB)
Using cached itsdangerous-2.2.0-py3-none-any.whl (16 kB)
Using cached janus-1.0.0-py3-none-any.whl (6.9 kB)
Using cached jedi-0.19.2-py2.py3-none-any.whl (1.6 MB)
Using cached joblib-1.4.2-py3-none-any.whl (301 kB)
Using cached json5-0.15.0-py3-none-any.whl (36 kB)
Using cached jsonschema_specifications-2023.12.1-py3-none-any.whl (18 kB)
Using cached jupyter_client-8.6.3-py3-none-any.whl (106 kB)
Using cached jupyter_events-0.10.0-py3-none-any.whl (18 kB)
Using cached jupyter_server_terminals-0.5.4-py3-none-any.whl (13 kB)
Using cached matplotlib_inline-0.1.7-py3-none-any.whl (9.9 kB)
Using cached mdurl-0.1.2-py3-none-any.whl (10.0 kB)
Using cached nbconvert-7.16.6-py3-none-any.whl (258 kB)
Using cached overrides-7.7.0-py3-none-any.whl (17 kB)
Using cached pexpect-4.9.0-py2.py3-none-any.whl (63 kB)
Using cached pkgutil_resolve_name-1.3.10-py3-none-any.whl (4.7 kB)
Using cached prometheus_client-0.21.1-py3-none-any.whl (54 kB)
Using cached prompt_toolkit-3.0.52-py3-none-any.whl (391 kB)
Using cached pyasn1_modules-0.4.2-py3-none-any.whl (181 kB)
Using cached PySocks-1.7.1-py3-none-any.whl (16 kB)
Using cached pytz-2026.5-py2.py3-none-any.whl (506 kB)
Using cached pyzmq-27.1.0-cp38-cp38-manylinux2014_x86_64.manylinux_2_17_x86_64.whl (864 kB)
Using cached referencing-0.35.1-py3-none-any.whl (26 kB)
Using cached requests_oauthlib-2.0.0-py2.py3-none-any.whl (24 kB)
Using cached rpds_py-0.20.1-cp38-cp38-manylinux_2_17_x86_64.manylinux2014_x86_64.whl (360 kB)
Using cached send2trash-2.1.0-py3-none-any.whl (17 kB)
Using cached simple_websocket-1.1.0-py3-none-any.whl (13 kB)
Using cached six-1.17.0-py2.py3-none-any.whl (11 kB)
Using cached soupsieve-2.7-py3-none-any.whl (36 kB)
Using cached terminado-0.18.1-py3-none-any.whl (14 kB)
Using cached threadpoolctl-3.5.0-py3-none-any.whl (18 kB)
Using cached tzdata-2026.5-py2.py3-none-any.whl (347 kB)
Using cached websocket_client-1.8.0-py3-none-any.whl (58 kB)
Using cached backcall-0.2.0-py2.py3-none-any.whl (11 kB)
Using cached configobj-5.0.9-py2.py3-none-any.whl (35 kB)
Using cached decorator-5.3.1-py3-none-any.whl (10 kB)
Using cached jupyter_console-6.6.3-py3-none-any.whl (24 kB)
Using cached lxml-6.1.3-cp38-cp38-manylinux_2_26_x86_64.manylinux_2_28_x86_64.whl (5.2 MB)
Using cached nest_asyncio-1.6.0-py3-none-any.whl (5.2 kB)
Using cached notebook-7.3.3-py3-none-any.whl (13.1 MB)
Using cached pickleshare-0.7.5-py2.py3-none-any.whl (6.9 kB)
Using cached pycparser-2.23-py3-none-any.whl (118 kB)
Using cached retrying-1.4.2-py3-none-any.whl (10 kB)
Using cached stack_data-0.6.3-py3-none-any.whl (24 kB)
Using cached termcolor-2.4.0-py3-none-any.whl (7.7 kB)
Using cached asttokens-3.0.2-py3-none-any.whl (28 kB)
Using cached bleach-6.1.0-py3-none-any.whl (162 kB)
Using cached exceptiongroup-1.3.1-py3-none-any.whl (16 kB)
Using cached executing-2.2.1-py2.py3-none-any.whl (28 kB)
Using cached h11-0.16.0-py3-none-any.whl (37 kB)
Using cached manifold3d-3.4.0-cp38-cp38-manylinux_2_27_x86_64.manylinux_2_28_x86_64.whl (1.4 MB)
Using cached mistune-3.3.4-py3-none-any.whl (66 kB)
Using cached nbclient-0.10.1-py3-none-any.whl (25 kB)
Using cached oauthlib-3.3.1-py3-none-any.whl (160 kB)
Using cached pandocfilters-1.5.1-py2.py3-none-any.whl (8.7 kB)
Using cached parso-0.8.7-py2.py3-none-any.whl (107 kB)
Using cached ptyprocess-0.7.0-py2.py3-none-any.whl (13 kB)
Using cached pyasn1-0.6.4-py3-none-any.whl (84 kB)
Using cached python_json_logger-4.0.0-py3-none-any.whl (15 kB)
Using cached rfc3986_validator-0.1.1-py2.py3-none-any.whl (4.2 kB)
Using cached smmap-5.0.3-py3-none-any.whl (24 kB)
Using cached sniffio-1.3.1-py3-none-any.whl (10 kB)
Using cached argon2_cffi_bindings-21.2.0-cp36-abi3-manylinux_2_17_x86_64.manylinux2014_x86_64.whl (86 kB)
Using cached colorlog-6.12.0-py3-none-any.whl (12 kB)
Using cached defusedxml-0.7.1-py2.py3-none-any.whl (25 kB)
Using cached embreex-4.4.0-cp38-cp38-manylinux_2_27_x86_64.manylinux_2_28_x86_64.whl (14.5 MB)
Using cached jupyterlab_pygments-0.3.0-py3-none-any.whl (15 kB)
Using cached pure_eval-0.2.4-py3-none-any.whl (11 kB)
Using cached rfc3339_validator-0.1.4-py2.py3-none-any.whl (3.5 kB)
Using cached Rtree-1.3.0-py3-none-manylinux2014_x86_64.manylinux_2_17_x86_64.whl (543 kB)
Using cached svg_path-7.1-py2.py3-none-any.whl (18 kB)
Using cached wcwidth-0.8.5-py3-none-any.whl (299 kB)
Using cached wsproto-1.2.0-py3-none-any.whl (24 kB)
Using cached xxhash-3.8.1-cp38-cp38-manylinux2014_x86_64.manylinux_2_17_x86_64.manylinux_2_28_x86_64.whl (218 kB)
Using cached jsonpointer-3.0.0-py2.py3-none-any.whl (7.6 kB)
Using cached tinycss2-1.2.1-py3-none-any.whl (21 kB)
Using cached webcolors-24.8.0-py3-none-any.whl (15 kB)
Using cached webencodings-0.5.1-py2.py3-none-any.whl (11 kB)
Using cached fqdn-1.6.0-py3-none-any.whl (12 kB)
Using cached isoduration-20.11.0-py3-none-any.whl (11 kB)
Using cached uri_template-1.3.0-py3-none-any.whl (11 kB)
Using cached arrow-1.4.0-py3-none-any.whl (68 kB)
Using cached backports.zoneinfo-0.2.1-cp38-cp38-manylinux1_x86_64.whl (74 kB)
Installing collected packages: webencodings, pytz, pyliblzfse, pure-eval, ptyprocess, pickleshare, fastjsonschema, everett, backcall, appdirs, addict, zipp, xxhash, xatlas, wurlitzer, wrapt, widgetsnbextension, werkzeug, websockets, websocket-client, webcolors, wcwidth, uri-template, tzdata, trimesh, traitlets, tqdm, tornado, tomli, tinycss2, tifffile, threadpoolctl, termcolor, tensorboard-data-server, svg.path, splines, soupsieve, sniffio, smmap, six, simplejson, Shapely, sentry-sdk, send2trash, semantic-version, scipy, rtree, rpds-py, rfc3986-validator, retrying, rawpy, pyzmq, pyyaml, PyWavelets, python-json-logger, python-box, PySocks, pyquaternion, pyparsing, pymeshlab, pygments, pydantic-core, pycparser, pybind11, pyasn1, psutil, protobuf, prometheus-client, ppft, pox, platformdirs, pkgutil-resolve-name, pexpect, parso, pandocfilters, packaging, overrides, opencv-python-headless, opencv-python, oauthlib, nodeenv, nest-asyncio, narwhals, msgpack, mistune, mdurl, manifold3d, lxml, kiwisolver, jupyterlab_widgets, jupyterlab-pygments, jsonpointer, json5, joblib, janus, itsdangerous, imageio, h5py, h11, grpcio, fqdn, fonttools, executing, exceptiongroup, eval-type-backport, embreex, dulwich, docstring-parser, dill, defusedxml, decorator, debugpy, cycler, contourpy, configobj, configargparse, comm, colorlog, click, cachetools, blinker, bidict, backports.zoneinfo, babel, av, attrs, async-lru, asttokens, annotated-types, absl-py, wsproto, terminado, tensorly, stack-data, scikit-learn, rfc3339-validator, requests-toolbelt, requests-oauthlib, referencing, python-dateutil, pyngrok, pydantic, pyasn1-modules, prompt-toolkit, plotly, multiprocess, msgpack-numpy, matplotlib-inline, markdown-it-py, lightning-utilities, lazy_loader, jupyter-core, jedi, importlib-resources, importlib-metadata, httpcore, gitdb, fpsample, fire, cffi, bleach, beautifulsoup4, anyio, typeguard, torchmetrics, simple-websocket, scikit-image, rich, pytorch-msssim, pycollada, pathos, pandas, matplotlib, markdown, jupyter-server-terminals, jupyter-client, jsonschema-specifications, ipython, httpx, gitpython, gdown, flask, cryptography, arrow, argon2-cffi-bindings, wandb, tyro, torch-fidelity, timm, python-engineio, pycocotools, nerfacc, mediapy, jsonschema, jaxtyping, isoduration, ipywidgets, ipykernel, google-auth, descartes, dash, argon2-cffi, python-socketio, nbformat, jupyter-console, gsplat, google-auth-oauthlib, comet-ml, yourdfpy, tensorboard, open3d, nbclient, jupyter-events, viser, nbconvert, jupyter-server, notebook-shim, jupyterlab-server, jupyter-lsp, jupyterlab, notebook, jupyter, nuscenes-devkit, nerfstudio
Successfully installed PySocks-1.7.1 PyWavelets-1.4.1 Shapely-2.0.7 absl-py-2.3.1 addict-2.4.0 annotated-types-0.7.0 anyio-4.5.2 appdirs-1.4.4 argon2-cffi-25.1.0 argon2-cffi-bindings-21.2.0 arrow-1.4.0 asttokens-3.0.2 async-lru-2.0.4 attrs-25.3.0 av-12.3.0 babel-2.18.0 backcall-0.2.0 backports.zoneinfo-0.2.1 beautifulsoup4-4.15.0 bidict-0.23.1 bleach-6.1.0 blinker-1.8.2 cachetools-5.5.2 cffi-1.17.1 click-8.1.8 colorlog-6.12.0 comet-ml-3.58.7 comm-0.2.3 configargparse-1.8.0 configobj-5.0.9 contourpy-1.1.1 cryptography-47.0.0 cycler-0.12.1 dash-4.3.0 debugpy-1.8.21 decorator-5.3.1 defusedxml-0.7.1 descartes-1.1.0 dill-0.4.0 docstring-parser-0.18.0 dulwich-0.22.4 embreex-4.4.0 eval-type-backport-0.4.0 everett-3.1.0 exceptiongroup-1.3.1 executing-2.2.1 fastjsonschema-2.21.2 fire-0.7.1 flask-3.0.3 fonttools-4.57.0 fpsample-1.0.2 fqdn-1.6.0 gdown-5.2.2 gitdb-4.0.12 gitpython-3.2.0 google-auth-2.50.0 google-auth-oauthlib-1.0.0 grpcio-1.70.0 gsplat-1.0.0 h11-0.16.0 h5py-3.11.0 httpcore-1.0.9 httpx-0.28.1 imageio-2.35.1 importlib-metadata-8.5.0 importlib-resources-6.4.5 ipykernel-6.29.5 ipython-8.12.3 ipywidgets-8.1.9 isoduration-20.11.0 itsdangerous-2.2.0 janus-1.0.0 jaxtyping-0.2.19 jedi-0.19.2 joblib-1.4.2 json5-0.15.0 jsonpointer-3.0.0 jsonschema-4.23.0 jsonschema-specifications-2023.12.1 jupyter-1.1.1 jupyter-client-8.6.3 jupyter-console-6.6.3 jupyter-core-5.8.1 jupyter-events-0.10.0 jupyter-lsp-2.3.1 jupyter-server-2.14.2 jupyter-server-terminals-0.5.4 jupyterlab-4.3.8 jupyterlab-pygments-0.3.0 jupyterlab-server-2.28.0 jupyterlab_widgets-3.0.17 kiwisolver-1.4.7 lazy_loader-0.4 lightning-utilities-0.11.9 lxml-6.1.3 manifold3d-3.4.0 markdown-3.7 markdown-it-py-3.0.0 matplotlib-3.7.5 matplotlib-inline-0.1.7 mdurl-0.1.2 mediapy-1.2.7 mistune-3.3.4 msgpack-1.1.1 msgpack-numpy-0.4.8 multiprocess-0.70.18 narwhals-1.42.1 nbclient-0.10.1 nbconvert-7.16.6 nbformat-5.10.4 nerfacc-0.5.2 nerfstudio-1.1.4 nest-asyncio-1.6.0 nodeenv-1.11.0 notebook-7.3.3 notebook-shim-0.2.4 nuscenes-devkit-1.1.9 oauthlib-3.3.1 open3d-0.19.0 opencv-python-5.0.0.93 opencv-python-headless-4.10.0.84 overrides-7.7.0 packaging-26.2 pandas-2.0.3 pandocfilters-1.5.1 parso-0.8.7 pathos-0.3.4 pexpect-4.9.0 pickleshare-0.7.5 pkgutil-resolve-name-1.3.10 platformdirs-4.3.6 plotly-7.1.0 pox-0.3.6 ppft-1.7.7 prometheus-client-0.21.1 prompt-toolkit-3.0.52 protobuf-3.20.3 psutil-7.2.2 ptyprocess-0.7.0 pure-eval-0.2.4 pyasn1-0.6.4 pyasn1-modules-0.4.2 pybind11-3.0.4 pycocotools-2.0.7 pycollada-0.9 pycparser-2.23 pydantic-2.10.6 pydantic-core-2.27.2 pygments-2.19.2 pyliblzfse-0.4.1 pymeshlab-2023.12.post2 pyngrok-7.2.12 pyparsing-3.1.4 pyquaternion-0.9.9 python-box-6.1.0 python-dateutil-2.9.0.post0 python-engineio-4.14.0 python-json-logger-4.0.0 python-socketio-5.17.0 pytorch-msssim-1.0.0 pytz-2026.5 pyyaml-6.0.3 pyzmq-27.1.0 rawpy-0.21.0 referencing-0.35.1 requests-oauthlib-2.0.0 requests-toolbelt-1.0.0 retrying-1.4.2 rfc3339-validator-0.1.4 rfc3986-validator-0.1.1 rich-14.3.4 rpds-py-0.20.1 rtree-1.3.0 scikit-image-0.21.0 scikit-learn-1.3.2 scipy-1.10.1 semantic-version-2.10.0 send2trash-2.1.0 sentry-sdk-2.71.0 simple-websocket-1.1.0 simplejson-4.1.2 six-1.17.0 smmap-5.0.3 sniffio-1.3.1 soupsieve-2.7 splines-0.3.0 stack-data-0.6.3 svg.path-7.1 tensorboard-2.14.0 tensorboard-data-server-0.7.2 tensorly-0.9.0 termcolor-2.4.0 terminado-0.18.1 threadpoolctl-3.5.0 tifffile-2023.7.10 timm-0.6.7 tinycss2-1.2.1 tomli-2.4.1 torch-fidelity-0.4.0 torchmetrics-1.5.2 tornado-6.4.2 tqdm-4.70.1 traitlets-5.14.3 trimesh-4.12.2 typeguard-4.4.0 tyro-1.0.16 tzdata-2026.5 uri-template-1.3.0 viser-0.2.3 wandb-0.24.2 wcwidth-0.8.5 webcolors-24.8.0 webencodings-0.5.1 websocket-client-1.8.0 websockets-13.1 werkzeug-3.0.6 widgetsnbextension-4.0.16 wrapt-2.0.1 wsproto-1.2.0 wurlitzer-3.1.1 xatlas-0.0.11 xxhash-3.8.1 yourdfpy-0.0.60 zipp-3.20.2
[INFO] Running: pip install --no-use-pep517 -e /mnt/hpccs01/home/n11585382/EUAPGM7346/UMP/Codebase/3DGS-Water-Approaches/Image/water-splatting-main
Obtaining file:///mnt/hpccs01/home/n11585382/EUAPGM7346/UMP/Codebase/3DGS-Water-Approaches/Image/water-splatting-main
  Preparing metadata (setup.py): started
  Preparing metadata (setup.py): finished with status 'done'
Requirement already satisfied: nerfstudio>=0.3.4 in /mnt/hpccs01/home/n11585382/.conda/envs/water_splatting/lib/python3.8/site-packages (from water-splatting==0.0.1) (1.1.4)
Collecting pytest (from water-splatting==0.0.1)
  Using cached pytest-8.3.5-py3-none-any.whl.metadata (7.6 kB)
Collecting pyright (from water-splatting==0.0.1)
  Using cached pyright-1.1.414-py3-none-any.whl.metadata (6.9 kB)
Collecting ruff (from water-splatting==0.0.1)
  Using cached ruff-0.16.10-py3-none-manylinux_2_17_x86_64.manylinux2014_x86_64.whl.metadata (20 kB)
Collecting black (from water-splatting==0.0.1)
  Using cached black-24.8.0-cp38-cp38-manylinux_2_17_x86_64.manylinux2014_x86_64.manylinux_2_28_x86_64.whl.metadata (78 kB)
Collecting sphinx (from water-splatting==0.0.1)
  Using cached sphinx-7.1.2-py3-none-any.whl.metadata (5.8 kB)
Collecting sphinx_rtd_theme (from water-splatting==0.0.1)
  Using cached sphinx_rtd_theme-3.1.0-py2.py3-none-any.whl.metadata (4.5 kB)
Collecting sphinxcontrib-bibtex (from water-splatting==0.0.1)
  Using cached sphinxcontrib_bibtex-2.6.3-py3-none-any.whl.metadata (6.3 kB)
Collecting sphinxcontrib-video (from water-splatting==0.0.1)
  Using cached sphinxcontrib_video-0.4.1-py3-none-any.whl.metadata (3.9 kB)
Requirement already satisfied: appdirs>=1.4 in /mnt/hpccs01/home/n11585382/.conda/envs/water_splatting/lib/python3.8/site-packages (from nerfstudio>=0.3.4->water-splatting==0.0.1) (1.4.4)
Requirement already satisfied: av>=9.2.0 in /mnt/hpccs01/home/n11585382/.conda/envs/water_splatting/lib/python3.8/site-packages (from nerfstudio>=0.3.4->water-splatting==0.0.1) (12.3.0)
Requirement already satisfied: comet-ml>=3.33.8 in /mnt/hpccs01/home/n11585382/.conda/envs/water_splatting/lib/python3.8/site-packages (from nerfstudio>=0.3.4->water-splatting==0.0.1) (3.58.7)
Requirement already satisfied: cryptography>=38 in /mnt/hpccs01/home/n11585382/.conda/envs/water_splatting/lib/python3.8/site-packages (from nerfstudio>=0.3.4->water-splatting==0.0.1) (47.0.0)
Requirement already satisfied: tyro>=0.6.6 in /mnt/hpccs01/home/n11585382/.conda/envs/water_splatting/lib/python3.8/site-packages (from nerfstudio>=0.3.4->water-splatting==0.0.1) (1.0.16)
Requirement already satisfied: gdown>=4.6.0 in /mnt/hpccs01/home/n11585382/.conda/envs/water_splatting/lib/python3.8/site-packages (from nerfstudio>=0.3.4->water-splatting==0.0.1) (5.2.2)
Requirement already satisfied: ninja>=1.10 in /mnt/hpccs01/home/n11585382/.conda/envs/water_splatting/lib/python3.8/site-packages (from nerfstudio>=0.3.4->water-splatting==0.0.1) (1.13.2)
Requirement already satisfied: h5py>=2.9.0 in /mnt/hpccs01/home/n11585382/.conda/envs/water_splatting/lib/python3.8/site-packages (from nerfstudio>=0.3.4->water-splatting==0.0.1) (3.11.0)
Requirement already satisfied: imageio>=2.21.1 in /mnt/hpccs01/home/n11585382/.conda/envs/water_splatting/lib/python3.8/site-packages (from nerfstudio>=0.3.4->water-splatting==0.0.1) (2.35.1)
Requirement already satisfied: ipywidgets>=7.6 in /mnt/hpccs01/home/n11585382/.conda/envs/water_splatting/lib/python3.8/site-packages (from nerfstudio>=0.3.4->water-splatting==0.0.1) (8.1.9)
Requirement already satisfied: jaxtyping>=0.2.15 in /mnt/hpccs01/home/n11585382/.conda/envs/water_splatting/lib/python3.8/site-packages (from nerfstudio>=0.3.4->water-splatting==0.0.1) (0.2.19)
Requirement already satisfied: jupyterlab>=3.3.4 in /mnt/hpccs01/home/n11585382/.conda/envs/water_splatting/lib/python3.8/site-packages (from nerfstudio>=0.3.4->water-splatting==0.0.1) (4.3.8)
Requirement already satisfied: matplotlib>=3.6.0 in /mnt/hpccs01/home/n11585382/.conda/envs/water_splatting/lib/python3.8/site-packages (from nerfstudio>=0.3.4->water-splatting==0.0.1) (3.7.5)
Requirement already satisfied: mediapy>=1.1.0 in /mnt/hpccs01/home/n11585382/.conda/envs/water_splatting/lib/python3.8/site-packages (from nerfstudio>=0.3.4->water-splatting==0.0.1) (1.2.7)
Requirement already satisfied: msgpack>=1.0.4 in /mnt/hpccs01/home/n11585382/.conda/envs/water_splatting/lib/python3.8/site-packages (from nerfstudio>=0.3.4->water-splatting==0.0.1) (1.1.1)
Requirement already satisfied: msgpack-numpy>=0.4.8 in /mnt/hpccs01/home/n11585382/.conda/envs/water_splatting/lib/python3.8/site-packages (from nerfstudio>=0.3.4->water-splatting==0.0.1) (0.4.8)
Requirement already satisfied: nerfacc==0.5.2 in /mnt/hpccs01/home/n11585382/.conda/envs/water_splatting/lib/python3.8/site-packages (from nerfstudio>=0.3.4->water-splatting==0.0.1) (0.5.2)
Requirement already satisfied: open3d>=0.16.0 in /mnt/hpccs01/home/n11585382/.conda/envs/water_splatting/lib/python3.8/site-packages (from nerfstudio>=0.3.4->water-splatting==0.0.1) (0.19.0)
Requirement already satisfied: opencv-python-headless==4.10.0.84 in /mnt/hpccs01/home/n11585382/.conda/envs/water_splatting/lib/python3.8/site-packages (from nerfstudio>=0.3.4->water-splatting==0.0.1) (4.10.0.84)
Requirement already satisfied: Pillow>=10.3.0 in /mnt/hpccs01/home/n11585382/.conda/envs/water_splatting/lib/python3.8/site-packages (from nerfstudio>=0.3.4->water-splatting==0.0.1) (10.4.0)
Requirement already satisfied: plotly>=5.7.0 in /mnt/hpccs01/home/n11585382/.conda/envs/water_splatting/lib/python3.8/site-packages (from nerfstudio>=0.3.4->water-splatting==0.0.1) (7.1.0)
Requirement already satisfied: protobuf!=3.20.0,<=3.20.3 in /mnt/hpccs01/home/n11585382/.conda/envs/water_splatting/lib/python3.8/site-packages (from nerfstudio>=0.3.4->water-splatting==0.0.1) (3.20.3)
Requirement already satisfied: pyngrok>=5.1.0 in /mnt/hpccs01/home/n11585382/.conda/envs/water_splatting/lib/python3.8/site-packages (from nerfstudio>=0.3.4->water-splatting==0.0.1) (7.2.12)
Requirement already satisfied: python-socketio>=5.7.1 in /mnt/hpccs01/home/n11585382/.conda/envs/water_splatting/lib/python3.8/site-packages (from nerfstudio>=0.3.4->water-splatting==0.0.1) (5.17.0)
Requirement already satisfied: pyquaternion>=0.9.9 in /mnt/hpccs01/home/n11585382/.conda/envs/water_splatting/lib/python3.8/site-packages (from nerfstudio>=0.3.4->water-splatting==0.0.1) (0.9.9)
Requirement already satisfied: requests in /mnt/hpccs01/home/n11585382/.conda/envs/water_splatting/lib/python3.8/site-packages (from nerfstudio>=0.3.4->water-splatting==0.0.1) (2.32.4)
Requirement already satisfied: rich>=12.5.1 in /mnt/hpccs01/home/n11585382/.conda/envs/water_splatting/lib/python3.8/site-packages (from nerfstudio>=0.3.4->water-splatting==0.0.1) (14.3.4)
Requirement already satisfied: scikit-image>=0.19.3 in /mnt/hpccs01/home/n11585382/.conda/envs/water_splatting/lib/python3.8/site-packages (from nerfstudio>=0.3.4->water-splatting==0.0.1) (0.21.0)
Requirement already satisfied: splines==0.3.0 in /mnt/hpccs01/home/n11585382/.conda/envs/water_splatting/lib/python3.8/site-packages (from nerfstudio>=0.3.4->water-splatting==0.0.1) (0.3.0)
Requirement already satisfied: tensorboard>=2.13.0 in /mnt/hpccs01/home/n11585382/.conda/envs/water_splatting/lib/python3.8/site-packages (from nerfstudio>=0.3.4->water-splatting==0.0.1) (2.14.0)
Requirement already satisfied: torch>=1.13.1 in /mnt/hpccs01/home/n11585382/.conda/envs/water_splatting/lib/python3.8/site-packages (from nerfstudio>=0.3.4->water-splatting==0.0.1) (2.1.2+cu118)
Requirement already satisfied: torchvision>=0.14.1 in /mnt/hpccs01/home/n11585382/.conda/envs/water_splatting/lib/python3.8/site-packages (from nerfstudio>=0.3.4->water-splatting==0.0.1) (0.16.2+cu118)
Requirement already satisfied: torchmetrics>=1.0.1 in /mnt/hpccs01/home/n11585382/.conda/envs/water_splatting/lib/python3.8/site-packages (from torchmetrics[image]>=1.0.1->nerfstudio>=0.3.4->water-splatting==0.0.1) (1.5.2)
Requirement already satisfied: typing-extensions>=4.4.0 in /mnt/hpccs01/home/n11585382/.conda/envs/water_splatting/lib/python3.8/site-packages (from nerfstudio>=0.3.4->water-splatting==0.0.1) (4.13.2)
Requirement already satisfied: viser==0.2.3 in /mnt/hpccs01/home/n11585382/.conda/envs/water_splatting/lib/python3.8/site-packages (from nerfstudio>=0.3.4->water-splatting==0.0.1) (0.2.3)
Requirement already satisfied: nuscenes-devkit>=1.1.1 in /mnt/hpccs01/home/n11585382/.conda/envs/water_splatting/lib/python3.8/site-packages (from nerfstudio>=0.3.4->water-splatting==0.0.1) (1.1.9)
Requirement already satisfied: wandb>=0.13.3 in /mnt/hpccs01/home/n11585382/.conda/envs/water_splatting/lib/python3.8/site-packages (from nerfstudio>=0.3.4->water-splatting==0.0.1) (0.24.2)
Requirement already satisfied: xatlas in /mnt/hpccs01/home/n11585382/.conda/envs/water_splatting/lib/python3.8/site-packages (from nerfstudio>=0.3.4->water-splatting==0.0.1) (0.0.11)
Requirement already satisfied: trimesh>=3.20.2 in /mnt/hpccs01/home/n11585382/.conda/envs/water_splatting/lib/python3.8/site-packages (from nerfstudio>=0.3.4->water-splatting==0.0.1) (4.12.2)
Requirement already satisfied: timm==0.6.7 in /mnt/hpccs01/home/n11585382/.conda/envs/water_splatting/lib/python3.8/site-packages (from nerfstudio>=0.3.4->water-splatting==0.0.1) (0.6.7)
Requirement already satisfied: gsplat==1.0.0 in /mnt/hpccs01/home/n11585382/.conda/envs/water_splatting/lib/python3.8/site-packages (from nerfstudio>=0.3.4->water-splatting==0.0.1) (1.0.0)
Requirement already satisfied: pytorch-msssim in /mnt/hpccs01/home/n11585382/.conda/envs/water_splatting/lib/python3.8/site-packages (from nerfstudio>=0.3.4->water-splatting==0.0.1) (1.0.0)
Requirement already satisfied: pathos in /mnt/hpccs01/home/n11585382/.conda/envs/water_splatting/lib/python3.8/site-packages (from nerfstudio>=0.3.4->water-splatting==0.0.1) (0.3.4)
Requirement already satisfied: packaging in /mnt/hpccs01/home/n11585382/.conda/envs/water_splatting/lib/python3.8/site-packages (from nerfstudio>=0.3.4->water-splatting==0.0.1) (26.2)
Requirement already satisfied: fpsample in /mnt/hpccs01/home/n11585382/.conda/envs/water_splatting/lib/python3.8/site-packages (from nerfstudio>=0.3.4->water-splatting==0.0.1) (1.0.2)
Requirement already satisfied: tensorly in /mnt/hpccs01/home/n11585382/.conda/envs/water_splatting/lib/python3.8/site-packages (from nerfstudio>=0.3.4->water-splatting==0.0.1) (0.9.0)
Requirement already satisfied: rawpy>=0.18.1 in /mnt/hpccs01/home/n11585382/.conda/envs/water_splatting/lib/python3.8/site-packages (from nerfstudio>=0.3.4->water-splatting==0.0.1) (0.21.0)
Requirement already satisfied: pymeshlab>=2022.2.post2 in /mnt/hpccs01/home/n11585382/.conda/envs/water_splatting/lib/python3.8/site-packages (from nerfstudio>=0.3.4->water-splatting==0.0.1) (2023.12.post2)
Requirement already satisfied: importlib-metadata>=6.0.0 in /mnt/hpccs01/home/n11585382/.conda/envs/water_splatting/lib/python3.8/site-packages (from nerfstudio>=0.3.4->water-splatting==0.0.1) (8.5.0)
Requirement already satisfied: numpy in /mnt/hpccs01/home/n11585382/.conda/envs/water_splatting/lib/python3.8/site-packages (from gsplat==1.0.0->nerfstudio>=0.3.4->water-splatting==0.0.1) (1.24.4)
Requirement already satisfied: websockets>=10.4 in /mnt/hpccs01/home/n11585382/.conda/envs/water_splatting/lib/python3.8/site-packages (from viser==0.2.3->nerfstudio>=0.3.4->water-splatting==0.0.1) (13.1)
Requirement already satisfied: scipy>=1.7.3 in /mnt/hpccs01/home/n11585382/.conda/envs/water_splatting/lib/python3.8/site-packages (from viser==0.2.3->nerfstudio>=0.3.4->water-splatting==0.0.1) (1.10.1)
Requirement already satisfied: tqdm>=4.0.0 in /mnt/hpccs01/home/n11585382/.conda/envs/water_splatting/lib/python3.8/site-packages (from viser==0.2.3->nerfstudio>=0.3.4->water-splatting==0.0.1) (4.70.1)
Requirement already satisfied: nodeenv>=1.8.0 in /mnt/hpccs01/home/n11585382/.conda/envs/water_splatting/lib/python3.8/site-packages (from viser==0.2.3->nerfstudio>=0.3.4->water-splatting==0.0.1) (1.11.0)
Requirement already satisfied: psutil>=5.9.5 in /mnt/hpccs01/home/n11585382/.conda/envs/water_splatting/lib/python3.8/site-packages (from viser==0.2.3->nerfstudio>=0.3.4->water-splatting==0.0.1) (7.2.2)
Requirement already satisfied: yourdfpy>=0.0.53 in /mnt/hpccs01/home/n11585382/.conda/envs/water_splatting/lib/python3.8/site-packages (from viser==0.2.3->nerfstudio>=0.3.4->water-splatting==0.0.1) (0.0.60)
Requirement already satisfied: pyliblzfse>=0.4.1 in /mnt/hpccs01/home/n11585382/.conda/envs/water_splatting/lib/python3.8/site-packages (from viser==0.2.3->nerfstudio>=0.3.4->water-splatting==0.0.1) (0.4.1)
Requirement already satisfied: click>=8.0.0 in /mnt/hpccs01/home/n11585382/.conda/envs/water_splatting/lib/python3.8/site-packages (from black->water-splatting==0.0.1) (8.1.8)
Collecting mypy-extensions>=0.4.3 (from black->water-splatting==0.0.1)
  Using cached mypy_extensions-1.1.0-py3-none-any.whl.metadata (1.1 kB)
Collecting pathspec>=0.9.0 (from black->water-splatting==0.0.1)
  Using cached pathspec-0.12.1-py3-none-any.whl.metadata (21 kB)
Requirement already satisfied: platformdirs>=2 in /mnt/hpccs01/home/n11585382/.conda/envs/water_splatting/lib/python3.8/site-packages (from black->water-splatting==0.0.1) (4.3.6)
Requirement already satisfied: tomli>=1.1.0 in /mnt/hpccs01/home/n11585382/.conda/envs/water_splatting/lib/python3.8/site-packages (from black->water-splatting==0.0.1) (2.4.1)
Requirement already satisfied: exceptiongroup>=1.0.0rc8 in /mnt/hpccs01/home/n11585382/.conda/envs/water_splatting/lib/python3.8/site-packages (from pytest->water-splatting==0.0.1) (1.3.1)
Collecting iniconfig (from pytest->water-splatting==0.0.1)
  Using cached iniconfig-2.1.0-py3-none-any.whl.metadata (2.7 kB)
Collecting pluggy<2,>=1.5 (from pytest->water-splatting==0.0.1)
  Using cached pluggy-1.5.0-py3-none-any.whl.metadata (4.8 kB)
Collecting sphinxcontrib-applehelp (from sphinx->water-splatting==0.0.1)
  Using cached sphinxcontrib_applehelp-1.0.4-py3-none-any.whl.metadata (2.7 kB)
Collecting sphinxcontrib-devhelp (from sphinx->water-splatting==0.0.1)
  Using cached sphinxcontrib_devhelp-1.0.2-py2.py3-none-any.whl.metadata (1.4 kB)
Collecting sphinxcontrib-jsmath (from sphinx->water-splatting==0.0.1)
  Using cached sphinxcontrib_jsmath-1.0.1-py2.py3-none-any.whl.metadata (1.4 kB)
Collecting sphinxcontrib-htmlhelp>=2.0.0 (from sphinx->water-splatting==0.0.1)
  Using cached sphinxcontrib_htmlhelp-2.0.1-py3-none-any.whl.metadata (2.8 kB)
Collecting sphinxcontrib-serializinghtml>=1.1.5 (from sphinx->water-splatting==0.0.1)
  Using cached sphinxcontrib_serializinghtml-1.1.5-py2.py3-none-any.whl.metadata (1.5 kB)
Collecting sphinxcontrib-qthelp (from sphinx->water-splatting==0.0.1)
  Using cached sphinxcontrib_qthelp-1.0.3-py2.py3-none-any.whl.metadata (1.4 kB)
Requirement already satisfied: Jinja2>=3.0 in /mnt/hpccs01/home/n11585382/.conda/envs/water_splatting/lib/python3.8/site-packages (from sphinx->water-splatting==0.0.1) (3.1.6)
Requirement already satisfied: Pygments>=2.13 in /mnt/hpccs01/home/n11585382/.conda/envs/water_splatting/lib/python3.8/site-packages (from sphinx->water-splatting==0.0.1) (2.19.2)
Collecting docutils<0.21,>=0.18.1 (from sphinx->water-splatting==0.0.1)
  Using cached docutils-0.20.1-py3-none-any.whl.metadata (2.8 kB)
Collecting snowballstemmer>=2.0 (from sphinx->water-splatting==0.0.1)
  Using cached snowballstemmer-3.1.1-py3-none-any.whl.metadata (7.9 kB)
Requirement already satisfied: babel>=2.9 in /mnt/hpccs01/home/n11585382/.conda/envs/water_splatting/lib/python3.8/site-packages (from sphinx->water-splatting==0.0.1) (2.18.0)
Collecting alabaster<0.8,>=0.7 (from sphinx->water-splatting==0.0.1)
  Using cached alabaster-0.7.13-py3-none-any.whl.metadata (3.0 kB)
Collecting imagesize>=1.3 (from sphinx->water-splatting==0.0.1)
  Using cached imagesize-1.5.0-py2.py3-none-any.whl.metadata (1.6 kB)
Collecting sphinxcontrib-jquery<5,>=4 (from sphinx_rtd_theme->water-splatting==0.0.1)
  Using cached sphinxcontrib_jquery-4.1-py2.py3-none-any.whl.metadata (2.6 kB)
Collecting pybtex>=0.24 (from sphinxcontrib-bibtex->water-splatting==0.0.1)
  Using cached pybtex-0.26.1-py3-none-any.whl.metadata (1.9 kB)
Collecting pybtex-docutils>=1.0.0 (from sphinxcontrib-bibtex->water-splatting==0.0.1)
  Using cached pybtex_docutils-1.0.3-py3-none-any.whl.metadata (4.3 kB)
Requirement already satisfied: pytz>=2015.7 in /mnt/hpccs01/home/n11585382/.conda/envs/water_splatting/lib/python3.8/site-packages (from babel>=2.9->sphinx->water-splatting==0.0.1) (2026.5)
Requirement already satisfied: dulwich!=0.20.33,>=0.20.6 in /mnt/hpccs01/home/n11585382/.conda/envs/water_splatting/lib/python3.8/site-packages (from comet-ml>=3.33.8->nerfstudio>=0.3.4->water-splatting==0.0.1) (0.22.4)
Requirement already satisfied: everett<3.2.0,>=1.0.1 in /mnt/hpccs01/home/n11585382/.conda/envs/water_splatting/lib/python3.8/site-packages (from everett[ini]<3.2.0,>=1.0.1->comet-ml>=3.33.8->nerfstudio>=0.3.4->water-splatting==0.0.1) (3.1.0)
Requirement already satisfied: jsonschema!=3.1.0,>=2.6.0 in /mnt/hpccs01/home/n11585382/.conda/envs/water_splatting/lib/python3.8/site-packages (from comet-ml>=3.33.8->nerfstudio>=0.3.4->water-splatting==0.0.1) (4.23.0)
Requirement already satisfied: python-box<7.0.0 in /mnt/hpccs01/home/n11585382/.conda/envs/water_splatting/lib/python3.8/site-packages (from comet-ml>=3.33.8->nerfstudio>=0.3.4->water-splatting==0.0.1) (6.1.0)
Requirement already satisfied: requests-toolbelt>=0.8.0 in /mnt/hpccs01/home/n11585382/.conda/envs/water_splatting/lib/python3.8/site-packages (from comet-ml>=3.33.8->nerfstudio>=0.3.4->water-splatting==0.0.1) (1.0.0)
Requirement already satisfied: semantic-version>=2.8.0 in /mnt/hpccs01/home/n11585382/.conda/envs/water_splatting/lib/python3.8/site-packages (from comet-ml>=3.33.8->nerfstudio>=0.3.4->water-splatting==0.0.1) (2.10.0)
Requirement already satisfied: sentry-sdk>=1.1.0 in /mnt/hpccs01/home/n11585382/.conda/envs/water_splatting/lib/python3.8/site-packages (from comet-ml>=3.33.8->nerfstudio>=0.3.4->water-splatting==0.0.1) (2.71.0)
Requirement already satisfied: simplejson in /mnt/hpccs01/home/n11585382/.conda/envs/water_splatting/lib/python3.8/site-packages (from comet-ml>=3.33.8->nerfstudio>=0.3.4->water-splatting==0.0.1) (4.1.2)
Requirement already satisfied: urllib3>=1.26.8 in /mnt/hpccs01/home/n11585382/.conda/envs/water_splatting/lib/python3.8/site-packages (from comet-ml>=3.33.8->nerfstudio>=0.3.4->water-splatting==0.0.1) (2.2.3)
Requirement already satisfied: wrapt>=1.11.2 in /mnt/hpccs01/home/n11585382/.conda/envs/water_splatting/lib/python3.8/site-packages (from comet-ml>=3.33.8->nerfstudio>=0.3.4->water-splatting==0.0.1) (2.0.1)
Requirement already satisfied: wurlitzer>=1.0.2 in /mnt/hpccs01/home/n11585382/.conda/envs/water_splatting/lib/python3.8/site-packages (from comet-ml>=3.33.8->nerfstudio>=0.3.4->water-splatting==0.0.1) (3.1.1)
Requirement already satisfied: cffi>=1.14 in /mnt/hpccs01/home/n11585382/.conda/envs/water_splatting/lib/python3.8/site-packages (from cryptography>=38->nerfstudio>=0.3.4->water-splatting==0.0.1) (1.17.1)
Requirement already satisfied: beautifulsoup4 in /mnt/hpccs01/home/n11585382/.conda/envs/water_splatting/lib/python3.8/site-packages (from gdown>=4.6.0->nerfstudio>=0.3.4->water-splatting==0.0.1) (4.15.0)
Requirement already satisfied: filelock in /mnt/hpccs01/home/n11585382/.conda/envs/water_splatting/lib/python3.8/site-packages (from gdown>=4.6.0->nerfstudio>=0.3.4->water-splatting==0.0.1) (3.16.1)
Requirement already satisfied: zipp>=3.20 in /mnt/hpccs01/home/n11585382/.conda/envs/water_splatting/lib/python3.8/site-packages (from importlib-metadata>=6.0.0->nerfstudio>=0.3.4->water-splatting==0.0.1) (3.20.2)
Requirement already satisfied: comm>=0.1.3 in /mnt/hpccs01/home/n11585382/.conda/envs/water_splatting/lib/python3.8/site-packages (from ipywidgets>=7.6->nerfstudio>=0.3.4->water-splatting==0.0.1) (0.2.3)
Requirement already satisfied: ipython>=6.1.0 in /mnt/hpccs01/home/n11585382/.conda/envs/water_splatting/lib/python3.8/site-packages (from ipywidgets>=7.6->nerfstudio>=0.3.4->water-splatting==0.0.1) (8.12.3)
Requirement already satisfied: traitlets>=4.3.1 in /mnt/hpccs01/home/n11585382/.conda/envs/water_splatting/lib/python3.8/site-packages (from ipywidgets>=7.6->nerfstudio>=0.3.4->water-splatting==0.0.1) (5.14.3)
Requirement already satisfied: widgetsnbextension~=4.0.16 in /mnt/hpccs01/home/n11585382/.conda/envs/water_splatting/lib/python3.8/site-packages (from ipywidgets>=7.6->nerfstudio>=0.3.4->water-splatting==0.0.1) (4.0.16)
Requirement already satisfied: jupyterlab_widgets~=3.0.17 in /mnt/hpccs01/home/n11585382/.conda/envs/water_splatting/lib/python3.8/site-packages (from ipywidgets>=7.6->nerfstudio>=0.3.4->water-splatting==0.0.1) (3.0.17)
Requirement already satisfied: typeguard>=2.13.3 in /mnt/hpccs01/home/n11585382/.conda/envs/water_splatting/lib/python3.8/site-packages (from jaxtyping>=0.2.15->nerfstudio>=0.3.4->water-splatting==0.0.1) (4.4.0)
Requirement already satisfied: MarkupSafe>=2.0 in /mnt/hpccs01/home/n11585382/.conda/envs/water_splatting/lib/python3.8/site-packages (from Jinja2>=3.0->sphinx->water-splatting==0.0.1) (2.1.5)
Requirement already satisfied: async-lru>=1.0.0 in /mnt/hpccs01/home/n11585382/.conda/envs/water_splatting/lib/python3.8/site-packages (from jupyterlab>=3.3.4->nerfstudio>=0.3.4->water-splatting==0.0.1) (2.0.4)
Requirement already satisfied: httpx>=0.25.0 in /mnt/hpccs01/home/n11585382/.conda/envs/water_splatting/lib/python3.8/site-packages (from jupyterlab>=3.3.4->nerfstudio>=0.3.4->water-splatting==0.0.1) (0.28.1)
Requirement already satisfied: importlib-resources>=1.4 in /mnt/hpccs01/home/n11585382/.conda/envs/water_splatting/lib/python3.8/site-packages (from jupyterlab>=3.3.4->nerfstudio>=0.3.4->water-splatting==0.0.1) (6.4.5)
Requirement already satisfied: ipykernel>=6.5.0 in /mnt/hpccs01/home/n11585382/.conda/envs/water_splatting/lib/python3.8/site-packages (from jupyterlab>=3.3.4->nerfstudio>=0.3.4->water-splatting==0.0.1) (6.29.5)
Requirement already satisfied: jupyter-core in /mnt/hpccs01/home/n11585382/.conda/envs/water_splatting/lib/python3.8/site-packages (from jupyterlab>=3.3.4->nerfstudio>=0.3.4->water-splatting==0.0.1) (5.8.1)
Requirement already satisfied: jupyter-lsp>=2.0.0 in /mnt/hpccs01/home/n11585382/.conda/envs/water_splatting/lib/python3.8/site-packages (from jupyterlab>=3.3.4->nerfstudio>=0.3.4->water-splatting==0.0.1) (2.3.1)
Requirement already satisfied: jupyter-server<3,>=2.4.0 in /mnt/hpccs01/home/n11585382/.conda/envs/water_splatting/lib/python3.8/site-packages (from jupyterlab>=3.3.4->nerfstudio>=0.3.4->water-splatting==0.0.1) (2.14.2)
Requirement already satisfied: jupyterlab-server<3,>=2.27.1 in /mnt/hpccs01/home/n11585382/.conda/envs/water_splatting/lib/python3.8/site-packages (from jupyterlab>=3.3.4->nerfstudio>=0.3.4->water-splatting==0.0.1) (2.28.0)
Requirement already satisfied: notebook-shim>=0.2 in /mnt/hpccs01/home/n11585382/.conda/envs/water_splatting/lib/python3.8/site-packages (from jupyterlab>=3.3.4->nerfstudio>=0.3.4->water-splatting==0.0.1) (0.2.4)
Requirement already satisfied: setuptools>=41.1.0 in /mnt/hpccs01/home/n11585382/.conda/envs/water_splatting/lib/python3.8/site-packages (from jupyterlab>=3.3.4->nerfstudio>=0.3.4->water-splatting==0.0.1) (69.5.1)
Requirement already satisfied: tornado>=6.2.0 in /mnt/hpccs01/home/n11585382/.conda/envs/water_splatting/lib/python3.8/site-packages (from jupyterlab>=3.3.4->nerfstudio>=0.3.4->water-splatting==0.0.1) (6.4.2)
Requirement already satisfied: contourpy>=1.0.1 in /mnt/hpccs01/home/n11585382/.conda/envs/water_splatting/lib/python3.8/site-packages (from matplotlib>=3.6.0->nerfstudio>=0.3.4->water-splatting==0.0.1) (1.1.1)
Requirement already satisfied: cycler>=0.10 in /mnt/hpccs01/home/n11585382/.conda/envs/water_splatting/lib/python3.8/site-packages (from matplotlib>=3.6.0->nerfstudio>=0.3.4->water-splatting==0.0.1) (0.12.1)
Requirement already satisfied: fonttools>=4.22.0 in /mnt/hpccs01/home/n11585382/.conda/envs/water_splatting/lib/python3.8/site-packages (from matplotlib>=3.6.0->nerfstudio>=0.3.4->water-splatting==0.0.1) (4.57.0)
Requirement already satisfied: kiwisolver>=1.0.1 in /mnt/hpccs01/home/n11585382/.conda/envs/water_splatting/lib/python3.8/site-packages (from matplotlib>=3.6.0->nerfstudio>=0.3.4->water-splatting==0.0.1) (1.4.7)
Requirement already satisfied: pyparsing>=2.3.1 in /mnt/hpccs01/home/n11585382/.conda/envs/water_splatting/lib/python3.8/site-packages (from matplotlib>=3.6.0->nerfstudio>=0.3.4->water-splatting==0.0.1) (3.1.4)
Requirement already satisfied: python-dateutil>=2.7 in /mnt/hpccs01/home/n11585382/.conda/envs/water_splatting/lib/python3.8/site-packages (from matplotlib>=3.6.0->nerfstudio>=0.3.4->water-splatting==0.0.1) (2.9.0.post0)
Requirement already satisfied: cachetools in /mnt/hpccs01/home/n11585382/.conda/envs/water_splatting/lib/python3.8/site-packages (from nuscenes-devkit>=1.1.1->nerfstudio>=0.3.4->water-splatting==0.0.1) (5.5.2)
Requirement already satisfied: descartes in /mnt/hpccs01/home/n11585382/.conda/envs/water_splatting/lib/python3.8/site-packages (from nuscenes-devkit>=1.1.1->nerfstudio>=0.3.4->water-splatting==0.0.1) (1.1.0)
Requirement already satisfied: fire in /mnt/hpccs01/home/n11585382/.conda/envs/water_splatting/lib/python3.8/site-packages (from nuscenes-devkit>=1.1.1->nerfstudio>=0.3.4->water-splatting==0.0.1) (0.7.1)
Requirement already satisfied: jupyter in /mnt/hpccs01/home/n11585382/.conda/envs/water_splatting/lib/python3.8/site-packages (from nuscenes-devkit>=1.1.1->nerfstudio>=0.3.4->water-splatting==0.0.1) (1.1.1)
Requirement already satisfied: opencv-python in /mnt/hpccs01/home/n11585382/.conda/envs/water_splatting/lib/python3.8/site-packages (from nuscenes-devkit>=1.1.1->nerfstudio>=0.3.4->water-splatting==0.0.1) (5.0.0.93)
Requirement already satisfied: scikit-learn in /mnt/hpccs01/home/n11585382/.conda/envs/water_splatting/lib/python3.8/site-packages (from nuscenes-devkit>=1.1.1->nerfstudio>=0.3.4->water-splatting==0.0.1) (1.3.2)
Requirement already satisfied: Shapely in /mnt/hpccs01/home/n11585382/.conda/envs/water_splatting/lib/python3.8/site-packages (from nuscenes-devkit>=1.1.1->nerfstudio>=0.3.4->water-splatting==0.0.1) (2.0.7)
Requirement already satisfied: pycocotools>=2.0.1 in /mnt/hpccs01/home/n11585382/.conda/envs/water_splatting/lib/python3.8/site-packages (from nuscenes-devkit>=1.1.1->nerfstudio>=0.3.4->water-splatting==0.0.1) (2.0.7)
Requirement already satisfied: dash>=2.6.0 in /mnt/hpccs01/home/n11585382/.conda/envs/water_splatting/lib/python3.8/site-packages (from open3d>=0.16.0->nerfstudio>=0.3.4->water-splatting==0.0.1) (4.3.0)
Requirement already satisfied: werkzeug>=3.0.0 in /mnt/hpccs01/home/n11585382/.conda/envs/water_splatting/lib/python3.8/site-packages (from open3d>=0.16.0->nerfstudio>=0.3.4->water-splatting==0.0.1) (3.0.6)
Requirement already satisfied: flask>=3.0.0 in /mnt/hpccs01/home/n11585382/.conda/envs/water_splatting/lib/python3.8/site-packages (from open3d>=0.16.0->nerfstudio>=0.3.4->water-splatting==0.0.1) (3.0.3)
Requirement already satisfied: nbformat>=5.7.0 in /mnt/hpccs01/home/n11585382/.conda/envs/water_splatting/lib/python3.8/site-packages (from open3d>=0.16.0->nerfstudio>=0.3.4->water-splatting==0.0.1) (5.10.4)
Requirement already satisfied: configargparse in /mnt/hpccs01/home/n11585382/.conda/envs/water_splatting/lib/python3.8/site-packages (from open3d>=0.16.0->nerfstudio>=0.3.4->water-splatting==0.0.1) (1.8.0)
Requirement already satisfied: addict in /mnt/hpccs01/home/n11585382/.conda/envs/water_splatting/lib/python3.8/site-packages (from open3d>=0.16.0->nerfstudio>=0.3.4->water-splatting==0.0.1) (2.4.0)
Requirement already satisfied: pandas>=1.0 in /mnt/hpccs01/home/n11585382/.conda/envs/water_splatting/lib/python3.8/site-packages (from open3d>=0.16.0->nerfstudio>=0.3.4->water-splatting==0.0.1) (2.0.3)
Requirement already satisfied: pyyaml>=5.4.1 in /mnt/hpccs01/home/n11585382/.conda/envs/water_splatting/lib/python3.8/site-packages (from open3d>=0.16.0->nerfstudio>=0.3.4->water-splatting==0.0.1) (6.0.3)
Requirement already satisfied: narwhals>=1.15.1 in /mnt/hpccs01/home/n11585382/.conda/envs/water_splatting/lib/python3.8/site-packages (from plotly>=5.7.0->nerfstudio>=0.3.4->water-splatting==0.0.1) (1.42.1)
Collecting latexcodec>=1.0.4 (from pybtex>=0.24->sphinxcontrib-bibtex->water-splatting==0.0.1)
  Using cached latexcodec-3.0.0-py3-none-any.whl.metadata (4.9 kB)
Requirement already satisfied: bidict>=0.21.0 in /mnt/hpccs01/home/n11585382/.conda/envs/water_splatting/lib/python3.8/site-packages (from python-socketio>=5.7.1->nerfstudio>=0.3.4->water-splatting==0.0.1) (0.23.1)
Requirement already satisfied: python-engineio>=4.13.2 in /mnt/hpccs01/home/n11585382/.conda/envs/water_splatting/lib/python3.8/site-packages (from python-socketio>=5.7.1->nerfstudio>=0.3.4->water-splatting==0.0.1) (4.14.0)
Requirement already satisfied: charset_normalizer<4,>=2 in /mnt/hpccs01/home/n11585382/.conda/envs/water_splatting/lib/python3.8/site-packages (from requests->nerfstudio>=0.3.4->water-splatting==0.0.1) (3.5.2)
Requirement already satisfied: idna<4,>=2.5 in /mnt/hpccs01/home/n11585382/.conda/envs/water_splatting/lib/python3.8/site-packages (from requests->nerfstudio>=0.3.4->water-splatting==0.0.1) (3.15)
Requirement already satisfied: certifi>=2017.4.17 in /mnt/hpccs01/home/n11585382/.conda/envs/water_splatting/lib/python3.8/site-packages (from requests->nerfstudio>=0.3.4->water-splatting==0.0.1) (2026.7.22)
Requirement already satisfied: markdown-it-py>=2.2.0 in /mnt/hpccs01/home/n11585382/.conda/envs/water_splatting/lib/python3.8/site-packages (from rich>=12.5.1->nerfstudio>=0.3.4->water-splatting==0.0.1) (3.0.0)
Requirement already satisfied: networkx>=2.8 in /mnt/hpccs01/home/n11585382/.conda/envs/water_splatting/lib/python3.8/site-packages (from scikit-image>=0.19.3->nerfstudio>=0.3.4->water-splatting==0.0.1) (3.1)
Requirement already satisfied: tifffile>=2022.8.12 in /mnt/hpccs01/home/n11585382/.conda/envs/water_splatting/lib/python3.8/site-packages (from scikit-image>=0.19.3->nerfstudio>=0.3.4->water-splatting==0.0.1) (2023.7.10)
Requirement already satisfied: PyWavelets>=1.1.1 in /mnt/hpccs01/home/n11585382/.conda/envs/water_splatting/lib/python3.8/site-packages (from scikit-image>=0.19.3->nerfstudio>=0.3.4->water-splatting==0.0.1) (1.4.1)
Requirement already satisfied: lazy_loader>=0.2 in /mnt/hpccs01/home/n11585382/.conda/envs/water_splatting/lib/python3.8/site-packages (from scikit-image>=0.19.3->nerfstudio>=0.3.4->water-splatting==0.0.1) (0.4)
Requirement already satisfied: absl-py>=0.4 in /mnt/hpccs01/home/n11585382/.conda/envs/water_splatting/lib/python3.8/site-packages (from tensorboard>=2.13.0->nerfstudio>=0.3.4->water-splatting==0.0.1) (2.3.1)
Requirement already satisfied: grpcio>=1.48.2 in /mnt/hpccs01/home/n11585382/.conda/envs/water_splatting/lib/python3.8/site-packages (from tensorboard>=2.13.0->nerfstudio>=0.3.4->water-splatting==0.0.1) (1.70.0)
Requirement already satisfied: google-auth<3,>=1.6.3 in /mnt/hpccs01/home/n11585382/.conda/envs/water_splatting/lib/python3.8/site-packages (from tensorboard>=2.13.0->nerfstudio>=0.3.4->water-splatting==0.0.1) (2.50.0)
Requirement already satisfied: google-auth-oauthlib<1.1,>=0.5 in /mnt/hpccs01/home/n11585382/.conda/envs/water_splatting/lib/python3.8/site-packages (from tensorboard>=2.13.0->nerfstudio>=0.3.4->water-splatting==0.0.1) (1.0.0)
Requirement already satisfied: markdown>=2.6.8 in /mnt/hpccs01/home/n11585382/.conda/envs/water_splatting/lib/python3.8/site-packages (from tensorboard>=2.13.0->nerfstudio>=0.3.4->water-splatting==0.0.1) (3.7)
Requirement already satisfied: tensorboard-data-server<0.8.0,>=0.7.0 in /mnt/hpccs01/home/n11585382/.conda/envs/water_splatting/lib/python3.8/site-packages (from tensorboard>=2.13.0->nerfstudio>=0.3.4->water-splatting==0.0.1) (0.7.2)
Requirement already satisfied: wheel>=0.26 in /mnt/hpccs01/home/n11585382/.conda/envs/water_splatting/lib/python3.8/site-packages (from tensorboard>=2.13.0->nerfstudio>=0.3.4->water-splatting==0.0.1) (0.44.0)
Requirement already satisfied: sympy in /mnt/hpccs01/home/n11585382/.conda/envs/water_splatting/lib/python3.8/site-packages (from torch>=1.13.1->nerfstudio>=0.3.4->water-splatting==0.0.1) (1.13.3)
Requirement already satisfied: fsspec in /mnt/hpccs01/home/n11585382/.conda/envs/water_splatting/lib/python3.8/site-packages (from torch>=1.13.1->nerfstudio>=0.3.4->water-splatting==0.0.1) (2025.3.0)
Requirement already satisfied: triton==2.1.0 in /mnt/hpccs01/home/n11585382/.conda/envs/water_splatting/lib/python3.8/site-packages (from torch>=1.13.1->nerfstudio>=0.3.4->water-splatting==0.0.1) (2.1.0)
Requirement already satisfied: lightning-utilities>=0.8.0 in /mnt/hpccs01/home/n11585382/.conda/envs/water_splatting/lib/python3.8/site-packages (from torchmetrics>=1.0.1->torchmetrics[image]>=1.0.1->nerfstudio>=0.3.4->water-splatting==0.0.1) (0.11.9)
Requirement already satisfied: torch-fidelity<=0.4.0 in /mnt/hpccs01/home/n11585382/.conda/envs/water_splatting/lib/python3.8/site-packages (from torchmetrics[image]>=1.0.1->nerfstudio>=0.3.4->water-splatting==0.0.1) (0.4.0)
Requirement already satisfied: docstring-parser>=0.16 in /mnt/hpccs01/home/n11585382/.conda/envs/water_splatting/lib/python3.8/site-packages (from tyro>=0.6.6->nerfstudio>=0.3.4->water-splatting==0.0.1) (0.18.0)
Requirement already satisfied: eval-type-backport>=0.1.3 in /mnt/hpccs01/home/n11585382/.conda/envs/water_splatting/lib/python3.8/site-packages (from tyro>=0.6.6->nerfstudio>=0.3.4->water-splatting==0.0.1) (0.4.0)
Requirement already satisfied: gitpython!=3.1.29,>=1.0.0 in /mnt/hpccs01/home/n11585382/.conda/envs/water_splatting/lib/python3.8/site-packages (from wandb>=0.13.3->nerfstudio>=0.3.4->water-splatting==0.0.1) (3.2.0)
Requirement already satisfied: pydantic<3 in /mnt/hpccs01/home/n11585382/.conda/envs/water_splatting/lib/python3.8/site-packages (from wandb>=0.13.3->nerfstudio>=0.3.4->water-splatting==0.0.1) (2.10.6)
Requirement already satisfied: pybind11>=2.6 in /mnt/hpccs01/home/n11585382/.conda/envs/water_splatting/lib/python3.8/site-packages (from fpsample->nerfstudio>=0.3.4->water-splatting==0.0.1) (3.0.4)
Requirement already satisfied: ppft>=1.7.7 in /mnt/hpccs01/home/n11585382/.conda/envs/water_splatting/lib/python3.8/site-packages (from pathos->nerfstudio>=0.3.4->water-splatting==0.0.1) (1.7.7)
Requirement already satisfied: dill>=0.4.0 in /mnt/hpccs01/home/n11585382/.conda/envs/water_splatting/lib/python3.8/site-packages (from pathos->nerfstudio>=0.3.4->water-splatting==0.0.1) (0.4.0)
Requirement already satisfied: pox>=0.3.6 in /mnt/hpccs01/home/n11585382/.conda/envs/water_splatting/lib/python3.8/site-packages (from pathos->nerfstudio>=0.3.4->water-splatting==0.0.1) (0.3.6)
Requirement already satisfied: multiprocess>=0.70.18 in /mnt/hpccs01/home/n11585382/.conda/envs/water_splatting/lib/python3.8/site-packages (from pathos->nerfstudio>=0.3.4->water-splatting==0.0.1) (0.70.18)
Requirement already satisfied: pycparser in /mnt/hpccs01/home/n11585382/.conda/envs/water_splatting/lib/python3.8/site-packages (from cffi>=1.14->cryptography>=38->nerfstudio>=0.3.4->water-splatting==0.0.1) (2.23)
Requirement already satisfied: retrying in /mnt/hpccs01/home/n11585382/.conda/envs/water_splatting/lib/python3.8/site-packages (from dash>=2.6.0->open3d>=0.16.0->nerfstudio>=0.3.4->water-splatting==0.0.1) (1.4.2)
Requirement already satisfied: nest-asyncio in /mnt/hpccs01/home/n11585382/.conda/envs/water_splatting/lib/python3.8/site-packages (from dash>=2.6.0->open3d>=0.16.0->nerfstudio>=0.3.4->water-splatting==0.0.1) (1.6.0)
Requirement already satisfied: janus>=1.0.0 in /mnt/hpccs01/home/n11585382/.conda/envs/water_splatting/lib/python3.8/site-packages (from dash>=2.6.0->open3d>=0.16.0->nerfstudio>=0.3.4->water-splatting==0.0.1) (1.0.0)
Requirement already satisfied: configobj in /mnt/hpccs01/home/n11585382/.conda/envs/water_splatting/lib/python3.8/site-packages (from everett[ini]<3.2.0,>=1.0.1->comet-ml>=3.33.8->nerfstudio>=0.3.4->water-splatting==0.0.1) (5.0.9)
Requirement already satisfied: itsdangerous>=2.1.2 in /mnt/hpccs01/home/n11585382/.conda/envs/water_splatting/lib/python3.8/site-packages (from flask>=3.0.0->open3d>=0.16.0->nerfstudio>=0.3.4->water-splatting==0.0.1) (2.2.0)
Requirement already satisfied: blinker>=1.6.2 in /mnt/hpccs01/home/n11585382/.conda/envs/water_splatting/lib/python3.8/site-packages (from flask>=3.0.0->open3d>=0.16.0->nerfstudio>=0.3.4->water-splatting==0.0.1) (1.8.2)
Requirement already satisfied: gitdb<5,>=4.0.1 in /mnt/hpccs01/home/n11585382/.conda/envs/water_splatting/lib/python3.8/site-packages (from gitpython!=3.1.29,>=1.0.0->wandb>=0.13.3->nerfstudio>=0.3.4->water-splatting==0.0.1) (4.0.12)
Requirement already satisfied: pyasn1-modules>=0.2.1 in /mnt/hpccs01/home/n11585382/.conda/envs/water_splatting/lib/python3.8/site-packages (from google-auth<3,>=1.6.3->tensorboard>=2.13.0->nerfstudio>=0.3.4->water-splatting==0.0.1) (0.4.2)
Requirement already satisfied: requests-oauthlib>=0.7.0 in /mnt/hpccs01/home/n11585382/.conda/envs/water_splatting/lib/python3.8/site-packages (from google-auth-oauthlib<1.1,>=0.5->tensorboard>=2.13.0->nerfstudio>=0.3.4->water-splatting==0.0.1) (2.0.0)
Requirement already satisfied: anyio in /mnt/hpccs01/home/n11585382/.conda/envs/water_splatting/lib/python3.8/site-packages (from httpx>=0.25.0->jupyterlab>=3.3.4->nerfstudio>=0.3.4->water-splatting==0.0.1) (4.5.2)
Requirement already satisfied: httpcore==1.* in /mnt/hpccs01/home/n11585382/.conda/envs/water_splatting/lib/python3.8/site-packages (from httpx>=0.25.0->jupyterlab>=3.3.4->nerfstudio>=0.3.4->water-splatting==0.0.1) (1.0.9)
Requirement already satisfied: h11>=0.16 in /mnt/hpccs01/home/n11585382/.conda/envs/water_splatting/lib/python3.8/site-packages (from httpcore==1.*->httpx>=0.25.0->jupyterlab>=3.3.4->nerfstudio>=0.3.4->water-splatting==0.0.1) (0.16.0)
Requirement already satisfied: debugpy>=1.6.5 in /mnt/hpccs01/home/n11585382/.conda/envs/water_splatting/lib/python3.8/site-packages (from ipykernel>=6.5.0->jupyterlab>=3.3.4->nerfstudio>=0.3.4->water-splatting==0.0.1) (1.8.21)
Requirement already satisfied: jupyter-client>=6.1.12 in /mnt/hpccs01/home/n11585382/.conda/envs/water_splatting/lib/python3.8/site-packages (from ipykernel>=6.5.0->jupyterlab>=3.3.4->nerfstudio>=0.3.4->water-splatting==0.0.1) (8.6.3)
Requirement already satisfied: matplotlib-inline>=0.1 in /mnt/hpccs01/home/n11585382/.conda/envs/water_splatting/lib/python3.8/site-packages (from ipykernel>=6.5.0->jupyterlab>=3.3.4->nerfstudio>=0.3.4->water-splatting==0.0.1) (0.1.7)
Requirement already satisfied: pyzmq>=24 in /mnt/hpccs01/home/n11585382/.conda/envs/water_splatting/lib/python3.8/site-packages (from ipykernel>=6.5.0->jupyterlab>=3.3.4->nerfstudio>=0.3.4->water-splatting==0.0.1) (27.1.0)
Requirement already satisfied: backcall in /mnt/hpccs01/home/n11585382/.conda/envs/water_splatting/lib/python3.8/site-packages (from ipython>=6.1.0->ipywidgets>=7.6->nerfstudio>=0.3.4->water-splatting==0.0.1) (0.2.0)
Requirement already satisfied: decorator in /mnt/hpccs01/home/n11585382/.conda/envs/water_splatting/lib/python3.8/site-packages (from ipython>=6.1.0->ipywidgets>=7.6->nerfstudio>=0.3.4->water-splatting==0.0.1) (5.3.1)
Requirement already satisfied: jedi>=0.16 in /mnt/hpccs01/home/n11585382/.conda/envs/water_splatting/lib/python3.8/site-packages (from ipython>=6.1.0->ipywidgets>=7.6->nerfstudio>=0.3.4->water-splatting==0.0.1) (0.19.2)
Requirement already satisfied: pickleshare in /mnt/hpccs01/home/n11585382/.conda/envs/water_splatting/lib/python3.8/site-packages (from ipython>=6.1.0->ipywidgets>=7.6->nerfstudio>=0.3.4->water-splatting==0.0.1) (0.7.5)
Requirement already satisfied: prompt-toolkit!=3.0.37,<3.1.0,>=3.0.30 in /mnt/hpccs01/home/n11585382/.conda/envs/water_splatting/lib/python3.8/site-packages (from ipython>=6.1.0->ipywidgets>=7.6->nerfstudio>=0.3.4->water-splatting==0.0.1) (3.0.52)
Requirement already satisfied: stack-data in /mnt/hpccs01/home/n11585382/.conda/envs/water_splatting/lib/python3.8/site-packages (from ipython>=6.1.0->ipywidgets>=7.6->nerfstudio>=0.3.4->water-splatting==0.0.1) (0.6.3)
Requirement already satisfied: pexpect>4.3 in /mnt/hpccs01/home/n11585382/.conda/envs/water_splatting/lib/python3.8/site-packages (from ipython>=6.1.0->ipywidgets>=7.6->nerfstudio>=0.3.4->water-splatting==0.0.1) (4.9.0)
Requirement already satisfied: attrs>=22.2.0 in /mnt/hpccs01/home/n11585382/.conda/envs/water_splatting/lib/python3.8/site-packages (from jsonschema!=3.1.0,>=2.6.0->comet-ml>=3.33.8->nerfstudio>=0.3.4->water-splatting==0.0.1) (25.3.0)
Requirement already satisfied: jsonschema-specifications>=2023.03.6 in /mnt/hpccs01/home/n11585382/.conda/envs/water_splatting/lib/python3.8/site-packages (from jsonschema!=3.1.0,>=2.6.0->comet-ml>=3.33.8->nerfstudio>=0.3.4->water-splatting==0.0.1) (2023.12.1)
Requirement already satisfied: pkgutil-resolve-name>=1.3.10 in /mnt/hpccs01/home/n11585382/.conda/envs/water_splatting/lib/python3.8/site-packages (from jsonschema!=3.1.0,>=2.6.0->comet-ml>=3.33.8->nerfstudio>=0.3.4->water-splatting==0.0.1) (1.3.10)
Requirement already satisfied: referencing>=0.28.4 in /mnt/hpccs01/home/n11585382/.conda/envs/water_splatting/lib/python3.8/site-packages (from jsonschema!=3.1.0,>=2.6.0->comet-ml>=3.33.8->nerfstudio>=0.3.4->water-splatting==0.0.1) (0.35.1)
Requirement already satisfied: rpds-py>=0.7.1 in /mnt/hpccs01/home/n11585382/.conda/envs/water_splatting/lib/python3.8/site-packages (from jsonschema!=3.1.0,>=2.6.0->comet-ml>=3.33.8->nerfstudio>=0.3.4->water-splatting==0.0.1) (0.20.1)
Requirement already satisfied: argon2-cffi>=21.1 in /mnt/hpccs01/home/n11585382/.conda/envs/water_splatting/lib/python3.8/site-packages (from jupyter-server<3,>=2.4.0->jupyterlab>=3.3.4->nerfstudio>=0.3.4->water-splatting==0.0.1) (25.1.0)
Requirement already satisfied: jupyter-events>=0.9.0 in /mnt/hpccs01/home/n11585382/.conda/envs/water_splatting/lib/python3.8/site-packages (from jupyter-server<3,>=2.4.0->jupyterlab>=3.3.4->nerfstudio>=0.3.4->water-splatting==0.0.1) (0.10.0)
Requirement already satisfied: jupyter-server-terminals>=0.4.4 in /mnt/hpccs01/home/n11585382/.conda/envs/water_splatting/lib/python3.8/site-packages (from jupyter-server<3,>=2.4.0->jupyterlab>=3.3.4->nerfstudio>=0.3.4->water-splatting==0.0.1) (0.5.4)
Requirement already satisfied: nbconvert>=6.4.4 in /mnt/hpccs01/home/n11585382/.conda/envs/water_splatting/lib/python3.8/site-packages (from jupyter-server<3,>=2.4.0->jupyterlab>=3.3.4->nerfstudio>=0.3.4->water-splatting==0.0.1) (7.16.6)
Requirement already satisfied: overrides>=5.0 in /mnt/hpccs01/home/n11585382/.conda/envs/water_splatting/lib/python3.8/site-packages (from jupyter-server<3,>=2.4.0->jupyterlab>=3.3.4->nerfstudio>=0.3.4->water-splatting==0.0.1) (7.7.0)
Requirement already satisfied: prometheus-client>=0.9 in /mnt/hpccs01/home/n11585382/.conda/envs/water_splatting/lib/python3.8/site-packages (from jupyter-server<3,>=2.4.0->jupyterlab>=3.3.4->nerfstudio>=0.3.4->water-splatting==0.0.1) (0.21.1)
Requirement already satisfied: send2trash>=1.8.2 in /mnt/hpccs01/home/n11585382/.conda/envs/water_splatting/lib/python3.8/site-packages (from jupyter-server<3,>=2.4.0->jupyterlab>=3.3.4->nerfstudio>=0.3.4->water-splatting==0.0.1) (2.1.0)
Requirement already satisfied: terminado>=0.8.3 in /mnt/hpccs01/home/n11585382/.conda/envs/water_splatting/lib/python3.8/site-packages (from jupyter-server<3,>=2.4.0->jupyterlab>=3.3.4->nerfstudio>=0.3.4->water-splatting==0.0.1) (0.18.1)
Requirement already satisfied: websocket-client>=1.7 in /mnt/hpccs01/home/n11585382/.conda/envs/water_splatting/lib/python3.8/site-packages (from jupyter-server<3,>=2.4.0->jupyterlab>=3.3.4->nerfstudio>=0.3.4->water-splatting==0.0.1) (1.8.0)
Requirement already satisfied: json5>=0.9.0 in /mnt/hpccs01/home/n11585382/.conda/envs/water_splatting/lib/python3.8/site-packages (from jupyterlab-server<3,>=2.27.1->jupyterlab>=3.3.4->nerfstudio>=0.3.4->water-splatting==0.0.1) (0.15.0)
Requirement already satisfied: mdurl~=0.1 in /mnt/hpccs01/home/n11585382/.conda/envs/water_splatting/lib/python3.8/site-packages (from markdown-it-py>=2.2.0->rich>=12.5.1->nerfstudio>=0.3.4->water-splatting==0.0.1) (0.1.2)
Requirement already satisfied: fastjsonschema>=2.15 in /mnt/hpccs01/home/n11585382/.conda/envs/water_splatting/lib/python3.8/site-packages (from nbformat>=5.7.0->open3d>=0.16.0->nerfstudio>=0.3.4->water-splatting==0.0.1) (2.21.2)
Requirement already satisfied: tzdata>=2022.1 in /mnt/hpccs01/home/n11585382/.conda/envs/water_splatting/lib/python3.8/site-packages (from pandas>=1.0->open3d>=0.16.0->nerfstudio>=0.3.4->water-splatting==0.0.1) (2026.5)
Requirement already satisfied: annotated-types>=0.6.0 in /mnt/hpccs01/home/n11585382/.conda/envs/water_splatting/lib/python3.8/site-packages (from pydantic<3->wandb>=0.13.3->nerfstudio>=0.3.4->water-splatting==0.0.1) (0.7.0)
Requirement already satisfied: pydantic-core==2.27.2 in /mnt/hpccs01/home/n11585382/.conda/envs/water_splatting/lib/python3.8/site-packages (from pydantic<3->wandb>=0.13.3->nerfstudio>=0.3.4->water-splatting==0.0.1) (2.27.2)
Requirement already satisfied: six>=1.5 in /mnt/hpccs01/home/n11585382/.conda/envs/water_splatting/lib/python3.8/site-packages (from python-dateutil>=2.7->matplotlib>=3.6.0->nerfstudio>=0.3.4->water-splatting==0.0.1) (1.17.0)
Requirement already satisfied: simple-websocket>=0.10.0 in /mnt/hpccs01/home/n11585382/.conda/envs/water_splatting/lib/python3.8/site-packages (from python-engineio>=4.13.2->python-socketio>=5.7.1->nerfstudio>=0.3.4->water-splatting==0.0.1) (1.1.0)
Requirement already satisfied: joblib>=1.1.1 in /mnt/hpccs01/home/n11585382/.conda/envs/water_splatting/lib/python3.8/site-packages (from scikit-learn->nuscenes-devkit>=1.1.1->nerfstudio>=0.3.4->water-splatting==0.0.1) (1.4.2)
Requirement already satisfied: threadpoolctl>=2.0.0 in /mnt/hpccs01/home/n11585382/.conda/envs/water_splatting/lib/python3.8/site-packages (from scikit-learn->nuscenes-devkit>=1.1.1->nerfstudio>=0.3.4->water-splatting==0.0.1) (3.5.0)
Requirement already satisfied: lxml in /mnt/hpccs01/home/n11585382/.conda/envs/water_splatting/lib/python3.8/site-packages (from yourdfpy>=0.0.53->viser==0.2.3->nerfstudio>=0.3.4->water-splatting==0.0.1) (6.1.3)
Requirement already satisfied: soupsieve>=1.6.1 in /mnt/hpccs01/home/n11585382/.conda/envs/water_splatting/lib/python3.8/site-packages (from beautifulsoup4->gdown>=4.6.0->nerfstudio>=0.3.4->water-splatting==0.0.1) (2.7)
Requirement already satisfied: termcolor in /mnt/hpccs01/home/n11585382/.conda/envs/water_splatting/lib/python3.8/site-packages (from fire->nuscenes-devkit>=1.1.1->nerfstudio>=0.3.4->water-splatting==0.0.1) (2.4.0)
Requirement already satisfied: notebook in /mnt/hpccs01/home/n11585382/.conda/envs/water_splatting/lib/python3.8/site-packages (from jupyter->nuscenes-devkit>=1.1.1->nerfstudio>=0.3.4->water-splatting==0.0.1) (7.3.3)
Requirement already satisfied: jupyter-console in /mnt/hpccs01/home/n11585382/.conda/envs/water_splatting/lib/python3.8/site-packages (from jupyter->nuscenes-devkit>=1.1.1->nerfstudio>=0.3.4->water-splatting==0.0.1) (6.6.3)
Requirement already satisfied: PySocks!=1.5.7,>=1.5.6 in /mnt/hpccs01/home/n11585382/.conda/envs/water_splatting/lib/python3.8/site-packages (from requests[socks]->gdown>=4.6.0->nerfstudio>=0.3.4->water-splatting==0.0.1) (1.7.1)
Requirement already satisfied: mpmath<1.4,>=1.1.0 in /mnt/hpccs01/home/n11585382/.conda/envs/water_splatting/lib/python3.8/site-packages (from sympy->torch>=1.13.1->nerfstudio>=0.3.4->water-splatting==0.0.1) (1.3.0)
Requirement already satisfied: sniffio>=1.1 in /mnt/hpccs01/home/n11585382/.conda/envs/water_splatting/lib/python3.8/site-packages (from anyio->httpx>=0.25.0->jupyterlab>=3.3.4->nerfstudio>=0.3.4->water-splatting==0.0.1) (1.3.1)
Requirement already satisfied: argon2-cffi-bindings in /mnt/hpccs01/home/n11585382/.conda/envs/water_splatting/lib/python3.8/site-packages (from argon2-cffi>=21.1->jupyter-server<3,>=2.4.0->jupyterlab>=3.3.4->nerfstudio>=0.3.4->water-splatting==0.0.1) (21.2.0)
Requirement already satisfied: smmap<6,>=3.0.1 in /mnt/hpccs01/home/n11585382/.conda/envs/water_splatting/lib/python3.8/site-packages (from gitdb<5,>=4.0.1->gitpython!=3.1.29,>=1.0.0->wandb>=0.13.3->nerfstudio>=0.3.4->water-splatting==0.0.1) (5.0.3)
Requirement already satisfied: parso<0.9.0,>=0.8.4 in /mnt/hpccs01/home/n11585382/.conda/envs/water_splatting/lib/python3.8/site-packages (from jedi>=0.16->ipython>=6.1.0->ipywidgets>=7.6->nerfstudio>=0.3.4->water-splatting==0.0.1) (0.8.7)
Requirement already satisfied: python-json-logger>=2.0.4 in /mnt/hpccs01/home/n11585382/.conda/envs/water_splatting/lib/python3.8/site-packages (from jupyter-events>=0.9.0->jupyter-server<3,>=2.4.0->jupyterlab>=3.3.4->nerfstudio>=0.3.4->water-splatting==0.0.1) (4.0.0)
Requirement already satisfied: rfc3339-validator in /mnt/hpccs01/home/n11585382/.conda/envs/water_splatting/lib/python3.8/site-packages (from jupyter-events>=0.9.0->jupyter-server<3,>=2.4.0->jupyterlab>=3.3.4->nerfstudio>=0.3.4->water-splatting==0.0.1) (0.1.4)
Requirement already satisfied: rfc3986-validator>=0.1.1 in /mnt/hpccs01/home/n11585382/.conda/envs/water_splatting/lib/python3.8/site-packages (from jupyter-events>=0.9.0->jupyter-server<3,>=2.4.0->jupyterlab>=3.3.4->nerfstudio>=0.3.4->water-splatting==0.0.1) (0.1.1)
Requirement already satisfied: bleach!=5.0.0 in /mnt/hpccs01/home/n11585382/.conda/envs/water_splatting/lib/python3.8/site-packages (from bleach[css]!=5.0.0->nbconvert>=6.4.4->jupyter-server<3,>=2.4.0->jupyterlab>=3.3.4->nerfstudio>=0.3.4->water-splatting==0.0.1) (6.1.0)
Requirement already satisfied: defusedxml in /mnt/hpccs01/home/n11585382/.conda/envs/water_splatting/lib/python3.8/site-packages (from nbconvert>=6.4.4->jupyter-server<3,>=2.4.0->jupyterlab>=3.3.4->nerfstudio>=0.3.4->water-splatting==0.0.1) (0.7.1)
Requirement already satisfied: jupyterlab-pygments in /mnt/hpccs01/home/n11585382/.conda/envs/water_splatting/lib/python3.8/site-packages (from nbconvert>=6.4.4->jupyter-server<3,>=2.4.0->jupyterlab>=3.3.4->nerfstudio>=0.3.4->water-splatting==0.0.1) (0.3.0)
Requirement already satisfied: mistune<4,>=2.0.3 in /mnt/hpccs01/home/n11585382/.conda/envs/water_splatting/lib/python3.8/site-packages (from nbconvert>=6.4.4->jupyter-server<3,>=2.4.0->jupyterlab>=3.3.4->nerfstudio>=0.3.4->water-splatting==0.0.1) (3.3.4)
Requirement already satisfied: nbclient>=0.5.0 in /mnt/hpccs01/home/n11585382/.conda/envs/water_splatting/lib/python3.8/site-packages (from nbconvert>=6.4.4->jupyter-server<3,>=2.4.0->jupyterlab>=3.3.4->nerfstudio>=0.3.4->water-splatting==0.0.1) (0.10.1)
Requirement already satisfied: pandocfilters>=1.4.1 in /mnt/hpccs01/home/n11585382/.conda/envs/water_splatting/lib/python3.8/site-packages (from nbconvert>=6.4.4->jupyter-server<3,>=2.4.0->jupyterlab>=3.3.4->nerfstudio>=0.3.4->water-splatting==0.0.1) (1.5.1)
Requirement already satisfied: ptyprocess>=0.5 in /mnt/hpccs01/home/n11585382/.conda/envs/water_splatting/lib/python3.8/site-packages (from pexpect>4.3->ipython>=6.1.0->ipywidgets>=7.6->nerfstudio>=0.3.4->water-splatting==0.0.1) (0.7.0)
Requirement already satisfied: wcwidth in /mnt/hpccs01/home/n11585382/.conda/envs/water_splatting/lib/python3.8/site-packages (from prompt-toolkit!=3.0.37,<3.1.0,>=3.0.30->ipython>=6.1.0->ipywidgets>=7.6->nerfstudio>=0.3.4->water-splatting==0.0.1) (0.8.5)
Requirement already satisfied: pyasn1<0.7.0,>=0.6.1 in /mnt/hpccs01/home/n11585382/.conda/envs/water_splatting/lib/python3.8/site-packages (from pyasn1-modules>=0.2.1->google-auth<3,>=1.6.3->tensorboard>=2.13.0->nerfstudio>=0.3.4->water-splatting==0.0.1) (0.6.4)
Requirement already satisfied: oauthlib>=3.0.0 in /mnt/hpccs01/home/n11585382/.conda/envs/water_splatting/lib/python3.8/site-packages (from requests-oauthlib>=0.7.0->google-auth-oauthlib<1.1,>=0.5->tensorboard>=2.13.0->nerfstudio>=0.3.4->water-splatting==0.0.1) (3.3.1)
Requirement already satisfied: wsproto in /mnt/hpccs01/home/n11585382/.conda/envs/water_splatting/lib/python3.8/site-packages (from simple-websocket>=0.10.0->python-engineio>=4.13.2->python-socketio>=5.7.1->nerfstudio>=0.3.4->water-splatting==0.0.1) (1.2.0)
Requirement already satisfied: colorlog in /mnt/hpccs01/home/n11585382/.conda/envs/water_splatting/lib/python3.8/site-packages (from trimesh[easy]>=3.11.2->yourdfpy>=0.0.53->viser==0.2.3->nerfstudio>=0.3.4->water-splatting==0.0.1) (6.12.0)
Requirement already satisfied: manifold3d>=2.3.0 in /mnt/hpccs01/home/n11585382/.conda/envs/water_splatting/lib/python3.8/site-packages (from trimesh[easy]>=3.11.2->yourdfpy>=0.0.53->viser==0.2.3->nerfstudio>=0.3.4->water-splatting==0.0.1) (3.4.0)
Requirement already satisfied: svg.path in /mnt/hpccs01/home/n11585382/.conda/envs/water_splatting/lib/python3.8/site-packages (from trimesh[easy]>=3.11.2->yourdfpy>=0.0.53->viser==0.2.3->nerfstudio>=0.3.4->water-splatting==0.0.1) (7.1)
Requirement already satisfied: pycollada<=0.9.0 in /mnt/hpccs01/home/n11585382/.conda/envs/water_splatting/lib/python3.8/site-packages (from trimesh[easy]>=3.11.2->yourdfpy>=0.0.53->viser==0.2.3->nerfstudio>=0.3.4->water-splatting==0.0.1) (0.9)
Requirement already satisfied: xxhash in /mnt/hpccs01/home/n11585382/.conda/envs/water_splatting/lib/python3.8/site-packages (from trimesh[easy]>=3.11.2->yourdfpy>=0.0.53->viser==0.2.3->nerfstudio>=0.3.4->water-splatting==0.0.1) (3.8.1)
Requirement already satisfied: rtree in /mnt/hpccs01/home/n11585382/.conda/envs/water_splatting/lib/python3.8/site-packages (from trimesh[easy]>=3.11.2->yourdfpy>=0.0.53->viser==0.2.3->nerfstudio>=0.3.4->water-splatting==0.0.1) (1.3.0)
Requirement already satisfied: embreex in /mnt/hpccs01/home/n11585382/.conda/envs/water_splatting/lib/python3.8/site-packages (from trimesh[easy]>=3.11.2->yourdfpy>=0.0.53->viser==0.2.3->nerfstudio>=0.3.4->water-splatting==0.0.1) (4.4.0)
Requirement already satisfied: executing>=1.2.0 in /mnt/hpccs01/home/n11585382/.conda/envs/water_splatting/lib/python3.8/site-packages (from stack-data->ipython>=6.1.0->ipywidgets>=7.6->nerfstudio>=0.3.4->water-splatting==0.0.1) (2.2.1)
Requirement already satisfied: asttokens>=2.1.0 in /mnt/hpccs01/home/n11585382/.conda/envs/water_splatting/lib/python3.8/site-packages (from stack-data->ipython>=6.1.0->ipywidgets>=7.6->nerfstudio>=0.3.4->water-splatting==0.0.1) (3.0.2)
Requirement already satisfied: pure-eval in /mnt/hpccs01/home/n11585382/.conda/envs/water_splatting/lib/python3.8/site-packages (from stack-data->ipython>=6.1.0->ipywidgets>=7.6->nerfstudio>=0.3.4->water-splatting==0.0.1) (0.2.4)
Requirement already satisfied: webencodings in /mnt/hpccs01/home/n11585382/.conda/envs/water_splatting/lib/python3.8/site-packages (from bleach!=5.0.0->bleach[css]!=5.0.0->nbconvert>=6.4.4->jupyter-server<3,>=2.4.0->jupyterlab>=3.3.4->nerfstudio>=0.3.4->water-splatting==0.0.1) (0.5.1)
Requirement already satisfied: tinycss2<1.3,>=1.1.0 in /mnt/hpccs01/home/n11585382/.conda/envs/water_splatting/lib/python3.8/site-packages (from bleach[css]!=5.0.0->nbconvert>=6.4.4->jupyter-server<3,>=2.4.0->jupyterlab>=3.3.4->nerfstudio>=0.3.4->water-splatting==0.0.1) (1.2.1)
Requirement already satisfied: fqdn in /mnt/hpccs01/home/n11585382/.conda/envs/water_splatting/lib/python3.8/site-packages (from jsonschema[format-nongpl]>=4.18.0->jupyter-events>=0.9.0->jupyter-server<3,>=2.4.0->jupyterlab>=3.3.4->nerfstudio>=0.3.4->water-splatting==0.0.1) (1.6.0)
Requirement already satisfied: isoduration in /mnt/hpccs01/home/n11585382/.conda/envs/water_splatting/lib/python3.8/site-packages (from jsonschema[format-nongpl]>=4.18.0->jupyter-events>=0.9.0->jupyter-server<3,>=2.4.0->jupyterlab>=3.3.4->nerfstudio>=0.3.4->water-splatting==0.0.1) (20.11.0)
Requirement already satisfied: jsonpointer>1.13 in /mnt/hpccs01/home/n11585382/.conda/envs/water_splatting/lib/python3.8/site-packages (from jsonschema[format-nongpl]>=4.18.0->jupyter-events>=0.9.0->jupyter-server<3,>=2.4.0->jupyterlab>=3.3.4->nerfstudio>=0.3.4->water-splatting==0.0.1) (3.0.0)
Requirement already satisfied: uri-template in /mnt/hpccs01/home/n11585382/.conda/envs/water_splatting/lib/python3.8/site-packages (from jsonschema[format-nongpl]>=4.18.0->jupyter-events>=0.9.0->jupyter-server<3,>=2.4.0->jupyterlab>=3.3.4->nerfstudio>=0.3.4->water-splatting==0.0.1) (1.3.0)
Requirement already satisfied: webcolors>=24.6.0 in /mnt/hpccs01/home/n11585382/.conda/envs/water_splatting/lib/python3.8/site-packages (from jsonschema[format-nongpl]>=4.18.0->jupyter-events>=0.9.0->jupyter-server<3,>=2.4.0->jupyterlab>=3.3.4->nerfstudio>=0.3.4->water-splatting==0.0.1) (24.8.0)
Requirement already satisfied: arrow>=0.15.0 in /mnt/hpccs01/home/n11585382/.conda/envs/water_splatting/lib/python3.8/site-packages (from isoduration->jsonschema[format-nongpl]>=4.18.0->jupyter-events>=0.9.0->jupyter-server<3,>=2.4.0->jupyterlab>=3.3.4->nerfstudio>=0.3.4->water-splatting==0.0.1) (1.4.0)
Requirement already satisfied: backports.zoneinfo==0.2.1 in /mnt/hpccs01/home/n11585382/.conda/envs/water_splatting/lib/python3.8/site-packages (from arrow>=0.15.0->isoduration->jsonschema[format-nongpl]>=4.18.0->jupyter-events>=0.9.0->jupyter-server<3,>=2.4.0->jupyterlab>=3.3.4->nerfstudio>=0.3.4->water-splatting==0.0.1) (0.2.1)
Using cached black-24.8.0-cp38-cp38-manylinux_2_17_x86_64.manylinux2014_x86_64.manylinux_2_28_x86_64.whl (1.7 MB)
Using cached pyright-1.1.414-py3-none-any.whl (6.2 MB)
Using cached pytest-8.3.5-py3-none-any.whl (343 kB)
Using cached ruff-0.16.10-py3-none-manylinux_2_17_x86_64.manylinux2014_x86_64.whl (10.4 MB)
Using cached sphinx-7.1.2-py3-none-any.whl (3.2 MB)
Using cached sphinx_rtd_theme-3.1.0-py2.py3-none-any.whl (7.7 MB)
Using cached sphinxcontrib_bibtex-2.6.3-py3-none-any.whl (40 kB)
Using cached sphinxcontrib_video-0.4.1-py3-none-any.whl (10 kB)
Using cached alabaster-0.7.13-py3-none-any.whl (13 kB)
Using cached docutils-0.20.1-py3-none-any.whl (572 kB)
Using cached imagesize-1.5.0-py2.py3-none-any.whl (5.8 kB)
Using cached mypy_extensions-1.1.0-py3-none-any.whl (5.0 kB)
Using cached pathspec-0.12.1-py3-none-any.whl (31 kB)
Using cached pluggy-1.5.0-py3-none-any.whl (20 kB)
Using cached pybtex-0.26.1-py3-none-any.whl (126 kB)
Using cached pybtex_docutils-1.0.3-py3-none-any.whl (6.4 kB)
Using cached snowballstemmer-3.1.1-py3-none-any.whl (104 kB)
Using cached sphinxcontrib_htmlhelp-2.0.1-py3-none-any.whl (99 kB)
Using cached sphinxcontrib_jquery-4.1-py2.py3-none-any.whl (121 kB)
Using cached sphinxcontrib_serializinghtml-1.1.5-py2.py3-none-any.whl (94 kB)
Using cached iniconfig-2.1.0-py3-none-any.whl (6.0 kB)
Using cached sphinxcontrib_applehelp-1.0.4-py3-none-any.whl (120 kB)
Using cached sphinxcontrib_devhelp-1.0.2-py2.py3-none-any.whl (84 kB)
Using cached sphinxcontrib_jsmath-1.0.1-py2.py3-none-any.whl (5.1 kB)
Using cached sphinxcontrib_qthelp-1.0.3-py2.py3-none-any.whl (90 kB)
Using cached latexcodec-3.0.0-py3-none-any.whl (18 kB)
Installing collected packages: sphinxcontrib-serializinghtml, sphinxcontrib-qthelp, sphinxcontrib-jsmath, sphinxcontrib-htmlhelp, sphinxcontrib-devhelp, sphinxcontrib-applehelp, snowballstemmer, ruff, pyright, pluggy, pathspec, mypy-extensions, latexcodec, iniconfig, imagesize, docutils, alabaster, sphinx, pytest, pybtex, black, sphinxcontrib-video, sphinxcontrib-jquery, pybtex-docutils, sphinxcontrib-bibtex, sphinx_rtd_theme, water-splatting
  DEPRECATION: Legacy editable install of water-splatting==0.0.1 from file:///mnt/hpccs01/home/n11585382/EUAPGM7346/UMP/Codebase/3DGS-Water-Approaches/Image/water-splatting-main (setup.py develop) is deprecated. pip 25.1 will enforce this behaviour change. A possible replacement is to add a pyproject.toml or enable --use-pep517, and use setuptools >= 64. If the resulting installation is not behaving as expected, try using --config-settings editable_mode=compat. Please consult the setuptools documentation for more information. Discussion can be found at https://github.com/pypa/pip/issues/11457
  Running setup.py develop for water-splatting
Successfully installed alabaster-0.7.13 black-24.8.0 docutils-0.20.1 imagesize-1.5.0 iniconfig-2.1.0 latexcodec-3.0.0 mypy-extensions-1.1.0 pathspec-0.12.1 pluggy-1.5.0 pybtex-0.26.1 pybtex-docutils-1.0.3 pyright-1.1.414 pytest-8.3.5 ruff-0.16.10 snowballstemmer-3.1.1 sphinx-7.1.2 sphinx_rtd_theme-3.1.0 sphinxcontrib-applehelp-1.0.4 sphinxcontrib-bibtex-2.6.3 sphinxcontrib-devhelp-1.0.2 sphinxcontrib-htmlhelp-2.0.1 sphinxcontrib-jquery-4.1 sphinxcontrib-jsmath-1.0.1 sphinxcontrib-qthelp-1.0.3 sphinxcontrib-serializinghtml-1.1.5 sphinxcontrib-video-0.4.1 water-splatting
[SUCCESS] Environment 'water_splatting' successfully provisioned.

======================================================================
 Setup Execution Completed Successfully
======================================================================
======================================================================
 Provisioning Conda Environment: rusplatting
======================================================================
[INFO] 3DGS & OSCD Automation Setup Script Initialized
[INFO] Repository root: /mnt/hpccs01/home/n11585382/EUAPGM7346/UMP

======================================================================
 Provisioning Conda Environment: rusplatting (Python 3.12, PyTorch 2.5.1)
======================================================================
[INFO] Submodule verified: submodules/simple-knn
[INFO] Recreating Conda environment 'rusplatting' (requested python=3.12, existing python=3.11)...
[INFO] Running: conda env remove -n rusplatting -y

Remove all packages in environment /home/n11585382/.conda/envs/rusplatting:

[INFO] Creating fresh Conda environment 'rusplatting'...
[INFO] Running: conda create -n rusplatting python=3.12 -y
Channels:
 - defaults
Platform: linux-64
Collecting package metadata (repodata.json): ...working... done
Solving environment: ...working... done

## Package Plan ##

  environment location: /home/n11585382/.conda/envs/rusplatting

  added / updated specs:
    - python=3.12


The following NEW packages will be INSTALLED:

  _libgcc_mutex      pkgs/main/linux-64::_libgcc_mutex-0.1-main 
  _openmp_mutex      pkgs/main/linux-64::_openmp_mutex-5.1-52_gnu 
  bzip2              pkgs/main/linux-64::bzip2-1.0.8-h5eee18b_6 
  ca-certificates    pkgs/main/linux-64::ca-certificates-2026.9.25-h06a4308_0 
  ld_impl_linux-64   pkgs/main/linux-64::ld_impl_linux-64-2.44-h9e0c5a2_3 
  libexpat           pkgs/main/linux-64::libexpat-2.8.5-h7354ed3_1 
  libffi             pkgs/main/linux-64::libffi-3.4.8-h06d3fd0_3 
  libgcc             pkgs/main/linux-64::libgcc-15.2.0-h69a1729_8 
  libgcc-ng          pkgs/main/linux-64::libgcc-ng-15.2.0-h166f726_8 
  libstdcxx          pkgs/main/linux-64::libstdcxx-15.2.0-h39759b7_8 
  libuuid            pkgs/main/linux-64::libuuid-1.41.5-h5eee18b_0 
  libxcb             pkgs/main/linux-64::libxcb-1.17.0-h9b100fa_0 
  libzlib            pkgs/main/linux-64::libzlib-1.3.2-h47b2149_0 
  ncurses            pkgs/main/linux-64::ncurses-6.6-hfaaeb4e_0 
  openssl            pkgs/main/linux-64::openssl-3.5.9-h1b28b03_0 
  packaging          pkgs/main/linux-64::packaging-26.3-py312h06a4308_0 
  pip                pkgs/main/noarch::pip-26.2.1-pyhc872135_0 
  pthread-stubs      pkgs/main/linux-64::pthread-stubs-0.3-h47b2149_2 
  python             pkgs/main/linux-64::python-3.12.15-hcd0331c_0 
  readline           pkgs/main/linux-64::readline-8.3-hc2a1206_0 
  setuptools         pkgs/main/linux-64::setuptools-83.0.0-py312h06a4308_0 
  sqlite             pkgs/main/linux-64::sqlite-3.53.4-h795bf6d_0 
  tk                 pkgs/main/linux-64::tk-8.6.15-h54e0aa7_0 
  tzdata             pkgs/main/noarch::tzdata-2026c-he532380_0 
  wheel              pkgs/main/linux-64::wheel-0.47.0-py312h06a4308_0 
  xorg-libx11        pkgs/main/linux-64::xorg-libx11-1.8.13-h65de747_0 
  xorg-libxau        pkgs/main/linux-64::xorg-libxau-1.0.12-h9b100fa_0 
  xorg-libxdmcp      pkgs/main/linux-64::xorg-libxdmcp-1.1.5-h9b100fa_0 
  xorg-xorgproto     pkgs/main/linux-64::xorg-xorgproto-2025.1-h47b2149_0 
  xz                 pkgs/main/linux-64::xz-5.8.4-h140a991_0 
  zlib               pkgs/main/linux-64::zlib-1.3.2-h47b2149_0 



Downloading and Extracting Packages: ...working... done
Preparing transaction: ...working... done
Verifying transaction: ...working... done
Executing transaction: ...working... done
#
# To activate this environment, use
#
#     $ conda activate rusplatting
#
# To deactivate an active environment, use
#
#     $ conda deactivate

[INFO] Active environment: rusplatting
[INFO] Running: pip install --upgrade pip ninja
Requirement already satisfied: pip in /home/n11585382/.conda/envs/rusplatting/lib/python3.12/site-packages (26.2.1)
Collecting ninja
  Using cached ninja-1.13.2-py3-none-manylinux2014_x86_64.manylinux_2_17_x86_64.whl.metadata (5.4 kB)
Using cached ninja-1.13.2-py3-none-manylinux2014_x86_64.manylinux_2_17_x86_64.whl (183 kB)
Installing collected packages: ninja
Successfully installed ninja-1.13.2
[INFO] Running: pip install torch==2.5.1 torchvision torchaudio --index-url https://download.pytorch.org/whl/cu121
Looking in indexes: https://download.pytorch.org/whl/cu121
Collecting torch==2.5.1
  Using cached torch-2.5.1%2Bcu121-cp312-cp312-linux_x86_64.whl (780.4 MB)
Collecting torchvision
  Using cached torchvision-0.20.1%2Bcu121-cp312-cp312-linux_x86_64.whl (7.3 MB)
Collecting torchaudio
  Using cached torchaudio-2.5.1%2Bcu121-cp312-cp312-linux_x86_64.whl (3.4 MB)
Collecting filelock (from torch==2.5.1)
  Using cached filelock-3.32.3-py3-none-any.whl.metadata (2.0 kB)
Collecting typing-extensions>=4.8.0 (from torch==2.5.1)
  Using cached typing_extensions-4.16.0-py3-none-any.whl.metadata (3.3 kB)
Collecting networkx (from torch==2.5.1)
  Using cached networkx-3.6.1-py3-none-any.whl.metadata (6.8 kB)
Collecting jinja2 (from torch==2.5.1)
  Using cached jinja2-3.1.6-py3-none-any.whl.metadata (2.9 kB)
Collecting fsspec (from torch==2.5.1)
  Using cached fsspec-2026.7.0-py3-none-any.whl.metadata (10 kB)
Collecting nvidia-cuda-nvrtc-cu12==12.1.105 (from torch==2.5.1)
  Downloading nvidia_cuda_nvrtc_cu12-12.1.105-py3-none-manylinux1_x86_64.whl (23.7 MB)
     ━━━━━━━━━━━━━━━━━━━━━━━━━━━━━━━━━━━━━━━━ 23.7/23.7 MB 67.8 MB/s  0:00:00
Collecting nvidia-cuda-runtime-cu12==12.1.105 (from torch==2.5.1)
  Downloading nvidia_cuda_runtime_cu12-12.1.105-py3-none-manylinux1_x86_64.whl (823 kB)
     ━━━━━━━━━━━━━━━━━━━━━━━━━━━━━━━━━━━━━━━━ 823.6/823.6 kB 110.3 MB/s  0:00:00
Collecting nvidia-cuda-cupti-cu12==12.1.105 (from torch==2.5.1)
  Downloading nvidia_cuda_cupti_cu12-12.1.105-py3-none-manylinux1_x86_64.whl (14.1 MB)
     ━━━━━━━━━━━━━━━━━━━━━━━━━━━━━━━━━━━━━━━━ 14.1/14.1 MB 77.8 MB/s  0:00:00
Collecting nvidia-cudnn-cu12==9.1.0.70 (from torch==2.5.1)
  Using cached nvidia_cudnn_cu12-9.1.0.70-py3-none-manylinux2014_x86_64.whl (664.8 MB)
Collecting nvidia-cublas-cu12==12.1.3.1 (from torch==2.5.1)
  Downloading nvidia_cublas_cu12-12.1.3.1-py3-none-manylinux1_x86_64.whl (410.6 MB)
     ━━━━━━━━━━━━━━━━━━━━━━━━━━━━━━━━━━━━━━━━ 410.6/410.6 MB 61.5 MB/s  0:00:05
Collecting nvidia-cufft-cu12==11.0.2.54 (from torch==2.5.1)
  Downloading nvidia_cufft_cu12-11.0.2.54-py3-none-manylinux1_x86_64.whl (121.6 MB)
     ━━━━━━━━━━━━━━━━━━━━━━━━━━━━━━━━━━━━━━━━ 121.6/121.6 MB 85.2 MB/s  0:00:01
Collecting nvidia-curand-cu12==10.3.2.106 (from torch==2.5.1)
  Downloading nvidia_curand_cu12-10.3.2.106-py3-none-manylinux1_x86_64.whl (56.5 MB)
     ━━━━━━━━━━━━━━━━━━━━━━━━━━━━━━━━━━━━━━━━ 56.5/56.5 MB 107.0 MB/s  0:00:00
Collecting nvidia-cusolver-cu12==11.4.5.107 (from torch==2.5.1)
  Downloading nvidia_cusolver_cu12-11.4.5.107-py3-none-manylinux1_x86_64.whl (124.2 MB)
     ━━━━━━━━━━━━━━━━━━━━━━━━━━━━━━━━━━━━━━━━ 124.2/124.2 MB 68.9 MB/s  0:00:01
Collecting nvidia-cusparse-cu12==12.1.0.106 (from torch==2.5.1)
  Downloading nvidia_cusparse_cu12-12.1.0.106-py3-none-manylinux1_x86_64.whl (196.0 MB)
     ━━━━━━━━━━━━━━━━━━━━━━━━━━━━━━━━━━━━━━━━ 196.0/196.0 MB 88.2 MB/s  0:00:02
Collecting nvidia-nccl-cu12==2.21.5 (from torch==2.5.1)
  Downloading nvidia_nccl_cu12-2.21.5-py3-none-manylinux2014_x86_64.whl (188.7 MB)
     ━━━━━━━━━━━━━━━━━━━━━━━━━━━━━━━━━━━━━━━━ 188.7/188.7 MB 69.1 MB/s  0:00:02
Collecting nvidia-nvtx-cu12==12.1.105 (from torch==2.5.1)
  Downloading nvidia_nvtx_cu12-12.1.105-py3-none-manylinux1_x86_64.whl (99 kB)
Collecting triton==3.1.0 (from torch==2.5.1)
  Using cached triton-3.1.0-cp312-cp312-manylinux_2_17_x86_64.manylinux2014_x86_64.whl (209.6 MB)
Requirement already satisfied: setuptools in /home/n11585382/.conda/envs/rusplatting/lib/python3.12/site-packages (from torch==2.5.1) (83.0.0)
Collecting sympy==1.13.1 (from torch==2.5.1)
  Using cached sympy-1.13.1-py3-none-any.whl.metadata (12 kB)
Collecting nvidia-nvjitlink-cu12 (from nvidia-cusolver-cu12==11.4.5.107->torch==2.5.1)
  Downloading nvidia_nvjitlink_cu12-12.9.86-py3-none-manylinux2010_x86_64.manylinux_2_12_x86_64.whl (39.7 MB)
     ━━━━━━━━━━━━━━━━━━━━━━━━━━━━━━━━━━━━━━━━ 39.7/39.7 MB 93.8 MB/s  0:00:00
Collecting mpmath<1.4,>=1.1.0 (from sympy==1.13.1->torch==2.5.1)
  Using cached mpmath-1.3.0-py3-none-any.whl.metadata (8.6 kB)
Collecting numpy (from torchvision)
  Using cached numpy-2.5.2-cp312-cp312-manylinux_2_27_x86_64.manylinux_2_28_x86_64.whl.metadata (6.6 kB)
Collecting pillow!=8.3.*,>=5.3.0 (from torchvision)
  Using cached pillow-12.3.0-cp312-cp312-manylinux_2_27_x86_64.manylinux_2_28_x86_64.whl.metadata (9.1 kB)
Collecting MarkupSafe>=2.0 (from jinja2->torch==2.5.1)
  Using cached markupsafe-3.0.3-cp312-cp312-manylinux2014_x86_64.manylinux_2_17_x86_64.manylinux_2_28_x86_64.whl.metadata (2.7 kB)
Using cached sympy-1.13.1-py3-none-any.whl (6.2 MB)
Using cached mpmath-1.3.0-py3-none-any.whl (536 kB)
Using cached pillow-12.3.0-cp312-cp312-manylinux_2_27_x86_64.manylinux_2_28_x86_64.whl (6.9 MB)
Using cached typing_extensions-4.16.0-py3-none-any.whl (45 kB)
Using cached filelock-3.32.3-py3-none-any.whl (98 kB)
Using cached fsspec-2026.7.0-py3-none-any.whl (206 kB)
Using cached jinja2-3.1.6-py3-none-any.whl (134 kB)
Using cached markupsafe-3.0.3-cp312-cp312-manylinux2014_x86_64.manylinux_2_17_x86_64.manylinux_2_28_x86_64.whl (22 kB)
Using cached networkx-3.6.1-py3-none-any.whl (2.1 MB)
Using cached numpy-2.5.2-cp312-cp312-manylinux_2_27_x86_64.manylinux_2_28_x86_64.whl (16.7 MB)
Installing collected packages: mpmath, typing-extensions, sympy, pillow, nvidia-nvtx-cu12, nvidia-nvjitlink-cu12, nvidia-nccl-cu12, nvidia-curand-cu12, nvidia-cufft-cu12, nvidia-cuda-runtime-cu12, nvidia-cuda-nvrtc-cu12, nvidia-cuda-cupti-cu12, nvidia-cublas-cu12, numpy, networkx, MarkupSafe, fsspec, filelock, triton, nvidia-cusparse-cu12, nvidia-cudnn-cu12, jinja2, nvidia-cusolver-cu12, torch, torchvision, torchaudio

Successfully installed MarkupSafe-3.0.3 filelock-3.32.3 fsspec-2026.7.0 jinja2-3.1.6 mpmath-1.3.0 networkx-3.6.1 numpy-2.5.2 nvidia-cublas-cu12-12.1.3.1 nvidia-cuda-cupti-cu12-12.1.105 nvidia-cuda-nvrtc-cu12-12.1.105 nvidia-cuda-runtime-cu12-12.1.105 nvidia-cudnn-cu12-9.1.0.70 nvidia-cufft-cu12-11.0.2.54 nvidia-curand-cu12-10.3.2.106 nvidia-cusolver-cu12-11.4.5.107 nvidia-cusparse-cu12-12.1.0.106 nvidia-nccl-cu12-2.21.5 nvidia-nvjitlink-cu12-12.9.86 nvidia-nvtx-cu12-12.1.105 pillow-12.3.0 sympy-1.13.1 torch-2.5.1+cu121 torchaudio-2.5.1+cu121 torchvision-0.20.1+cu121 triton-3.1.0 typing-extensions-4.16.0
[INFO] Running: pip install plyfile tqdm opencv-python joblib scipy imageio imageio-ffmpeg dearpygui lpips
Collecting plyfile
  Using cached plyfile-1.1.5-py3-none-any.whl.metadata (43 kB)
Collecting tqdm
  Using cached tqdm-4.70.1-py3-none-any.whl.metadata (57 kB)
Collecting opencv-python
  Using cached opencv_python-5.0.0.93-cp37-abi3-manylinux_2_28_x86_64.whl.metadata (19 kB)
Collecting joblib
  Using cached joblib-1.6.0-py3-none-any.whl.metadata (6.5 kB)
Collecting scipy
  Using cached scipy-1.18.1-cp312-cp312-manylinux_2_27_x86_64.manylinux_2_28_x86_64.whl.metadata (62 kB)
Collecting imageio
  Using cached imageio-2.38.0-py3-none-any.whl.metadata (9.7 kB)
Collecting imageio-ffmpeg
  Using cached imageio_ffmpeg-0.6.0-py3-none-manylinux2014_x86_64.whl.metadata (1.5 kB)
Collecting dearpygui
  Using cached dearpygui-2.3.1-cp312-cp312-manylinux1_x86_64.whl.metadata (13 kB)
Collecting lpips
  Using cached lpips-0.1.4-py3-none-any.whl.metadata (10 kB)
Requirement already satisfied: numpy>=2.0 in /home/n11585382/.conda/envs/rusplatting/lib/python3.12/site-packages (from plyfile) (2.5.2)
Collecting cloudpickle>=3.0 (from joblib)
  Using cached cloudpickle-3.1.2-py3-none-any.whl.metadata (7.1 kB)
Requirement already satisfied: pillow>=8.3.2 in /home/n11585382/.conda/envs/rusplatting/lib/python3.12/site-packages (from imageio) (12.3.0)
Requirement already satisfied: torch>=0.4.0 in /home/n11585382/.conda/envs/rusplatting/lib/python3.12/site-packages (from lpips) (2.5.1+cu121)
Requirement already satisfied: torchvision>=0.2.1 in /home/n11585382/.conda/envs/rusplatting/lib/python3.12/site-packages (from lpips) (0.20.1+cu121)
Requirement already satisfied: filelock in /home/n11585382/.conda/envs/rusplatting/lib/python3.12/site-packages (from torch>=0.4.0->lpips) (3.32.3)
Requirement already satisfied: typing-extensions>=4.8.0 in /home/n11585382/.conda/envs/rusplatting/lib/python3.12/site-packages (from torch>=0.4.0->lpips) (4.16.0)
Requirement already satisfied: networkx in /home/n11585382/.conda/envs/rusplatting/lib/python3.12/site-packages (from torch>=0.4.0->lpips) (3.6.1)
Requirement already satisfied: jinja2 in /home/n11585382/.conda/envs/rusplatting/lib/python3.12/site-packages (from torch>=0.4.0->lpips) (3.1.6)
Requirement already satisfied: fsspec in /home/n11585382/.conda/envs/rusplatting/lib/python3.12/site-packages (from torch>=0.4.0->lpips) (2026.7.0)
Requirement already satisfied: nvidia-cuda-nvrtc-cu12==12.1.105 in /home/n11585382/.conda/envs/rusplatting/lib/python3.12/site-packages (from torch>=0.4.0->lpips) (12.1.105)
Requirement already satisfied: nvidia-cuda-runtime-cu12==12.1.105 in /home/n11585382/.conda/envs/rusplatting/lib/python3.12/site-packages (from torch>=0.4.0->lpips) (12.1.105)
Requirement already satisfied: nvidia-cuda-cupti-cu12==12.1.105 in /home/n11585382/.conda/envs/rusplatting/lib/python3.12/site-packages (from torch>=0.4.0->lpips) (12.1.105)
Requirement already satisfied: nvidia-cudnn-cu12==9.1.0.70 in /home/n11585382/.conda/envs/rusplatting/lib/python3.12/site-packages (from torch>=0.4.0->lpips) (9.1.0.70)
Requirement already satisfied: nvidia-cublas-cu12==12.1.3.1 in /home/n11585382/.conda/envs/rusplatting/lib/python3.12/site-packages (from torch>=0.4.0->lpips) (12.1.3.1)
Requirement already satisfied: nvidia-cufft-cu12==11.0.2.54 in /home/n11585382/.conda/envs/rusplatting/lib/python3.12/site-packages (from torch>=0.4.0->lpips) (11.0.2.54)
Requirement already satisfied: nvidia-curand-cu12==10.3.2.106 in /home/n11585382/.conda/envs/rusplatting/lib/python3.12/site-packages (from torch>=0.4.0->lpips) (10.3.2.106)
Requirement already satisfied: nvidia-cusolver-cu12==11.4.5.107 in /home/n11585382/.conda/envs/rusplatting/lib/python3.12/site-packages (from torch>=0.4.0->lpips) (11.4.5.107)
Requirement already satisfied: nvidia-cusparse-cu12==12.1.0.106 in /home/n11585382/.conda/envs/rusplatting/lib/python3.12/site-packages (from torch>=0.4.0->lpips) (12.1.0.106)
Requirement already satisfied: nvidia-nccl-cu12==2.21.5 in /home/n11585382/.conda/envs/rusplatting/lib/python3.12/site-packages (from torch>=0.4.0->lpips) (2.21.5)
Requirement already satisfied: nvidia-nvtx-cu12==12.1.105 in /home/n11585382/.conda/envs/rusplatting/lib/python3.12/site-packages (from torch>=0.4.0->lpips) (12.1.105)
Requirement already satisfied: triton==3.1.0 in /home/n11585382/.conda/envs/rusplatting/lib/python3.12/site-packages (from torch>=0.4.0->lpips) (3.1.0)
Requirement already satisfied: setuptools in /home/n11585382/.conda/envs/rusplatting/lib/python3.12/site-packages (from torch>=0.4.0->lpips) (83.0.0)
Requirement already satisfied: sympy==1.13.1 in /home/n11585382/.conda/envs/rusplatting/lib/python3.12/site-packages (from torch>=0.4.0->lpips) (1.13.1)
Requirement already satisfied: nvidia-nvjitlink-cu12 in /home/n11585382/.conda/envs/rusplatting/lib/python3.12/site-packages (from nvidia-cusolver-cu12==11.4.5.107->torch>=0.4.0->lpips) (12.9.86)
Requirement already satisfied: mpmath<1.4,>=1.1.0 in /home/n11585382/.conda/envs/rusplatting/lib/python3.12/site-packages (from sympy==1.13.1->torch>=0.4.0->lpips) (1.3.0)
Requirement already satisfied: MarkupSafe>=2.0 in /home/n11585382/.conda/envs/rusplatting/lib/python3.12/site-packages (from jinja2->torch>=0.4.0->lpips) (3.0.3)
Using cached plyfile-1.1.5-py3-none-any.whl (36 kB)
Using cached tqdm-4.70.1-py3-none-any.whl (80 kB)
Using cached opencv_python-5.0.0.93-cp37-abi3-manylinux_2_28_x86_64.whl (73.8 MB)
Using cached joblib-1.6.0-py3-none-any.whl (306 kB)
Using cached scipy-1.18.1-cp312-cp312-manylinux_2_27_x86_64.manylinux_2_28_x86_64.whl (35.3 MB)
Using cached imageio-2.38.0-py3-none-any.whl (328 kB)
Using cached imageio_ffmpeg-0.6.0-py3-none-manylinux2014_x86_64.whl (29.5 MB)
Using cached dearpygui-2.3.1-cp312-cp312-manylinux1_x86_64.whl (2.7 MB)
Using cached lpips-0.1.4-py3-none-any.whl (53 kB)
Using cached cloudpickle-3.1.2-py3-none-any.whl (22 kB)
Installing collected packages: tqdm, scipy, plyfile, opencv-python, imageio-ffmpeg, imageio, dearpygui, cloudpickle, joblib, lpips

Successfully installed cloudpickle-3.1.2 dearpygui-2.3.1 imageio-2.38.0 imageio-ffmpeg-0.6.0 joblib-1.6.0 lpips-0.1.4 opencv-python-5.0.0.93 plyfile-1.1.5 scipy-1.18.1 tqdm-4.70.1
[INFO] Running: pip install /mnt/hpccs01/home/n11585382/EUAPGM7346/UMP/Codebase/3DGS-Water-Approaches/Additional/RUSplatting-main/submodules/diff-gaussian-rasterization --no-build-isolation --force-reinstall --no-deps
Processing ./Codebase/3DGS-Water-Approaches/Additional/RUSplatting-main/submodules/diff-gaussian-rasterization
  Preparing metadata (pyproject.toml): started
  Preparing metadata (pyproject.toml): finished with status 'done'
Building wheels for collected packages: diff_gaussian_rasterization
  Building wheel for diff_gaussian_rasterization (pyproject.toml): started
  Building wheel for diff_gaussian_rasterization (pyproject.toml): finished with status 'done'
  Created wheel for diff_gaussian_rasterization: filename=diff_gaussian_rasterization-0.0.0-cp312-cp312-linux_x86_64.whl size=689145 sha256=5847f6ceb2f6d8ae8eb45fcc4f3f7ddffba4048ba2d909f2ca824ed29d8f3ae1
  Stored in directory: /tmp/pbs.26342207.aqua/pip-ephem-wheel-cache-l8dg2z6o/wheels/c6/e6/9e/79aca54c764c86a431e6b2d082b9343579b879dfcfa2b4f378
Successfully built diff_gaussian_rasterization
Installing collected packages: diff_gaussian_rasterization
Successfully installed diff_gaussian_rasterization-0.0.0
[INFO] Running: pip install /mnt/hpccs01/home/n11585382/EUAPGM7346/UMP/Codebase/3DGS-Water-Approaches/Additional/RUSplatting-main/submodules/simple-knn --no-build-isolation
Processing ./Codebase/3DGS-Water-Approaches/Additional/RUSplatting-main/submodules/simple-knn
  Preparing metadata (pyproject.toml): started
  Preparing metadata (pyproject.toml): finished with status 'done'
Building wheels for collected packages: simple_knn
  Building wheel for simple_knn (pyproject.toml): started
  Building wheel for simple_knn (pyproject.toml): finished with status 'done'
  Created wheel for simple_knn: filename=simple_knn-0.0.0-cp312-cp312-linux_x86_64.whl size=568327 sha256=1454feb605de6c62607065354cd185e9adb27bbae2e314e7c03f3297bf54c6f7
  Stored in directory: /tmp/pbs.26342207.aqua/pip-ephem-wheel-cache-n98k7t93/wheels/03/df/b1/df4adb234c94337aecafd5d71bea08b8d59eb74300369bf1c9
Successfully built simple_knn
Installing collected packages: simple_knn
Successfully installed simple_knn-0.0.0
[SUCCESS] Environment 'rusplatting' successfully provisioned.

======================================================================
 Setup Execution Completed Successfully
======================================================================
======================================================================
 Provisioning Conda Environment: UW-GS
======================================================================
[INFO] 3DGS & OSCD Automation Setup Script Initialized
[INFO] Repository root: /mnt/hpccs01/home/n11585382/EUAPGM7346/UMP

======================================================================
 Provisioning Conda Environment: UW-GS (Python 3.10, Linux Sanitized Recipe)
======================================================================
[INFO] Submodule verified: submodules/simple-knn
[INFO] Creating UW-GS environment (omitting Windows mkl/vc dependencies)...
[INFO] Recreating Conda environment 'UW-GS' (requested python=3.10, existing python=3.11)...
[INFO] Running: conda env remove -n UW-GS -y

Remove all packages in environment /home/n11585382/.conda/envs/UW-GS:

[INFO] Creating fresh Conda environment 'UW-GS'...
[INFO] Running: conda create -n UW-GS python=3.10 -y
Channels:
 - defaults
Platform: linux-64
Collecting package metadata (repodata.json): ...working... done
Solving environment: ...working... done

## Package Plan ##

  environment location: /home/n11585382/.conda/envs/UW-GS

  added / updated specs:
    - python=3.10


The following NEW packages will be INSTALLED:

  _libgcc_mutex      pkgs/main/linux-64::_libgcc_mutex-0.1-main 
  _openmp_mutex      pkgs/main/linux-64::_openmp_mutex-5.1-52_gnu 
  bzip2              pkgs/main/linux-64::bzip2-1.0.8-h5eee18b_6 
  ca-certificates    pkgs/main/linux-64::ca-certificates-2026.9.25-h06a4308_0 
  ld_impl_linux-64   pkgs/main/linux-64::ld_impl_linux-64-2.44-h9e0c5a2_3 
  libexpat           pkgs/main/linux-64::libexpat-2.8.5-h7354ed3_1 
  libffi             pkgs/main/linux-64::libffi-3.4.8-h06d3fd0_3 
  libgcc             pkgs/main/linux-64::libgcc-15.2.0-h69a1729_8 
  libgcc-ng          pkgs/main/linux-64::libgcc-ng-15.2.0-h166f726_8 
  libnsl             pkgs/main/linux-64::libnsl-2.0.0-h5eee18b_0 
  libstdcxx          pkgs/main/linux-64::libstdcxx-15.2.0-h39759b7_8 
  libuuid            pkgs/main/linux-64::libuuid-1.41.5-h5eee18b_0 
  libxcb             pkgs/main/linux-64::libxcb-1.17.0-h9b100fa_0 
  libzlib            pkgs/main/linux-64::libzlib-1.3.2-h47b2149_0 
  ncurses            pkgs/main/linux-64::ncurses-6.6-hfaaeb4e_0 
  openssl            pkgs/main/linux-64::openssl-3.5.9-h1b28b03_0 
  packaging          pkgs/main/linux-64::packaging-26.3-py310h06a4308_0 
  pip                pkgs/main/noarch::pip-26.2.1-pyhc872135_0 
  pthread-stubs      pkgs/main/linux-64::pthread-stubs-0.3-h47b2149_2 
  python             pkgs/main/linux-64::python-3.10.22-hd9cb797_0 
  readline           pkgs/main/linux-64::readline-8.3-hc2a1206_0 
  setuptools         pkgs/main/linux-64::setuptools-83.0.0-py310h06a4308_0 
  sqlite             pkgs/main/linux-64::sqlite-3.53.4-h795bf6d_0 
  tk                 pkgs/main/linux-64::tk-8.6.15-h54e0aa7_0 
  tzdata             pkgs/main/noarch::tzdata-2026c-he532380_0 
  wheel              pkgs/main/linux-64::wheel-0.47.0-py310h06a4308_0 
  xorg-libx11        pkgs/main/linux-64::xorg-libx11-1.8.13-h65de747_0 
  xorg-libxau        pkgs/main/linux-64::xorg-libxau-1.0.12-h9b100fa_0 
  xorg-libxdmcp      pkgs/main/linux-64::xorg-libxdmcp-1.1.5-h9b100fa_0 
  xorg-xorgproto     pkgs/main/linux-64::xorg-xorgproto-2025.1-h47b2149_0 
  xz                 pkgs/main/linux-64::xz-5.8.4-h140a991_0 
  zlib               pkgs/main/linux-64::zlib-1.3.2-h47b2149_0 



Downloading and Extracting Packages: ...working... done
Preparing transaction: ...working... done
Verifying transaction: ...working... done
Executing transaction: ...working... done
#
# To activate this environment, use
#
#     $ conda activate UW-GS
#
# To deactivate an active environment, use
#
#     $ conda deactivate

[INFO] Active environment: UW-GS
[INFO] Running: pip install --upgrade pip ninja
Requirement already satisfied: pip in /mnt/hpccs01/home/n11585382/.conda/envs/UW-GS/lib/python3.10/site-packages (26.2.1)
Collecting ninja
  Using cached ninja-1.13.2-py3-none-manylinux2014_x86_64.manylinux_2_17_x86_64.whl.metadata (5.4 kB)
Using cached ninja-1.13.2-py3-none-manylinux2014_x86_64.manylinux_2_17_x86_64.whl (183 kB)
Installing collected packages: ninja
Successfully installed ninja-1.13.2
[INFO] Running: pip install setuptools<70.0.0 wheel
Collecting setuptools<70.0.0
  Using cached setuptools-69.5.1-py3-none-any.whl.metadata (6.2 kB)
Requirement already satisfied: wheel in /mnt/hpccs01/home/n11585382/.conda/envs/UW-GS/lib/python3.10/site-packages (0.47.0)
Requirement already satisfied: packaging>=24.0 in /mnt/hpccs01/home/n11585382/.conda/envs/UW-GS/lib/python3.10/site-packages (from wheel) (26.3)
Using cached setuptools-69.5.1-py3-none-any.whl (894 kB)
Installing collected packages: setuptools
  Attempting uninstall: setuptools
    Found existing installation: setuptools 83.0.0
    Uninstalling setuptools-83.0.0:
      Successfully uninstalled setuptools-83.0.0
Successfully installed setuptools-69.5.1
[INFO] Running: pip install numpy<2
Collecting numpy<2
  Using cached numpy-1.26.4-cp310-cp310-manylinux_2_17_x86_64.manylinux2014_x86_64.whl.metadata (61 kB)
Using cached numpy-1.26.4-cp310-cp310-manylinux_2_17_x86_64.manylinux2014_x86_64.whl (18.2 MB)
Installing collected packages: numpy
Successfully installed numpy-1.26.4
[INFO] Running: pip install torch==2.1.2+cu118 torchvision==0.16.2+cu118 torchaudio==2.1.2+cu118 --extra-index-url https://download.pytorch.org/whl/cu118
Looking in indexes: https://pypi.org/simple, https://download.pytorch.org/whl/cu118
Collecting torch==2.1.2+cu118
  Using cached torch-2.1.2%2Bcu118-cp310-cp310-linux_x86_64.whl (2325.9 MB)
Collecting torchvision==0.16.2+cu118
  Using cached torchvision-0.16.2%2Bcu118-cp310-cp310-linux_x86_64.whl (6.1 MB)
Collecting torchaudio==2.1.2+cu118
  Using cached torchaudio-2.1.2%2Bcu118-cp310-cp310-linux_x86_64.whl (3.2 MB)
Collecting filelock (from torch==2.1.2+cu118)
  Using cached filelock-4.0.10-py3-none-any.whl.metadata (2.0 kB)
Collecting typing-extensions (from torch==2.1.2+cu118)
  Using cached typing_extensions-4.16.0-py3-none-any.whl.metadata (3.3 kB)
Collecting sympy (from torch==2.1.2+cu118)
  Using cached sympy-1.14.0-py3-none-any.whl.metadata (12 kB)
Collecting networkx (from torch==2.1.2+cu118)
  Using cached networkx-3.4.2-py3-none-any.whl.metadata (6.3 kB)
Collecting jinja2 (from torch==2.1.2+cu118)
  Using cached jinja2-3.1.6-py3-none-any.whl.metadata (2.9 kB)
Collecting fsspec (from torch==2.1.2+cu118)
  Using cached fsspec-2026.9.0-py3-none-any.whl.metadata (10 kB)
Collecting triton==2.1.0 (from torch==2.1.2+cu118)
  Using cached triton-2.1.0-0-cp310-cp310-manylinux2014_x86_64.manylinux_2_17_x86_64.whl (89.2 MB)
Requirement already satisfied: numpy in /mnt/hpccs01/home/n11585382/.conda/envs/UW-GS/lib/python3.10/site-packages (from torchvision==0.16.2+cu118) (1.26.4)
Collecting requests (from torchvision==0.16.2+cu118)
  Using cached requests-2.34.2-py3-none-any.whl.metadata (4.8 kB)
Collecting pillow!=8.3.*,>=5.3.0 (from torchvision==0.16.2+cu118)
  Using cached pillow-12.3.0-cp310-cp310-manylinux_2_27_x86_64.manylinux_2_28_x86_64.whl.metadata (9.1 kB)
Collecting MarkupSafe>=2.0 (from jinja2->torch==2.1.2+cu118)
  Using cached markupsafe-3.0.4-cp310-cp310-manylinux2014_x86_64.manylinux_2_17_x86_64.manylinux_2_28_x86_64.whl.metadata (2.7 kB)
Collecting charset_normalizer<4,>=2 (from requests->torchvision==0.16.2+cu118)
  Using cached charset_normalizer-3.5.2-cp310-cp310-manylinux2014_x86_64.manylinux_2_17_x86_64.manylinux_2_28_x86_64.whl.metadata (46 kB)
Collecting idna<4,>=2.5 (from requests->torchvision==0.16.2+cu118)
  Using cached idna-3.20-py3-none-any.whl.metadata (7.2 kB)
Collecting urllib3<3,>=1.26 (from requests->torchvision==0.16.2+cu118)
  Using cached urllib3-2.8.0-py3-none-any.whl.metadata (7.4 kB)
Collecting certifi>=2023.5.7 (from requests->torchvision==0.16.2+cu118)
  Using cached certifi-2026.7.22-py3-none-any.whl.metadata (2.5 kB)
Collecting mpmath<1.4,>=1.1.0 (from sympy->torch==2.1.2+cu118)
  Using cached mpmath-1.3.0-py3-none-any.whl.metadata (8.6 kB)
Using cached pillow-12.3.0-cp310-cp310-manylinux_2_27_x86_64.manylinux_2_28_x86_64.whl (6.9 MB)
Using cached filelock-4.0.10-py3-none-any.whl (111 kB)
Using cached fsspec-2026.9.0-py3-none-any.whl (221 kB)
Using cached jinja2-3.1.6-py3-none-any.whl (134 kB)
Using cached markupsafe-3.0.4-cp310-cp310-manylinux2014_x86_64.manylinux_2_17_x86_64.manylinux_2_28_x86_64.whl (20 kB)
Using cached networkx-3.4.2-py3-none-any.whl (1.7 MB)
Using cached requests-2.34.2-py3-none-any.whl (73 kB)
Using cached charset_normalizer-3.5.2-cp310-cp310-manylinux2014_x86_64.manylinux_2_17_x86_64.manylinux_2_28_x86_64.whl (271 kB)
Using cached idna-3.20-py3-none-any.whl (69 kB)
Using cached urllib3-2.8.0-py3-none-any.whl (135 kB)
Using cached certifi-2026.7.22-py3-none-any.whl (136 kB)
Using cached sympy-1.14.0-py3-none-any.whl (6.3 MB)
Using cached mpmath-1.3.0-py3-none-any.whl (536 kB)
Using cached typing_extensions-4.16.0-py3-none-any.whl (45 kB)
Installing collected packages: mpmath, urllib3, typing-extensions, sympy, pillow, networkx, MarkupSafe, idna, fsspec, filelock, charset_normalizer, certifi, triton, requests, jinja2, torch, torchvision, torchaudio

Successfully installed MarkupSafe-3.0.4 certifi-2026.7.22 charset_normalizer-3.5.2 filelock-4.0.10 fsspec-2026.9.0 idna-3.20 jinja2-3.1.6 mpmath-1.3.0 networkx-3.4.2 pillow-12.3.0 requests-2.34.2 sympy-1.14.0 torch-2.1.2+cu118 torchaudio-2.1.2+cu118 torchvision-0.16.2+cu118 triton-2.1.0 typing-extensions-4.16.0 urllib3-2.8.0
[INFO] Running: pip install numpy<2 plyfile==0.8.1 tqdm imageio==2.27.0 opencv-python imageio-ffmpeg scipy dearpygui lpips
Requirement already satisfied: numpy<2 in /mnt/hpccs01/home/n11585382/.conda/envs/UW-GS/lib/python3.10/site-packages (1.26.4)
Collecting plyfile==0.8.1
  Using cached plyfile-0.8.1-py3-none-any.whl.metadata (21 kB)
Collecting tqdm
  Using cached tqdm-4.70.1-py3-none-any.whl.metadata (57 kB)
Collecting imageio==2.27.0
  Using cached imageio-2.27.0-py3-none-any.whl.metadata (4.8 kB)
Collecting opencv-python
  Using cached opencv_python-5.0.0.93-cp37-abi3-manylinux_2_28_x86_64.whl.metadata (19 kB)
Collecting imageio-ffmpeg
  Using cached imageio_ffmpeg-0.6.0-py3-none-manylinux2014_x86_64.whl.metadata (1.5 kB)
Collecting scipy
  Using cached scipy-1.15.3-cp310-cp310-manylinux_2_17_x86_64.manylinux2014_x86_64.whl.metadata (61 kB)
Collecting dearpygui
  Using cached dearpygui-2.3.1-cp310-cp310-manylinux1_x86_64.whl.metadata (13 kB)
Collecting lpips
  Using cached lpips-0.1.4-py3-none-any.whl.metadata (10 kB)
Requirement already satisfied: pillow>=8.3.2 in /mnt/hpccs01/home/n11585382/.conda/envs/UW-GS/lib/python3.10/site-packages (from imageio==2.27.0) (12.3.0)
INFO: pip is looking at multiple versions of opencv-python to determine which version is compatible with other requirements. This could take a while.
Collecting opencv-python
  Using cached opencv_python-4.14.0.94-cp37-abi3-manylinux_2_28_x86_64.whl.metadata (19 kB)
  Using cached opencv_python-4.13.0.92-cp37-abi3-manylinux_2_28_x86_64.whl.metadata (19 kB)
  Using cached opencv_python-4.13.0.90-cp37-abi3-manylinux_2_28_x86_64.whl.metadata (19 kB)
  Using cached opencv_python-4.12.0.88-cp37-abi3-manylinux2014_x86_64.manylinux_2_17_x86_64.whl.metadata (19 kB)
  Using cached opencv_python-4.11.0.86-cp37-abi3-manylinux_2_17_x86_64.manylinux2014_x86_64.whl.metadata (20 kB)
Requirement already satisfied: torch>=0.4.0 in /mnt/hpccs01/home/n11585382/.conda/envs/UW-GS/lib/python3.10/site-packages (from lpips) (2.1.2+cu118)
Requirement already satisfied: torchvision>=0.2.1 in /mnt/hpccs01/home/n11585382/.conda/envs/UW-GS/lib/python3.10/site-packages (from lpips) (0.16.2+cu118)
Requirement already satisfied: filelock in /mnt/hpccs01/home/n11585382/.conda/envs/UW-GS/lib/python3.10/site-packages (from torch>=0.4.0->lpips) (4.0.10)
Requirement already satisfied: typing-extensions in /mnt/hpccs01/home/n11585382/.conda/envs/UW-GS/lib/python3.10/site-packages (from torch>=0.4.0->lpips) (4.16.0)
Requirement already satisfied: sympy in /mnt/hpccs01/home/n11585382/.conda/envs/UW-GS/lib/python3.10/site-packages (from torch>=0.4.0->lpips) (1.14.0)
Requirement already satisfied: networkx in /mnt/hpccs01/home/n11585382/.conda/envs/UW-GS/lib/python3.10/site-packages (from torch>=0.4.0->lpips) (3.4.2)
Requirement already satisfied: jinja2 in /mnt/hpccs01/home/n11585382/.conda/envs/UW-GS/lib/python3.10/site-packages (from torch>=0.4.0->lpips) (3.1.6)
Requirement already satisfied: fsspec in /mnt/hpccs01/home/n11585382/.conda/envs/UW-GS/lib/python3.10/site-packages (from torch>=0.4.0->lpips) (2026.9.0)
Requirement already satisfied: triton==2.1.0 in /mnt/hpccs01/home/n11585382/.conda/envs/UW-GS/lib/python3.10/site-packages (from torch>=0.4.0->lpips) (2.1.0)
Requirement already satisfied: requests in /mnt/hpccs01/home/n11585382/.conda/envs/UW-GS/lib/python3.10/site-packages (from torchvision>=0.2.1->lpips) (2.34.2)
Requirement already satisfied: MarkupSafe>=2.0 in /mnt/hpccs01/home/n11585382/.conda/envs/UW-GS/lib/python3.10/site-packages (from jinja2->torch>=0.4.0->lpips) (3.0.4)
Requirement already satisfied: charset_normalizer<4,>=2 in /mnt/hpccs01/home/n11585382/.conda/envs/UW-GS/lib/python3.10/site-packages (from requests->torchvision>=0.2.1->lpips) (3.5.2)
Requirement already satisfied: idna<4,>=2.5 in /mnt/hpccs01/home/n11585382/.conda/envs/UW-GS/lib/python3.10/site-packages (from requests->torchvision>=0.2.1->lpips) (3.20)
Requirement already satisfied: urllib3<3,>=1.26 in /mnt/hpccs01/home/n11585382/.conda/envs/UW-GS/lib/python3.10/site-packages (from requests->torchvision>=0.2.1->lpips) (2.8.0)
Requirement already satisfied: certifi>=2023.5.7 in /mnt/hpccs01/home/n11585382/.conda/envs/UW-GS/lib/python3.10/site-packages (from requests->torchvision>=0.2.1->lpips) (2026.7.22)
Requirement already satisfied: mpmath<1.4,>=1.1.0 in /mnt/hpccs01/home/n11585382/.conda/envs/UW-GS/lib/python3.10/site-packages (from sympy->torch>=0.4.0->lpips) (1.3.0)
Using cached plyfile-0.8.1-py3-none-any.whl (28 kB)
Using cached imageio-2.27.0-py3-none-any.whl (3.4 MB)
Using cached tqdm-4.70.1-py3-none-any.whl (80 kB)
Using cached opencv_python-4.11.0.86-cp37-abi3-manylinux_2_17_x86_64.manylinux2014_x86_64.whl (63.0 MB)
Using cached imageio_ffmpeg-0.6.0-py3-none-manylinux2014_x86_64.whl (29.5 MB)
Using cached scipy-1.15.3-cp310-cp310-manylinux_2_17_x86_64.manylinux2014_x86_64.whl (37.7 MB)
Using cached dearpygui-2.3.1-cp310-cp310-manylinux1_x86_64.whl (2.7 MB)
Using cached lpips-0.1.4-py3-none-any.whl (53 kB)
Installing collected packages: tqdm, scipy, plyfile, opencv-python, imageio-ffmpeg, imageio, dearpygui, lpips

Successfully installed dearpygui-2.3.1 imageio-2.27.0 imageio-ffmpeg-0.6.0 lpips-0.1.4 opencv-python-4.11.0.86 plyfile-0.8.1 scipy-1.15.3 tqdm-4.70.1
[INFO] Running: pip install /mnt/hpccs01/home/n11585382/EUAPGM7346/UMP/Codebase/3DGS-Water-Approaches/Additional/UW-GS-main/submodules/diff-gaussian-rasterization --no-build-isolation --force-reinstall --no-deps
Processing ./Codebase/3DGS-Water-Approaches/Additional/UW-GS-main/submodules/diff-gaussian-rasterization
  Preparing metadata (pyproject.toml): started
  Preparing metadata (pyproject.toml): finished with status 'done'
Building wheels for collected packages: diff_gaussian_rasterization
  Building wheel for diff_gaussian_rasterization (pyproject.toml): started
  Building wheel for diff_gaussian_rasterization (pyproject.toml): finished with status 'done'
  Created wheel for diff_gaussian_rasterization: filename=diff_gaussian_rasterization-0.0.0-cp310-cp310-linux_x86_64.whl size=479640 sha256=13526e4bd1286d1992bdfb30b21addcdbd1a99026ffa9fc6017a3777c32d6884
  Stored in directory: /tmp/pbs.26342207.aqua/pip-ephem-wheel-cache-ojl227sp/wheels/40/da/cb/45b42437f2d008e06d133e11336cef6fc6afe343eecb636a0c
Successfully built diff_gaussian_rasterization
Installing collected packages: diff_gaussian_rasterization
Successfully installed diff_gaussian_rasterization-0.0.0
[INFO] Running: pip install /mnt/hpccs01/home/n11585382/EUAPGM7346/UMP/Codebase/3DGS-Water-Approaches/Additional/UW-GS-main/submodules/simple-knn --no-build-isolation
Processing ./Codebase/3DGS-Water-Approaches/Additional/UW-GS-main/submodules/simple-knn
  Preparing metadata (pyproject.toml): started
  Preparing metadata (pyproject.toml): finished with status 'done'
Building wheels for collected packages: simple_knn
  Building wheel for simple_knn (pyproject.toml): started
  Building wheel for simple_knn (pyproject.toml): finished with status 'done'
  Created wheel for simple_knn: filename=simple_knn-0.0.0-cp310-cp310-linux_x86_64.whl size=534915 sha256=6141bea0a3593edf965a58de99751a97f3d9a62d3416ab86dcd470e9130c0698
  Stored in directory: /tmp/pbs.26342207.aqua/pip-ephem-wheel-cache-4322x1b1/wheels/57/74/ef/fbe56bc745e409ca15d928a459d7d3e5bc8a79022a668e5bcc
Successfully built simple_knn
Installing collected packages: simple_knn
Successfully installed simple_knn-0.0.0
[SUCCESS] Environment 'UW-GS' successfully provisioned.

======================================================================
 Setup Execution Completed Successfully
======================================================================
======================================================================
 Provisioning Conda Environment: sugar
======================================================================
[INFO] 3DGS & OSCD Automation Setup Script Initialized
[INFO] Repository root: /mnt/hpccs01/home/n11585382/EUAPGM7346/UMP

======================================================================
 Provisioning Conda Environment: sugar (Python 3.9, PyTorch 2.0.1, PyTorch3D)
======================================================================
[INFO] Submodule verified: submodules/diff-gaussian-rasterization
[INFO] Submodule verified: submodules/simple-knn
[INFO] Recreating Conda environment 'sugar' (requested python=3.9, existing python=3.11)...
[INFO] Running: conda env remove -n sugar -y

Remove all packages in environment /home/n11585382/.conda/envs/sugar:

[INFO] Creating fresh Conda environment 'sugar'...
[INFO] Running: conda create -n sugar python=3.9 -y
Channels:
 - defaults
Platform: linux-64
Collecting package metadata (repodata.json): ...working... done
Solving environment: ...working... done

## Package Plan ##

  environment location: /home/n11585382/.conda/envs/sugar

  added / updated specs:
    - python=3.9


The following NEW packages will be INSTALLED:

  _libgcc_mutex      pkgs/main/linux-64::_libgcc_mutex-0.1-main 
  _openmp_mutex      pkgs/main/linux-64::_openmp_mutex-5.1-52_gnu 
  bzip2              pkgs/main/linux-64::bzip2-1.0.8-h5eee18b_6 
  ca-certificates    pkgs/main/linux-64::ca-certificates-2026.9.25-h06a4308_0 
  expat              pkgs/main/linux-64::expat-2.8.5-h7354ed3_1 
  ld_impl_linux-64   pkgs/main/linux-64::ld_impl_linux-64-2.44-h9e0c5a2_3 
  libexpat           pkgs/main/linux-64::libexpat-2.8.5-h7354ed3_1 
  libffi             pkgs/main/linux-64::libffi-3.4.8-h06d3fd0_3 
  libgcc             pkgs/main/linux-64::libgcc-15.2.0-h69a1729_8 
  libgcc-ng          pkgs/main/linux-64::libgcc-ng-15.2.0-h166f726_8 
  libnsl             pkgs/main/linux-64::libnsl-2.0.0-h5eee18b_0 
  libstdcxx          pkgs/main/linux-64::libstdcxx-15.2.0-h39759b7_8 
  libuuid            pkgs/main/linux-64::libuuid-1.41.5-h5eee18b_0 
  libxcb             pkgs/main/linux-64::libxcb-1.17.0-h9b100fa_0 
  libzlib            pkgs/main/linux-64::libzlib-1.3.2-h47b2149_0 
  ncurses            pkgs/main/linux-64::ncurses-6.6-hfaaeb4e_0 
  openssl            pkgs/main/linux-64::openssl-3.5.9-h1b28b03_0 
  pip                pkgs/main/noarch::pip-26.0.1-pyhc872135_1 
  pthread-stubs      pkgs/main/linux-64::pthread-stubs-0.3-h47b2149_2 
  python             pkgs/main/linux-64::python-3.9.25-h0dcde21_1 
  readline           pkgs/main/linux-64::readline-8.3-hc2a1206_0 
  setuptools         pkgs/main/linux-64::setuptools-80.9.0-py39h06a4308_0 
  sqlite             pkgs/main/linux-64::sqlite-3.53.4-h795bf6d_0 
  tk                 pkgs/main/linux-64::tk-8.6.15-h54e0aa7_0 
  tzdata             pkgs/main/noarch::tzdata-2026c-he532380_0 
  wheel              pkgs/main/linux-64::wheel-0.45.1-py39h06a4308_0 
  xorg-libx11        pkgs/main/linux-64::xorg-libx11-1.8.13-h65de747_0 
  xorg-libxau        pkgs/main/linux-64::xorg-libxau-1.0.12-h9b100fa_0 
  xorg-libxdmcp      pkgs/main/linux-64::xorg-libxdmcp-1.1.5-h9b100fa_0 
  xorg-xorgproto     pkgs/main/linux-64::xorg-xorgproto-2025.1-h47b2149_0 
  xz                 pkgs/main/linux-64::xz-5.8.4-h140a991_0 
  zlib               pkgs/main/linux-64::zlib-1.3.2-h47b2149_0 



Downloading and Extracting Packages: ...working... done
Preparing transaction: ...working... done
Verifying transaction: ...working... done
Executing transaction: ...working... done
#
# To activate this environment, use
#
#     $ conda activate sugar
#
# To deactivate an active environment, use
#
#     $ conda deactivate

[INFO] Active environment: sugar
[INFO] Running: pip install --upgrade pip ninja
Requirement already satisfied: pip in /mnt/hpccs01/home/n11585382/.conda/envs/sugar/lib/python3.9/site-packages (26.0.1)
Collecting ninja
  Using cached ninja-1.13.2-py3-none-manylinux2014_x86_64.manylinux_2_17_x86_64.whl.metadata (5.4 kB)
Using cached ninja-1.13.2-py3-none-manylinux2014_x86_64.manylinux_2_17_x86_64.whl (183 kB)
Installing collected packages: ninja
Successfully installed ninja-1.13.2
[INFO] Running: pip install setuptools<70.0.0 wheel
Collecting setuptools<70.0.0
  Using cached setuptools-69.5.1-py3-none-any.whl.metadata (6.2 kB)
Requirement already satisfied: wheel in /mnt/hpccs01/home/n11585382/.conda/envs/sugar/lib/python3.9/site-packages (0.45.1)
Using cached setuptools-69.5.1-py3-none-any.whl (894 kB)
Installing collected packages: setuptools
  Attempting uninstall: setuptools
    Found existing installation: setuptools 80.9.0
    Uninstalling setuptools-80.9.0:
      Successfully uninstalled setuptools-80.9.0
Successfully installed setuptools-69.5.1
[INFO] Installing PyTorch 2.0.1 (CUDA 11.8) and PyTorch3D in 'sugar'...
[INFO] Running: pip install torch==2.0.1+cu118 torchvision==0.15.2+cu118 torchaudio==2.0.2+cu118 --extra-index-url https://download.pytorch.org/whl/cu118
Looking in indexes: https://pypi.org/simple, https://download.pytorch.org/whl/cu118
Collecting torch==2.0.1+cu118
  Downloading https://download-r2.pytorch.org/whl/cu118/torch-2.0.1%2Bcu118-cp39-cp39-linux_x86_64.whl (2267.3 MB)
     ━━━━━━━━━━━━━━━━━━━━━━━━━━━━━━━━━━━━━━━━ 2.3/2.3 GB 69.2 MB/s  0:00:12
Collecting torchvision==0.15.2+cu118
  Downloading https://download-r2.pytorch.org/whl/cu118/torchvision-0.15.2%2Bcu118-cp39-cp39-linux_x86_64.whl (6.1 MB)
     ━━━━━━━━━━━━━━━━━━━━━━━━━━━━━━━━━━━━━━━━ 6.1/6.1 MB 23.5 MB/s  0:00:00
Collecting torchaudio==2.0.2+cu118
  Downloading https://download-r2.pytorch.org/whl/cu118/torchaudio-2.0.2%2Bcu118-cp39-cp39-linux_x86_64.whl (4.4 MB)
     ━━━━━━━━━━━━━━━━━━━━━━━━━━━━━━━━━━━━━━━━ 4.4/4.4 MB 25.5 MB/s  0:00:00
Collecting filelock (from torch==2.0.1+cu118)
  Downloading filelock-3.19.1-py3-none-any.whl.metadata (2.1 kB)
Collecting typing-extensions (from torch==2.0.1+cu118)
  Using cached typing_extensions-4.16.0-py3-none-any.whl.metadata (3.3 kB)
Collecting sympy (from torch==2.0.1+cu118)
  Using cached sympy-1.14.0-py3-none-any.whl.metadata (12 kB)
Collecting networkx (from torch==2.0.1+cu118)
  Downloading networkx-3.2.1-py3-none-any.whl.metadata (5.2 kB)
Collecting jinja2 (from torch==2.0.1+cu118)
  Using cached https://download.pytorch.org/whl/jinja2-3.1.6-py3-none-any.whl.metadata (2.9 kB)
Collecting triton==2.0.0 (from torch==2.0.1+cu118)
  Downloading https://download-r2.pytorch.org/whl/triton-2.0.0-1-cp39-cp39-manylinux2014_x86_64.manylinux_2_17_x86_64.whl (63.3 MB)
     ━━━━━━━━━━━━━━━━━━━━━━━━━━━━━━━━━━━━━━━━ 63.3/63.3 MB 139.5 MB/s  0:00:00
Collecting numpy (from torchvision==0.15.2+cu118)
  Using cached numpy-2.0.2-cp39-cp39-manylinux_2_17_x86_64.manylinux2014_x86_64.whl.metadata (60 kB)
Collecting requests (from torchvision==0.15.2+cu118)
  Using cached requests-2.32.5-py3-none-any.whl.metadata (4.9 kB)
Collecting pillow!=8.3.*,>=5.3.0 (from torchvision==0.15.2+cu118)
  Using cached pillow-11.3.0-cp39-cp39-manylinux_2_27_x86_64.manylinux_2_28_x86_64.whl.metadata (9.0 kB)
Collecting cmake (from triton==2.0.0->torch==2.0.1+cu118)
  Using cached cmake-4.4.3-py3-none-manylinux2014_x86_64.manylinux_2_17_x86_64.whl.metadata (7.0 kB)
Collecting lit (from triton==2.0.0->torch==2.0.1+cu118)
  Downloading lit-23.1.2-py3-none-any.whl.metadata (2.7 kB)
Collecting MarkupSafe>=2.0 (from jinja2->torch==2.0.1+cu118)
  Using cached markupsafe-3.0.4-cp39-cp39-manylinux2014_x86_64.manylinux_2_17_x86_64.manylinux_2_28_x86_64.whl.metadata (2.7 kB)
Collecting charset_normalizer<4,>=2 (from requests->torchvision==0.15.2+cu118)
  Using cached charset_normalizer-3.5.2-cp39-cp39-manylinux2014_x86_64.manylinux_2_17_x86_64.manylinux_2_28_x86_64.whl.metadata (46 kB)
Collecting idna<4,>=2.5 (from requests->torchvision==0.15.2+cu118)
  Using cached idna-3.20-py3-none-any.whl.metadata (7.2 kB)
Collecting urllib3<3,>=1.21.1 (from requests->torchvision==0.15.2+cu118)
  Using cached urllib3-2.6.3-py3-none-any.whl.metadata (6.9 kB)
Collecting certifi>=2017.4.17 (from requests->torchvision==0.15.2+cu118)
  Using cached certifi-2026.7.22-py3-none-any.whl.metadata (2.5 kB)
Collecting mpmath<1.4,>=1.1.0 (from sympy->torch==2.0.1+cu118)
  Using cached mpmath-1.3.0-py3-none-any.whl.metadata (8.6 kB)
Using cached pillow-11.3.0-cp39-cp39-manylinux_2_27_x86_64.manylinux_2_28_x86_64.whl (6.6 MB)
Using cached cmake-4.4.3-py3-none-manylinux2014_x86_64.manylinux_2_17_x86_64.whl (30.2 MB)
Downloading filelock-3.19.1-py3-none-any.whl (15 kB)
Using cached https://download.pytorch.org/whl/jinja2-3.1.6-py3-none-any.whl (134 kB)
Using cached markupsafe-3.0.4-cp39-cp39-manylinux2014_x86_64.manylinux_2_17_x86_64.manylinux_2_28_x86_64.whl (20 kB)
Downloading lit-23.1.2-py3-none-any.whl (111 kB)
Downloading networkx-3.2.1-py3-none-any.whl (1.6 MB)
   ━━━━━━━━━━━━━━━━━━━━━━━━━━━━━━━━━━━━━━━━ 1.6/1.6 MB 35.7 MB/s  0:00:00
Using cached numpy-2.0.2-cp39-cp39-manylinux_2_17_x86_64.manylinux2014_x86_64.whl (19.5 MB)
Using cached requests-2.32.5-py3-none-any.whl (64 kB)
Using cached charset_normalizer-3.5.2-cp39-cp39-manylinux2014_x86_64.manylinux_2_17_x86_64.manylinux_2_28_x86_64.whl (271 kB)
Using cached idna-3.20-py3-none-any.whl (69 kB)
Using cached urllib3-2.6.3-py3-none-any.whl (131 kB)
Using cached certifi-2026.7.22-py3-none-any.whl (136 kB)
Using cached sympy-1.14.0-py3-none-any.whl (6.3 MB)
Using cached mpmath-1.3.0-py3-none-any.whl (536 kB)
Using cached typing_extensions-4.16.0-py3-none-any.whl (45 kB)
Installing collected packages: mpmath, lit, urllib3, typing-extensions, sympy, pillow, numpy, networkx, MarkupSafe, idna, filelock, cmake, charset_normalizer, certifi, requests, jinja2, triton, torch, torchvision, torchaudio

Successfully installed MarkupSafe-3.0.4 certifi-2026.7.22 charset_normalizer-3.5.2 cmake-4.4.3 filelock-3.19.1 idna-3.20 jinja2-3.1.6 lit-23.1.2 mpmath-1.3.0 networkx-3.2.1 numpy-2.0.2 pillow-11.3.0 requests-2.32.5 sympy-1.14.0 torch-2.0.1+cu118 torchaudio-2.0.2+cu118 torchvision-0.15.2+cu118 triton-2.0.0 typing-extensions-4.16.0 urllib3-2.6.3
[INFO] Running: pip install fvcore iopath
Collecting fvcore
  Downloading fvcore-0.1.5.post20221221.tar.gz (50 kB)
  Installing build dependencies: started
  Installing build dependencies: finished with status 'done'
  Getting requirements to build wheel: started
  Getting requirements to build wheel: finished with status 'done'
  Preparing metadata (pyproject.toml): started
  Preparing metadata (pyproject.toml): finished with status 'done'
Collecting iopath
  Downloading iopath-0.1.10.tar.gz (42 kB)
  Installing build dependencies: started
  Installing build dependencies: finished with status 'done'
  Getting requirements to build wheel: started
  Getting requirements to build wheel: finished with status 'done'
  Preparing metadata (pyproject.toml): started
  Preparing metadata (pyproject.toml): finished with status 'done'
Requirement already satisfied: numpy in /mnt/hpccs01/home/n11585382/.conda/envs/sugar/lib/python3.9/site-packages (from fvcore) (2.0.2)
Collecting yacs>=0.1.6 (from fvcore)
  Downloading yacs-0.1.8-py3-none-any.whl.metadata (639 bytes)
Collecting pyyaml>=5.1 (from fvcore)
  Using cached pyyaml-6.0.3-cp39-cp39-manylinux2014_x86_64.manylinux_2_17_x86_64.manylinux_2_28_x86_64.whl.metadata (2.4 kB)
Collecting tqdm (from fvcore)
  Using cached tqdm-4.70.1-py3-none-any.whl.metadata (57 kB)
Collecting termcolor>=1.1 (from fvcore)
  Downloading termcolor-3.1.0-py3-none-any.whl.metadata (6.4 kB)
Requirement already satisfied: Pillow in /mnt/hpccs01/home/n11585382/.conda/envs/sugar/lib/python3.9/site-packages (from fvcore) (11.3.0)
Collecting tabulate (from fvcore)
  Downloading tabulate-0.9.0-py3-none-any.whl.metadata (34 kB)
Requirement already satisfied: typing_extensions in /mnt/hpccs01/home/n11585382/.conda/envs/sugar/lib/python3.9/site-packages (from iopath) (4.16.0)
Collecting portalocker (from iopath)
  Downloading portalocker-3.2.0-py3-none-any.whl.metadata (8.7 kB)
Using cached pyyaml-6.0.3-cp39-cp39-manylinux2014_x86_64.manylinux_2_17_x86_64.manylinux_2_28_x86_64.whl (750 kB)
Downloading termcolor-3.1.0-py3-none-any.whl (7.7 kB)
Downloading yacs-0.1.8-py3-none-any.whl (14 kB)
Downloading portalocker-3.2.0-py3-none-any.whl (22 kB)
Downloading tabulate-0.9.0-py3-none-any.whl (35 kB)
Using cached tqdm-4.70.1-py3-none-any.whl (80 kB)
Building wheels for collected packages: fvcore, iopath
  Building wheel for fvcore (pyproject.toml): started
  Building wheel for fvcore (pyproject.toml): finished with status 'done'
  Created wheel for fvcore: filename=fvcore-0.1.5.post20221221-py3-none-any.whl size=61443 sha256=ce6d3e59c6490ec2bf165830efade8590a90aee3ef5273be982f279a4b7d57c5
  Stored in directory: /mnt/hpccs01/home/n11585382/.cache/pip/wheels/83/42/02/66178d16e5c44dc26d309931834956baeda371956e86fbd876
  Building wheel for iopath (pyproject.toml): started
  Building wheel for iopath (pyproject.toml): finished with status 'done'
  Created wheel for iopath: filename=iopath-0.1.10-py3-none-any.whl size=31596 sha256=a89196124564c5ec648146e9d69f1bf329f847c38c79be8c260a491b226f927d
  Stored in directory: /mnt/hpccs01/home/n11585382/.cache/pip/wheels/c1/13/6d/441d8f2af76ee6d2a3e67eebb1d0c556fefcee0a8b32266a8e
Successfully built fvcore iopath
Installing collected packages: tqdm, termcolor, tabulate, pyyaml, portalocker, yacs, iopath, fvcore

Successfully installed fvcore-0.1.5.post20221221 iopath-0.1.10 portalocker-3.2.0 pyyaml-6.0.3 tabulate-0.9.0 termcolor-3.1.0 tqdm-4.70.1 yacs-0.1.8
[INFO] Running: pip install --no-index --no-cache-dir pytorch3d -f https://dl.fbaipublicfiles.com/pytorch3d/packaging/wheels/py39_cu118_pyt201/download.html
Looking in links: https://dl.fbaipublicfiles.com/pytorch3d/packaging/wheels/py39_cu118_pyt201/download.html
Collecting pytorch3d
  Downloading https://dl.fbaipublicfiles.com/pytorch3d/packaging/wheels/py39_cu118_pyt201/pytorch3d-0.7.4-cp39-cp39-linux_x86_64.whl (20.1 MB)
     ━━━━━━━━━━━━━━━━━━━━━━━━━━━━━━━━━━━━━━━━ 20.1/20.1 MB 17.7 MB/s  0:00:01
Requirement already satisfied: fvcore in /mnt/hpccs01/home/n11585382/.conda/envs/sugar/lib/python3.9/site-packages (from pytorch3d) (0.1.5.post20221221)
Requirement already satisfied: iopath in /mnt/hpccs01/home/n11585382/.conda/envs/sugar/lib/python3.9/site-packages (from pytorch3d) (0.1.10)
Requirement already satisfied: numpy in /mnt/hpccs01/home/n11585382/.conda/envs/sugar/lib/python3.9/site-packages (from fvcore->pytorch3d) (2.0.2)
Requirement already satisfied: yacs>=0.1.6 in /mnt/hpccs01/home/n11585382/.conda/envs/sugar/lib/python3.9/site-packages (from fvcore->pytorch3d) (0.1.8)
Requirement already satisfied: pyyaml>=5.1 in /mnt/hpccs01/home/n11585382/.conda/envs/sugar/lib/python3.9/site-packages (from fvcore->pytorch3d) (6.0.3)
Requirement already satisfied: tqdm in /mnt/hpccs01/home/n11585382/.conda/envs/sugar/lib/python3.9/site-packages (from fvcore->pytorch3d) (4.70.1)
Requirement already satisfied: termcolor>=1.1 in /mnt/hpccs01/home/n11585382/.conda/envs/sugar/lib/python3.9/site-packages (from fvcore->pytorch3d) (3.1.0)
Requirement already satisfied: Pillow in /mnt/hpccs01/home/n11585382/.conda/envs/sugar/lib/python3.9/site-packages (from fvcore->pytorch3d) (11.3.0)
Requirement already satisfied: tabulate in /mnt/hpccs01/home/n11585382/.conda/envs/sugar/lib/python3.9/site-packages (from fvcore->pytorch3d) (0.9.0)
Requirement already satisfied: typing_extensions in /mnt/hpccs01/home/n11585382/.conda/envs/sugar/lib/python3.9/site-packages (from iopath->pytorch3d) (4.16.0)
Requirement already satisfied: portalocker in /mnt/hpccs01/home/n11585382/.conda/envs/sugar/lib/python3.9/site-packages (from iopath->pytorch3d) (3.2.0)
Installing collected packages: pytorch3d
Successfully installed pytorch3d-0.7.4
[INFO] Running: pip install numpy<2 open3d PyMCubes plyfile==0.8.1 rich plotly
Collecting numpy<2
  Using cached numpy-1.26.4-cp39-cp39-manylinux_2_17_x86_64.manylinux2014_x86_64.whl.metadata (61 kB)
Collecting open3d
  Using cached open3d-0.19.0-cp39-cp39-manylinux_2_31_x86_64.whl.metadata (4.3 kB)
Collecting PyMCubes
  Using cached PyMCubes-0.1.6-cp39-cp39-manylinux_2_17_x86_64.manylinux2014_x86_64.whl.metadata (868 bytes)
Collecting plyfile==0.8.1
  Using cached plyfile-0.8.1-py3-none-any.whl.metadata (21 kB)
Collecting rich
  Using cached rich-15.0.0-py3-none-any.whl.metadata (18 kB)
Collecting plotly
  Using cached plotly-7.1.0-py3-none-any.whl.metadata (8.8 kB)
Collecting dash>=2.6.0 (from open3d)
  Using cached dash-4.4.1-py3-none-any.whl.metadata (11 kB)
Collecting werkzeug>=3.0.0 (from open3d)
  Using cached werkzeug-3.1.9-py3-none-any.whl.metadata (4.1 kB)
Collecting flask>=3.0.0 (from open3d)
  Using cached flask-3.1.3-py3-none-any.whl.metadata (3.2 kB)
Collecting nbformat>=5.7.0 (from open3d)
  Using cached nbformat-5.10.4-py3-none-any.whl.metadata (3.6 kB)
Collecting configargparse (from open3d)
  Using cached configargparse-1.8.0-py3-none-any.whl.metadata (23 kB)
Collecting ipywidgets>=8.0.4 (from open3d)
  Using cached ipywidgets-8.1.9-py3-none-any.whl.metadata (2.4 kB)
Collecting addict (from open3d)
  Using cached addict-2.4.0-py3-none-any.whl.metadata (1.0 kB)
Requirement already satisfied: pillow>=9.3.0 in /mnt/hpccs01/home/n11585382/.conda/envs/sugar/lib/python3.9/site-packages (from open3d) (11.3.0)
Collecting matplotlib>=3 (from open3d)
  Using cached matplotlib-3.9.4-cp39-cp39-manylinux_2_17_x86_64.manylinux2014_x86_64.whl.metadata (11 kB)
Collecting pandas>=1.0 (from open3d)
  Using cached pandas-2.3.3-cp39-cp39-manylinux_2_24_x86_64.manylinux_2_28_x86_64.whl.metadata (91 kB)
Requirement already satisfied: pyyaml>=5.4.1 in /mnt/hpccs01/home/n11585382/.conda/envs/sugar/lib/python3.9/site-packages (from open3d) (6.0.3)
Collecting scikit-learn>=0.21 (from open3d)
  Using cached scikit_learn-1.6.1-cp39-cp39-manylinux_2_17_x86_64.manylinux2014_x86_64.whl.metadata (18 kB)
Requirement already satisfied: tqdm in /mnt/hpccs01/home/n11585382/.conda/envs/sugar/lib/python3.9/site-packages (from open3d) (4.70.1)
Collecting pyquaternion (from open3d)
  Using cached pyquaternion-0.9.9-py3-none-any.whl.metadata (1.4 kB)
Collecting scipy>=1.0.0 (from PyMCubes)
  Using cached scipy-1.13.1-cp39-cp39-manylinux_2_17_x86_64.manylinux2014_x86_64.whl.metadata (60 kB)
Collecting markdown-it-py>=2.2.0 (from rich)
  Using cached markdown_it_py-3.0.0-py3-none-any.whl.metadata (6.9 kB)
Collecting pygments<3.0.0,>=2.13.0 (from rich)
  Using cached pygments-2.21.0-py3-none-any.whl.metadata (2.5 kB)
Collecting narwhals>=1.15.1 (from plotly)
  Using cached narwhals-2.21.0-py3-none-any.whl.metadata (16 kB)
Collecting packaging (from plotly)
  Using cached packaging-26.3-py3-none-any.whl.metadata (3.5 kB)
Collecting importlib-metadata (from dash>=2.6.0->open3d)
  Using cached importlib_metadata-8.7.1-py3-none-any.whl.metadata (4.7 kB)
Requirement already satisfied: typing_extensions>=4.1.1 in /mnt/hpccs01/home/n11585382/.conda/envs/sugar/lib/python3.9/site-packages (from dash>=2.6.0->open3d) (4.16.0)
Requirement already satisfied: requests in /mnt/hpccs01/home/n11585382/.conda/envs/sugar/lib/python3.9/site-packages (from dash>=2.6.0->open3d) (2.32.5)
Collecting retrying (from dash>=2.6.0->open3d)
  Using cached retrying-1.4.2-py3-none-any.whl.metadata (5.5 kB)
Collecting nest-asyncio (from dash>=2.6.0->open3d)
  Using cached nest_asyncio-1.6.0-py3-none-any.whl.metadata (2.8 kB)
Requirement already satisfied: setuptools in /mnt/hpccs01/home/n11585382/.conda/envs/sugar/lib/python3.9/site-packages (from dash>=2.6.0->open3d) (69.5.1)
Collecting janus>=1.0.0 (from dash>=2.6.0->open3d)
  Using cached janus-2.0.0-py3-none-any.whl.metadata (5.3 kB)
Collecting pydantic>=2.10 (from dash>=2.6.0->open3d)
  Using cached pydantic-2.13.5-py3-none-any.whl.metadata (110 kB)
Collecting comm (from dash>=2.6.0->open3d)
  Using cached comm-0.2.3-py3-none-any.whl.metadata (3.7 kB)
Collecting blinker>=1.9.0 (from flask>=3.0.0->open3d)
  Using cached blinker-1.9.0-py3-none-any.whl.metadata (1.6 kB)
Collecting click>=8.1.3 (from flask>=3.0.0->open3d)
  Using cached click-8.1.8-py3-none-any.whl.metadata (2.3 kB)
Collecting itsdangerous>=2.2.0 (from flask>=3.0.0->open3d)
  Using cached itsdangerous-2.2.0-py3-none-any.whl.metadata (1.9 kB)
Requirement already satisfied: jinja2>=3.1.2 in /mnt/hpccs01/home/n11585382/.conda/envs/sugar/lib/python3.9/site-packages (from flask>=3.0.0->open3d) (3.1.6)
Requirement already satisfied: markupsafe>=2.1.1 in /mnt/hpccs01/home/n11585382/.conda/envs/sugar/lib/python3.9/site-packages (from flask>=3.0.0->open3d) (3.0.4)
Collecting zipp>=3.20 (from importlib-metadata->dash>=2.6.0->open3d)
  Using cached zipp-3.23.1-py3-none-any.whl.metadata (3.6 kB)
Collecting ipython>=6.1.0 (from ipywidgets>=8.0.4->open3d)
  Using cached ipython-8.18.1-py3-none-any.whl.metadata (6.0 kB)
Collecting traitlets>=4.3.1 (from ipywidgets>=8.0.4->open3d)
  Using cached traitlets-5.15.1-py3-none-any.whl.metadata (10 kB)
Collecting widgetsnbextension~=4.0.16 (from ipywidgets>=8.0.4->open3d)
  Using cached widgetsnbextension-4.0.16-py3-none-any.whl.metadata (1.6 kB)
Collecting jupyterlab_widgets~=3.0.17 (from ipywidgets>=8.0.4->open3d)
  Using cached jupyterlab_widgets-3.0.17-py3-none-any.whl.metadata (20 kB)
Collecting decorator (from ipython>=6.1.0->ipywidgets>=8.0.4->open3d)
  Using cached decorator-5.3.1-py3-none-any.whl.metadata (3.9 kB)
Collecting jedi>=0.16 (from ipython>=6.1.0->ipywidgets>=8.0.4->open3d)
  Using cached jedi-0.19.2-py2.py3-none-any.whl.metadata (22 kB)
Collecting matplotlib-inline (from ipython>=6.1.0->ipywidgets>=8.0.4->open3d)
  Using cached matplotlib_inline-0.2.2-py3-none-any.whl.metadata (2.4 kB)
Collecting prompt-toolkit<3.1.0,>=3.0.41 (from ipython>=6.1.0->ipywidgets>=8.0.4->open3d)
  Using cached prompt_toolkit-3.0.52-py3-none-any.whl.metadata (6.4 kB)
Collecting stack-data (from ipython>=6.1.0->ipywidgets>=8.0.4->open3d)
  Using cached stack_data-0.6.3-py3-none-any.whl.metadata (18 kB)
Collecting exceptiongroup (from ipython>=6.1.0->ipywidgets>=8.0.4->open3d)
  Using cached exceptiongroup-1.3.1-py3-none-any.whl.metadata (6.7 kB)
Collecting pexpect>4.3 (from ipython>=6.1.0->ipywidgets>=8.0.4->open3d)
  Using cached pexpect-4.9.0-py2.py3-none-any.whl.metadata (2.5 kB)
Collecting wcwidth (from prompt-toolkit<3.1.0,>=3.0.41->ipython>=6.1.0->ipywidgets>=8.0.4->open3d)
  Using cached wcwidth-0.9.1-py3-none-any.whl.metadata (23 kB)
Collecting parso<0.9.0,>=0.8.4 (from jedi>=0.16->ipython>=6.1.0->ipywidgets>=8.0.4->open3d)
  Using cached parso-0.8.7-py2.py3-none-any.whl.metadata (8.2 kB)
Collecting mdurl~=0.1 (from markdown-it-py>=2.2.0->rich)
  Using cached mdurl-0.1.2-py3-none-any.whl.metadata (1.6 kB)
Collecting contourpy>=1.0.1 (from matplotlib>=3->open3d)
  Using cached contourpy-1.3.0-cp39-cp39-manylinux_2_17_x86_64.manylinux2014_x86_64.whl.metadata (5.4 kB)
Collecting cycler>=0.10 (from matplotlib>=3->open3d)
  Using cached cycler-0.12.1-py3-none-any.whl.metadata (3.8 kB)
Collecting fonttools>=4.22.0 (from matplotlib>=3->open3d)
  Using cached fonttools-4.60.2-cp39-cp39-manylinux2014_x86_64.manylinux_2_17_x86_64.whl.metadata (113 kB)
Collecting kiwisolver>=1.3.1 (from matplotlib>=3->open3d)
  Using cached kiwisolver-1.4.7-cp39-cp39-manylinux_2_12_x86_64.manylinux2010_x86_64.whl.metadata (6.3 kB)
Collecting pyparsing>=2.3.1 (from matplotlib>=3->open3d)
  Using cached pyparsing-3.3.3-py3-none-any.whl.metadata (5.9 kB)
Collecting python-dateutil>=2.7 (from matplotlib>=3->open3d)
  Using cached python_dateutil-2.9.0.post0-py2.py3-none-any.whl.metadata (8.4 kB)
Collecting importlib-resources>=3.2.0 (from matplotlib>=3->open3d)
  Using cached importlib_resources-6.5.2-py3-none-any.whl.metadata (3.9 kB)
Collecting fastjsonschema>=2.15 (from nbformat>=5.7.0->open3d)
  Using cached fastjsonschema-2.21.2-py3-none-any.whl.metadata (2.3 kB)
Collecting jsonschema>=2.6 (from nbformat>=5.7.0->open3d)
  Using cached jsonschema-4.25.1-py3-none-any.whl.metadata (7.6 kB)
Collecting jupyter-core!=5.0.*,>=4.12 (from nbformat>=5.7.0->open3d)
  Using cached jupyter_core-5.8.1-py3-none-any.whl.metadata (1.6 kB)
Collecting attrs>=22.2.0 (from jsonschema>=2.6->nbformat>=5.7.0->open3d)
  Using cached attrs-26.1.0-py3-none-any.whl.metadata (8.8 kB)
Collecting jsonschema-specifications>=2023.03.6 (from jsonschema>=2.6->nbformat>=5.7.0->open3d)
  Using cached jsonschema_specifications-2025.9.1-py3-none-any.whl.metadata (2.9 kB)
Collecting referencing>=0.28.4 (from jsonschema>=2.6->nbformat>=5.7.0->open3d)
  Using cached referencing-0.36.2-py3-none-any.whl.metadata (2.8 kB)
Collecting rpds-py>=0.7.1 (from jsonschema>=2.6->nbformat>=5.7.0->open3d)
  Using cached rpds_py-0.27.1-cp39-cp39-manylinux_2_17_x86_64.manylinux2014_x86_64.whl.metadata (4.2 kB)
Collecting platformdirs>=2.5 (from jupyter-core!=5.0.*,>=4.12->nbformat>=5.7.0->open3d)
  Using cached platformdirs-4.4.0-py3-none-any.whl.metadata (12 kB)
Collecting pytz>=2020.1 (from pandas>=1.0->open3d)
  Using cached pytz-2026.5-py2.py3-none-any.whl.metadata (22 kB)
Collecting tzdata>=2022.7 (from pandas>=1.0->open3d)
  Using cached tzdata-2026.5-py2.py3-none-any.whl.metadata (1.4 kB)
Collecting ptyprocess>=0.5 (from pexpect>4.3->ipython>=6.1.0->ipywidgets>=8.0.4->open3d)
  Using cached ptyprocess-0.7.0-py2.py3-none-any.whl.metadata (1.3 kB)
Collecting annotated-types>=0.6.0 (from pydantic>=2.10->dash>=2.6.0->open3d)
  Using cached annotated_types-0.7.0-py3-none-any.whl.metadata (15 kB)
Collecting pydantic-core==2.46.5 (from pydantic>=2.10->dash>=2.6.0->open3d)
  Using cached pydantic_core-2.46.5-cp39-cp39-manylinux_2_17_x86_64.manylinux2014_x86_64.whl.metadata (6.6 kB)
Collecting typing-inspection>=0.4.2 (from pydantic>=2.10->dash>=2.6.0->open3d)
  Using cached typing_inspection-0.4.2-py3-none-any.whl.metadata (2.6 kB)
Collecting six>=1.5 (from python-dateutil>=2.7->matplotlib>=3->open3d)
  Using cached six-1.17.0-py2.py3-none-any.whl.metadata (1.7 kB)
Collecting joblib>=1.2.0 (from scikit-learn>=0.21->open3d)
  Using cached joblib-1.5.3-py3-none-any.whl.metadata (5.5 kB)
Collecting threadpoolctl>=3.1.0 (from scikit-learn>=0.21->open3d)
  Using cached threadpoolctl-3.7.0-py3-none-any.whl.metadata (24 kB)
Requirement already satisfied: charset_normalizer<4,>=2 in /mnt/hpccs01/home/n11585382/.conda/envs/sugar/lib/python3.9/site-packages (from requests->dash>=2.6.0->open3d) (3.5.2)
Requirement already satisfied: idna<4,>=2.5 in /mnt/hpccs01/home/n11585382/.conda/envs/sugar/lib/python3.9/site-packages (from requests->dash>=2.6.0->open3d) (3.20)
Requirement already satisfied: urllib3<3,>=1.21.1 in /mnt/hpccs01/home/n11585382/.conda/envs/sugar/lib/python3.9/site-packages (from requests->dash>=2.6.0->open3d) (2.6.3)
Requirement already satisfied: certifi>=2017.4.17 in /mnt/hpccs01/home/n11585382/.conda/envs/sugar/lib/python3.9/site-packages (from requests->dash>=2.6.0->open3d) (2026.7.22)
Collecting executing>=1.2.0 (from stack-data->ipython>=6.1.0->ipywidgets>=8.0.4->open3d)
  Using cached executing-2.2.1-py2.py3-none-any.whl.metadata (8.9 kB)
Collecting asttokens>=2.1.0 (from stack-data->ipython>=6.1.0->ipywidgets>=8.0.4->open3d)
  Using cached asttokens-3.0.2-py3-none-any.whl.metadata (5.7 kB)
Collecting pure-eval (from stack-data->ipython>=6.1.0->ipywidgets>=8.0.4->open3d)
  Using cached pure_eval-0.2.4-py3-none-any.whl.metadata (6.4 kB)
Using cached plyfile-0.8.1-py3-none-any.whl (28 kB)
Using cached numpy-1.26.4-cp39-cp39-manylinux_2_17_x86_64.manylinux2014_x86_64.whl (18.2 MB)
Using cached open3d-0.19.0-cp39-cp39-manylinux_2_31_x86_64.whl (447.7 MB)
Using cached PyMCubes-0.1.6-cp39-cp39-manylinux_2_17_x86_64.manylinux2014_x86_64.whl (320 kB)
Using cached rich-15.0.0-py3-none-any.whl (310 kB)
Using cached pygments-2.21.0-py3-none-any.whl (1.3 MB)
Using cached plotly-7.1.0-py3-none-any.whl (9.7 MB)
Using cached dash-4.4.1-py3-none-any.whl (8.9 MB)
Using cached flask-3.1.3-py3-none-any.whl (103 kB)
Using cached werkzeug-3.1.9-py3-none-any.whl (228 kB)
Using cached blinker-1.9.0-py3-none-any.whl (8.5 kB)
Using cached click-8.1.8-py3-none-any.whl (98 kB)
Using cached importlib_metadata-8.7.1-py3-none-any.whl (27 kB)
Using cached ipywidgets-8.1.9-py3-none-any.whl (140 kB)
Using cached jupyterlab_widgets-3.0.17-py3-none-any.whl (217 kB)
Using cached widgetsnbextension-4.0.16-py3-none-any.whl (2.2 MB)
Using cached comm-0.2.3-py3-none-any.whl (7.3 kB)
Using cached ipython-8.18.1-py3-none-any.whl (808 kB)
Using cached prompt_toolkit-3.0.52-py3-none-any.whl (391 kB)
Using cached itsdangerous-2.2.0-py3-none-any.whl (16 kB)
Using cached janus-2.0.0-py3-none-any.whl (12 kB)
Using cached jedi-0.19.2-py2.py3-none-any.whl (1.6 MB)
Using cached parso-0.8.7-py2.py3-none-any.whl (107 kB)
Using cached markdown_it_py-3.0.0-py3-none-any.whl (87 kB)
Using cached mdurl-0.1.2-py3-none-any.whl (10.0 kB)
Using cached matplotlib-3.9.4-cp39-cp39-manylinux_2_17_x86_64.manylinux2014_x86_64.whl (8.3 MB)
Using cached contourpy-1.3.0-cp39-cp39-manylinux_2_17_x86_64.manylinux2014_x86_64.whl (321 kB)
Using cached cycler-0.12.1-py3-none-any.whl (8.3 kB)
Using cached fonttools-4.60.2-cp39-cp39-manylinux2014_x86_64.manylinux_2_17_x86_64.whl (4.8 MB)
Using cached importlib_resources-6.5.2-py3-none-any.whl (37 kB)
Using cached kiwisolver-1.4.7-cp39-cp39-manylinux_2_12_x86_64.manylinux2010_x86_64.whl (1.6 MB)
Using cached narwhals-2.21.0-py3-none-any.whl (451 kB)
Using cached nbformat-5.10.4-py3-none-any.whl (78 kB)
Using cached fastjsonschema-2.21.2-py3-none-any.whl (24 kB)
Using cached jsonschema-4.25.1-py3-none-any.whl (90 kB)
Using cached attrs-26.1.0-py3-none-any.whl (67 kB)
Using cached jsonschema_specifications-2025.9.1-py3-none-any.whl (18 kB)
Using cached jupyter_core-5.8.1-py3-none-any.whl (28 kB)
Using cached packaging-26.3-py3-none-any.whl (129 kB)
Using cached pandas-2.3.3-cp39-cp39-manylinux_2_24_x86_64.manylinux_2_28_x86_64.whl (12.8 MB)
Using cached pexpect-4.9.0-py2.py3-none-any.whl (63 kB)
Using cached platformdirs-4.4.0-py3-none-any.whl (18 kB)
Using cached ptyprocess-0.7.0-py2.py3-none-any.whl (13 kB)
Using cached pydantic-2.13.5-py3-none-any.whl (472 kB)
Using cached pydantic_core-2.46.5-cp39-cp39-manylinux_2_17_x86_64.manylinux2014_x86_64.whl (2.1 MB)
Using cached annotated_types-0.7.0-py3-none-any.whl (13 kB)
Using cached pyparsing-3.3.3-py3-none-any.whl (126 kB)
Using cached python_dateutil-2.9.0.post0-py2.py3-none-any.whl (229 kB)
Using cached pytz-2026.5-py2.py3-none-any.whl (506 kB)
Using cached referencing-0.36.2-py3-none-any.whl (26 kB)
Using cached rpds_py-0.27.1-cp39-cp39-manylinux_2_17_x86_64.manylinux2014_x86_64.whl (384 kB)
Using cached scikit_learn-1.6.1-cp39-cp39-manylinux_2_17_x86_64.manylinux2014_x86_64.whl (13.5 MB)
Using cached joblib-1.5.3-py3-none-any.whl (309 kB)
Using cached scipy-1.13.1-cp39-cp39-manylinux_2_17_x86_64.manylinux2014_x86_64.whl (38.6 MB)
Using cached six-1.17.0-py2.py3-none-any.whl (11 kB)
Using cached threadpoolctl-3.7.0-py3-none-any.whl (26 kB)
Using cached traitlets-5.15.1-py3-none-any.whl (85 kB)
Using cached typing_inspection-0.4.2-py3-none-any.whl (14 kB)
Using cached tzdata-2026.5-py2.py3-none-any.whl (347 kB)
Using cached zipp-3.23.1-py3-none-any.whl (10 kB)
Using cached addict-2.4.0-py3-none-any.whl (3.8 kB)
Using cached configargparse-1.8.0-py3-none-any.whl (34 kB)
Using cached decorator-5.3.1-py3-none-any.whl (10 kB)
Using cached exceptiongroup-1.3.1-py3-none-any.whl (16 kB)
Using cached matplotlib_inline-0.2.2-py3-none-any.whl (9.5 kB)
Using cached nest_asyncio-1.6.0-py3-none-any.whl (5.2 kB)
Using cached pyquaternion-0.9.9-py3-none-any.whl (14 kB)
Using cached retrying-1.4.2-py3-none-any.whl (10 kB)
Using cached stack_data-0.6.3-py3-none-any.whl (24 kB)
Using cached asttokens-3.0.2-py3-none-any.whl (28 kB)
Using cached executing-2.2.1-py2.py3-none-any.whl (28 kB)
Using cached pure_eval-0.2.4-py3-none-any.whl (11 kB)
Using cached wcwidth-0.9.1-py3-none-any.whl (300 kB)
Installing collected packages: pytz, pure-eval, ptyprocess, fastjsonschema, addict, zipp, widgetsnbextension, werkzeug, wcwidth, tzdata, typing-inspection, traitlets, threadpoolctl, six, rpds-py, retrying, pyparsing, pygments, pydantic-core, platformdirs, pexpect, parso, packaging, numpy, nest-asyncio, narwhals, mdurl, kiwisolver, jupyterlab_widgets, joblib, janus, itsdangerous, fonttools, executing, exceptiongroup, decorator, cycler, configargparse, comm, click, blinker, attrs, asttokens, annotated-types, stack-data, scipy, referencing, python-dateutil, pyquaternion, pydantic, prompt-toolkit, plyfile, plotly, matplotlib-inline, markdown-it-py, jupyter-core, jedi, importlib-resources, importlib-metadata, contourpy, scikit-learn, rich, PyMCubes, pandas, matplotlib, jsonschema-specifications, ipython, flask, jsonschema, ipywidgets, dash, nbformat, open3d
  Attempting uninstall: numpy
    Found existing installation: numpy 2.0.2
    Uninstalling numpy-2.0.2:
      Successfully uninstalled numpy-2.0.2

Successfully installed PyMCubes-0.1.6 addict-2.4.0 annotated-types-0.7.0 asttokens-3.0.2 attrs-26.1.0 blinker-1.9.0 click-8.1.8 comm-0.2.3 configargparse-1.8.0 contourpy-1.3.0 cycler-0.12.1 dash-4.4.1 decorator-5.3.1 exceptiongroup-1.3.1 executing-2.2.1 fastjsonschema-2.21.2 flask-3.1.3 fonttools-4.60.2 importlib-metadata-8.7.1 importlib-resources-6.5.2 ipython-8.18.1 ipywidgets-8.1.9 itsdangerous-2.2.0 janus-2.0.0 jedi-0.19.2 joblib-1.5.3 jsonschema-4.25.1 jsonschema-specifications-2025.9.1 jupyter-core-5.8.1 jupyterlab_widgets-3.0.17 kiwisolver-1.4.7 markdown-it-py-3.0.0 matplotlib-3.9.4 matplotlib-inline-0.2.2 mdurl-0.1.2 narwhals-2.21.0 nbformat-5.10.4 nest-asyncio-1.6.0 numpy-1.26.4 open3d-0.19.0 packaging-26.3 pandas-2.3.3 parso-0.8.7 pexpect-4.9.0 platformdirs-4.4.0 plotly-7.1.0 plyfile-0.8.1 prompt-toolkit-3.0.52 ptyprocess-0.7.0 pure-eval-0.2.4 pydantic-2.13.5 pydantic-core-2.46.5 pygments-2.21.0 pyparsing-3.3.3 pyquaternion-0.9.9 python-dateutil-2.9.0.post0 pytz-2026.5 referencing-0.36.2 retrying-1.4.2 rich-15.0.0 rpds-py-0.27.1 scikit-learn-1.6.1 scipy-1.13.1 six-1.17.0 stack-data-0.6.3 threadpoolctl-3.7.0 traitlets-5.15.1 typing-inspection-0.4.2 tzdata-2026.5 wcwidth-0.9.1 werkzeug-3.1.9 widgetsnbextension-4.0.16 zipp-3.23.1
[INFO] Running: pip install /mnt/hpccs01/home/n11585382/EUAPGM7346/UMP/Codebase/3DGS-Water-Approaches/Additional/SuGaR-main/gaussian_splatting/submodules/diff-gaussian-rasterization --no-build-isolation --force-reinstall --no-deps
Processing ./Codebase/3DGS-Water-Approaches/Additional/SuGaR-main/gaussian_splatting/submodules/diff-gaussian-rasterization
  Preparing metadata (pyproject.toml): started
  Preparing metadata (pyproject.toml): finished with status 'done'
Building wheels for collected packages: diff_gaussian_rasterization
  Building wheel for diff_gaussian_rasterization (pyproject.toml): started
  Building wheel for diff_gaussian_rasterization (pyproject.toml): finished with status 'done'
  Created wheel for diff_gaussian_rasterization: filename=diff_gaussian_rasterization-0.0.0-cp39-cp39-linux_x86_64.whl size=464138 sha256=145c218714b7343b9924d1cde7b478591d887872050d7f6debb5e0c961fb6555
  Stored in directory: /mnt/hpccs01/home/n11585382/.cache/pip/wheels/1e/41/cd/f69eb2512750b74da08d6bdd7ffdfc18ce0bc70a3723e11fd7
Successfully built diff_gaussian_rasterization
Installing collected packages: diff_gaussian_rasterization
Successfully installed diff_gaussian_rasterization-0.0.0
[INFO] Running: pip install /mnt/hpccs01/home/n11585382/EUAPGM7346/UMP/Codebase/3DGS-Water-Approaches/Additional/SuGaR-main/gaussian_splatting/submodules/simple-knn --no-build-isolation --force-reinstall --no-deps
Processing ./Codebase/3DGS-Water-Approaches/Additional/SuGaR-main/gaussian_splatting/submodules/simple-knn
  Preparing metadata (pyproject.toml): started
  Preparing metadata (pyproject.toml): finished with status 'done'
Building wheels for collected packages: simple_knn
  Building wheel for simple_knn (pyproject.toml): started
  Building wheel for simple_knn (pyproject.toml): finished with status 'done'
  Created wheel for simple_knn: filename=simple_knn-0.0.0-cp39-cp39-linux_x86_64.whl size=525822 sha256=f0e0b6921456cad234b395fbbe572f9db92bd4f3f286d4fc37340a9d4d32910e
  Stored in directory: /mnt/hpccs01/home/n11585382/.cache/pip/wheels/ef/b1/b8/8cc04a9800f9be6e731533fb2ab159615de0c67d34dd8a93ba
Successfully built simple_knn
Installing collected packages: simple_knn
Successfully installed simple_knn-0.0.0
[SUCCESS] Environment 'sugar' successfully provisioned.

======================================================================
 Setup Execution Completed Successfully
======================================================================
======================================================================
 Provisioning Conda Environment: oscd
======================================================================
[INFO] 3DGS & OSCD Automation Setup Script Initialized
[INFO] Repository root: /mnt/hpccs01/home/n11585382/EUAPGM7346/UMP

======================================================================
 Provisioning Conda Environment: oscd (Python 3.12, PyTorch cu121, CuPy, Viser)
======================================================================
[INFO] Submodule verified: submodules/diff-gaussian-rasterization
[INFO] Submodule verified: submodules/diff-gaussian-rasterization_fastgs
[INFO] Submodule verified: submodules/fused-ssim
[INFO] Submodule verified: submodules/simple-knn
[INFO] Recreating Conda environment 'oscd' (requested python=3.12, existing python=3.11)...
[INFO] Running: conda env remove -n oscd -y

Remove all packages in environment /home/n11585382/.conda/envs/oscd:

[INFO] Creating fresh Conda environment 'oscd'...
[INFO] Running: conda create -n oscd python=3.12 -y
Channels:
 - defaults
Platform: linux-64
Collecting package metadata (repodata.json): ...working... done
Solving environment: ...working... done

## Package Plan ##

  environment location: /home/n11585382/.conda/envs/oscd

  added / updated specs:
    - python=3.12


The following NEW packages will be INSTALLED:

  _libgcc_mutex      pkgs/main/linux-64::_libgcc_mutex-0.1-main 
  _openmp_mutex      pkgs/main/linux-64::_openmp_mutex-5.1-52_gnu 
  bzip2              pkgs/main/linux-64::bzip2-1.0.8-h5eee18b_6 
  ca-certificates    pkgs/main/linux-64::ca-certificates-2026.9.25-h06a4308_0 
  ld_impl_linux-64   pkgs/main/linux-64::ld_impl_linux-64-2.44-h9e0c5a2_3 
  libexpat           pkgs/main/linux-64::libexpat-2.8.5-h7354ed3_1 
  libffi             pkgs/main/linux-64::libffi-3.4.8-h06d3fd0_3 
  libgcc             pkgs/main/linux-64::libgcc-15.2.0-h69a1729_8 
  libgcc-ng          pkgs/main/linux-64::libgcc-ng-15.2.0-h166f726_8 
  libstdcxx          pkgs/main/linux-64::libstdcxx-15.2.0-h39759b7_8 
  libuuid            pkgs/main/linux-64::libuuid-1.41.5-h5eee18b_0 
  libxcb             pkgs/main/linux-64::libxcb-1.17.0-h9b100fa_0 
  libzlib            pkgs/main/linux-64::libzlib-1.3.2-h47b2149_0 
  ncurses            pkgs/main/linux-64::ncurses-6.6-hfaaeb4e_0 
  openssl            pkgs/main/linux-64::openssl-3.5.9-h1b28b03_0 
  packaging          pkgs/main/linux-64::packaging-26.3-py312h06a4308_0 
  pip                pkgs/main/noarch::pip-26.2.1-pyhc872135_0 
  pthread-stubs      pkgs/main/linux-64::pthread-stubs-0.3-h47b2149_2 
  python             pkgs/main/linux-64::python-3.12.15-hcd0331c_0 
  readline           pkgs/main/linux-64::readline-8.3-hc2a1206_0 
  setuptools         pkgs/main/linux-64::setuptools-83.0.0-py312h06a4308_0 
  sqlite             pkgs/main/linux-64::sqlite-3.53.4-h795bf6d_0 
  tk                 pkgs/main/linux-64::tk-8.6.15-h54e0aa7_0 
  tzdata             pkgs/main/noarch::tzdata-2026c-he532380_0 
  wheel              pkgs/main/linux-64::wheel-0.47.0-py312h06a4308_0 
  xorg-libx11        pkgs/main/linux-64::xorg-libx11-1.8.13-h65de747_0 
  xorg-libxau        pkgs/main/linux-64::xorg-libxau-1.0.12-h9b100fa_0 
  xorg-libxdmcp      pkgs/main/linux-64::xorg-libxdmcp-1.1.5-h9b100fa_0 
  xorg-xorgproto     pkgs/main/linux-64::xorg-xorgproto-2025.1-h47b2149_0 
  xz                 pkgs/main/linux-64::xz-5.8.4-h140a991_0 
  zlib               pkgs/main/linux-64::zlib-1.3.2-h47b2149_0 



Downloading and Extracting Packages: ...working... done
Preparing transaction: ...working... done
Verifying transaction: ...working... done
Executing transaction: ...working... done
#
# To activate this environment, use
#
#     $ conda activate oscd
#
# To deactivate an active environment, use
#
#     $ conda deactivate

[INFO] Active environment: oscd
[INFO] Running: pip install --upgrade pip ninja
Requirement already satisfied: pip in /home/n11585382/.conda/envs/oscd/lib/python3.12/site-packages (26.2.1)
Collecting ninja
  Using cached ninja-1.13.2-py3-none-manylinux2014_x86_64.manylinux_2_17_x86_64.whl.metadata (5.4 kB)
Using cached ninja-1.13.2-py3-none-manylinux2014_x86_64.manylinux_2_17_x86_64.whl (183 kB)
Installing collected packages: ninja
Successfully installed ninja-1.13.2
[INFO] Running: pip install torch torchvision xformers --index-url https://download.pytorch.org/whl/cu121
Looking in indexes: https://download.pytorch.org/whl/cu121
Collecting torch
  Using cached torch-2.5.1%2Bcu121-cp312-cp312-linux_x86_64.whl (780.4 MB)
Collecting torchvision
  Using cached torchvision-0.20.1%2Bcu121-cp312-cp312-linux_x86_64.whl (7.3 MB)
Collecting xformers
  Using cached xformers-0.0.29.post1-cp312-cp312-manylinux_2_28_x86_64.whl.metadata (1.0 kB)
Collecting filelock (from torch)
  Using cached filelock-3.32.3-py3-none-any.whl.metadata (2.0 kB)
Collecting typing-extensions>=4.8.0 (from torch)
  Using cached typing_extensions-4.16.0-py3-none-any.whl.metadata (3.3 kB)
Collecting networkx (from torch)
  Using cached networkx-3.6.1-py3-none-any.whl.metadata (6.8 kB)
Collecting jinja2 (from torch)
  Using cached jinja2-3.1.6-py3-none-any.whl.metadata (2.9 kB)
Collecting fsspec (from torch)
  Using cached fsspec-2026.7.0-py3-none-any.whl.metadata (10 kB)
Collecting nvidia-cuda-nvrtc-cu12==12.1.105 (from torch)
  Downloading nvidia_cuda_nvrtc_cu12-12.1.105-py3-none-manylinux1_x86_64.whl (23.7 MB)
     ━━━━━━━━━━━━━━━━━━━━━━━━━━━━━━━━━━━━━━━━ 23.7/23.7 MB 49.6 MB/s  0:00:00
Collecting nvidia-cuda-runtime-cu12==12.1.105 (from torch)
  Downloading nvidia_cuda_runtime_cu12-12.1.105-py3-none-manylinux1_x86_64.whl (823 kB)
     ━━━━━━━━━━━━━━━━━━━━━━━━━━━━━━━━━━━━━━━━ 823.6/823.6 kB 216.8 MB/s  0:00:00
Collecting nvidia-cuda-cupti-cu12==12.1.105 (from torch)
  Downloading nvidia_cuda_cupti_cu12-12.1.105-py3-none-manylinux1_x86_64.whl (14.1 MB)
     ━━━━━━━━━━━━━━━━━━━━━━━━━━━━━━━━━━━━━━━━ 14.1/14.1 MB 109.0 MB/s  0:00:00
Collecting nvidia-cudnn-cu12==9.1.0.70 (from torch)
  Using cached nvidia_cudnn_cu12-9.1.0.70-py3-none-manylinux2014_x86_64.whl (664.8 MB)
Collecting nvidia-cublas-cu12==12.1.3.1 (from torch)
  Downloading nvidia_cublas_cu12-12.1.3.1-py3-none-manylinux1_x86_64.whl (410.6 MB)
     ━━━━━━━━━━━━━━━━━━━━━━━━━━━━━━━━━━━━━━━━ 410.6/410.6 MB 85.5 MB/s  0:00:04
Collecting nvidia-cufft-cu12==11.0.2.54 (from torch)
  Downloading nvidia_cufft_cu12-11.0.2.54-py3-none-manylinux1_x86_64.whl (121.6 MB)
     ━━━━━━━━━━━━━━━━━━━━━━━━━━━━━━━━━━━━━━━━ 121.6/121.6 MB 79.5 MB/s  0:00:01
Collecting nvidia-curand-cu12==10.3.2.106 (from torch)
  Downloading nvidia_curand_cu12-10.3.2.106-py3-none-manylinux1_x86_64.whl (56.5 MB)
     ━━━━━━━━━━━━━━━━━━━━━━━━━━━━━━━━━━━━━━━━ 56.5/56.5 MB 100.9 MB/s  0:00:00
Collecting nvidia-cusolver-cu12==11.4.5.107 (from torch)
  Downloading nvidia_cusolver_cu12-11.4.5.107-py3-none-manylinux1_x86_64.whl (124.2 MB)
     ━━━━━━━━━━━━━━━━━━━━━━━━━━━━━━━━━━━━━━━━ 124.2/124.2 MB 96.0 MB/s  0:00:01
Collecting nvidia-cusparse-cu12==12.1.0.106 (from torch)
  Downloading nvidia_cusparse_cu12-12.1.0.106-py3-none-manylinux1_x86_64.whl (196.0 MB)
     ━━━━━━━━━━━━━━━━━━━━━━━━━━━━━━━━━━━━━━━━ 196.0/196.0 MB 80.8 MB/s  0:00:02
Collecting nvidia-nccl-cu12==2.21.5 (from torch)
  Downloading nvidia_nccl_cu12-2.21.5-py3-none-manylinux2014_x86_64.whl (188.7 MB)
     ━━━━━━━━━━━━━━━━━━━━━━━━━━━━━━━━━━━━━━━━ 188.7/188.7 MB 95.1 MB/s  0:00:01
Collecting nvidia-nvtx-cu12==12.1.105 (from torch)
  Downloading nvidia_nvtx_cu12-12.1.105-py3-none-manylinux1_x86_64.whl (99 kB)
Collecting triton==3.1.0 (from torch)
  Using cached triton-3.1.0-cp312-cp312-manylinux_2_17_x86_64.manylinux2014_x86_64.whl (209.6 MB)
Requirement already satisfied: setuptools in /home/n11585382/.conda/envs/oscd/lib/python3.12/site-packages (from torch) (83.0.0)
Collecting sympy==1.13.1 (from torch)
  Using cached sympy-1.13.1-py3-none-any.whl.metadata (12 kB)
Collecting nvidia-nvjitlink-cu12 (from nvidia-cusolver-cu12==11.4.5.107->torch)
  Downloading nvidia_nvjitlink_cu12-12.9.86-py3-none-manylinux2010_x86_64.manylinux_2_12_x86_64.whl (39.7 MB)
     ━━━━━━━━━━━━━━━━━━━━━━━━━━━━━━━━━━━━━━━━ 39.7/39.7 MB 95.8 MB/s  0:00:00
Collecting mpmath<1.4,>=1.1.0 (from sympy==1.13.1->torch)
  Using cached mpmath-1.3.0-py3-none-any.whl.metadata (8.6 kB)
Collecting numpy (from torchvision)
  Using cached numpy-2.5.2-cp312-cp312-manylinux_2_27_x86_64.manylinux_2_28_x86_64.whl.metadata (6.6 kB)
Collecting pillow!=8.3.*,>=5.3.0 (from torchvision)
  Using cached pillow-12.3.0-cp312-cp312-manylinux_2_27_x86_64.manylinux_2_28_x86_64.whl.metadata (9.1 kB)
Collecting MarkupSafe>=2.0 (from jinja2->torch)
  Using cached markupsafe-3.0.3-cp312-cp312-manylinux2014_x86_64.manylinux_2_17_x86_64.manylinux_2_28_x86_64.whl.metadata (2.7 kB)
Using cached sympy-1.13.1-py3-none-any.whl (6.2 MB)
Using cached mpmath-1.3.0-py3-none-any.whl (536 kB)
Using cached xformers-0.0.29.post1-cp312-cp312-manylinux_2_28_x86_64.whl (15.3 MB)
Using cached pillow-12.3.0-cp312-cp312-manylinux_2_27_x86_64.manylinux_2_28_x86_64.whl (6.9 MB)
Using cached typing_extensions-4.16.0-py3-none-any.whl (45 kB)
Using cached filelock-3.32.3-py3-none-any.whl (98 kB)
Using cached fsspec-2026.7.0-py3-none-any.whl (206 kB)
Using cached jinja2-3.1.6-py3-none-any.whl (134 kB)
Using cached markupsafe-3.0.3-cp312-cp312-manylinux2014_x86_64.manylinux_2_17_x86_64.manylinux_2_28_x86_64.whl (22 kB)
Using cached networkx-3.6.1-py3-none-any.whl (2.1 MB)
Using cached numpy-2.5.2-cp312-cp312-manylinux_2_27_x86_64.manylinux_2_28_x86_64.whl (16.7 MB)
Installing collected packages: mpmath, typing-extensions, sympy, pillow, nvidia-nvtx-cu12, nvidia-nvjitlink-cu12, nvidia-nccl-cu12, nvidia-curand-cu12, nvidia-cufft-cu12, nvidia-cuda-runtime-cu12, nvidia-cuda-nvrtc-cu12, nvidia-cuda-cupti-cu12, nvidia-cublas-cu12, numpy, networkx, MarkupSafe, fsspec, filelock, triton, nvidia-cusparse-cu12, nvidia-cudnn-cu12, jinja2, nvidia-cusolver-cu12, torch, xformers, torchvision

Successfully installed MarkupSafe-3.0.3 filelock-3.32.3 fsspec-2026.7.0 jinja2-3.1.6 mpmath-1.3.0 networkx-3.6.1 numpy-2.5.2 nvidia-cublas-cu12-12.1.3.1 nvidia-cuda-cupti-cu12-12.1.105 nvidia-cuda-nvrtc-cu12-12.1.105 nvidia-cuda-runtime-cu12-12.1.105 nvidia-cudnn-cu12-9.1.0.70 nvidia-cufft-cu12-11.0.2.54 nvidia-curand-cu12-10.3.2.106 nvidia-cusolver-cu12-11.4.5.107 nvidia-cusparse-cu12-12.1.0.106 nvidia-nccl-cu12-2.21.5 nvidia-nvjitlink-cu12-12.9.86 nvidia-nvtx-cu12-12.1.105 pillow-12.3.0 sympy-1.13.1 torch-2.5.1+cu121 torchvision-0.20.1+cu121 triton-3.1.0 typing-extensions-4.16.0 xformers-0.0.29.post1
[INFO] Running: pip install cupy-cuda12x
Collecting cupy-cuda12x
  Using cached cupy_cuda12x-14.2.0-cp312-cp312-manylinux2014_x86_64.whl.metadata (2.8 kB)
Requirement already satisfied: numpy<2.6,>=2.0 in /home/n11585382/.conda/envs/oscd/lib/python3.12/site-packages (from cupy-cuda12x) (2.5.2)
Collecting cuda-pathfinder==1.*,>=1.3.4 (from cupy-cuda12x)
  Using cached cuda_pathfinder-1.8.3-py3-none-any.whl.metadata (1.9 kB)
Using cached cupy_cuda12x-14.2.0-cp312-cp312-manylinux2014_x86_64.whl (136.1 MB)
Using cached cuda_pathfinder-1.8.3-py3-none-any.whl (62 kB)
Installing collected packages: cuda-pathfinder, cupy-cuda12x

Successfully installed cuda-pathfinder-1.8.3 cupy-cuda12x-14.2.0
[INFO] Running: pip install plyfile tqdm opencv-python lpips transformers==4.56.1 torchmetrics viser
Collecting plyfile
  Using cached plyfile-1.1.5-py3-none-any.whl.metadata (43 kB)
Collecting tqdm
  Using cached tqdm-4.70.1-py3-none-any.whl.metadata (57 kB)
Collecting opencv-python
  Using cached opencv_python-5.0.0.93-cp37-abi3-manylinux_2_28_x86_64.whl.metadata (19 kB)
Collecting lpips
  Using cached lpips-0.1.4-py3-none-any.whl.metadata (10 kB)
Collecting transformers==4.56.1
  Using cached transformers-4.56.1-py3-none-any.whl.metadata (42 kB)
Collecting torchmetrics
  Using cached torchmetrics-1.9.0-py3-none-any.whl.metadata (23 kB)
Collecting viser
  Using cached viser-1.1.1-py3-none-any.whl.metadata (6.1 kB)
Requirement already satisfied: filelock in /home/n11585382/.conda/envs/oscd/lib/python3.12/site-packages (from transformers==4.56.1) (3.32.3)
Collecting huggingface-hub<1.0,>=0.34.0 (from transformers==4.56.1)
  Using cached huggingface_hub-0.36.2-py3-none-any.whl.metadata (15 kB)
Requirement already satisfied: numpy>=1.17 in /home/n11585382/.conda/envs/oscd/lib/python3.12/site-packages (from transformers==4.56.1) (2.5.2)
Requirement already satisfied: packaging>=20.0 in /home/n11585382/.conda/envs/oscd/lib/python3.12/site-packages (from transformers==4.56.1) (26.3)
Collecting pyyaml>=5.1 (from transformers==4.56.1)
  Using cached pyyaml-6.0.3-cp312-cp312-manylinux2014_x86_64.manylinux_2_17_x86_64.manylinux_2_28_x86_64.whl.metadata (2.4 kB)
Collecting regex!=2019.12.17 (from transformers==4.56.1)
  Using cached regex-2026.9.29-cp312-cp312-manylinux2014_x86_64.manylinux_2_17_x86_64.manylinux_2_28_x86_64.whl.metadata (40 kB)
Collecting requests (from transformers==4.56.1)
  Using cached requests-2.34.2-py3-none-any.whl.metadata (4.8 kB)
Collecting tokenizers<=0.23.0,>=0.22.0 (from transformers==4.56.1)
  Using cached tokenizers-0.22.2-cp39-abi3-manylinux_2_17_x86_64.manylinux2014_x86_64.whl.metadata (7.3 kB)
Collecting safetensors>=0.4.3 (from transformers==4.56.1)
  Using cached safetensors-0.8.0-cp310-abi3-manylinux_2_17_x86_64.manylinux2014_x86_64.whl.metadata (4.2 kB)
Requirement already satisfied: fsspec>=2023.5.0 in /home/n11585382/.conda/envs/oscd/lib/python3.12/site-packages (from huggingface-hub<1.0,>=0.34.0->transformers==4.56.1) (2026.7.0)
Collecting hf-xet<2.0.0,>=1.1.3 (from huggingface-hub<1.0,>=0.34.0->transformers==4.56.1)
  Using cached hf_xet-1.6.0-cp38-abi3-manylinux2014_x86_64.manylinux_2_17_x86_64.whl.metadata (4.9 kB)
Requirement already satisfied: typing-extensions>=3.7.4.3 in /home/n11585382/.conda/envs/oscd/lib/python3.12/site-packages (from huggingface-hub<1.0,>=0.34.0->transformers==4.56.1) (4.16.0)
Requirement already satisfied: torch>=0.4.0 in /home/n11585382/.conda/envs/oscd/lib/python3.12/site-packages (from lpips) (2.5.1+cu121)
Requirement already satisfied: torchvision>=0.2.1 in /home/n11585382/.conda/envs/oscd/lib/python3.12/site-packages (from lpips) (0.20.1+cu121)
Collecting scipy>=1.0.1 (from lpips)
  Using cached scipy-1.18.1-cp312-cp312-manylinux_2_27_x86_64.manylinux_2_28_x86_64.whl.metadata (62 kB)
Collecting lightning-utilities>=0.15.3 (from torchmetrics)
  Using cached lightning_utilities-0.15.3-py3-none-any.whl.metadata (5.5 kB)
Collecting imageio<3.0.0,>=2.0.0 (from viser)
  Using cached imageio-2.38.0-py3-none-any.whl.metadata (9.7 kB)
Collecting msgspec<1.0.0,>=0.18.6 (from viser)
  Using cached msgspec-0.22.0-cp312-cp312-manylinux2014_x86_64.manylinux_2_17_x86_64.manylinux_2_28_x86_64.whl.metadata (6.0 kB)
Collecting rich<15.0.0,>=13.3.3 (from viser)
  Using cached rich-14.3.4-py3-none-any.whl.metadata (18 kB)
Collecting trimesh<6.0.0,>=3.21.7 (from viser)
  Using cached trimesh-5.1.1-py3-none-any.whl.metadata (13 kB)
Collecting websockets<17.0.0,>=13.1 (from viser)
  Using cached websockets-16.1.1-cp312-cp312-manylinux1_x86_64.manylinux_2_28_x86_64.manylinux_2_5_x86_64.whl.metadata (6.8 kB)
Collecting zstandard<1.0.0,>=0.20.0 (from viser)
  Using cached zstandard-0.25.0-cp312-cp312-manylinux2014_x86_64.manylinux_2_17_x86_64.whl.metadata (3.3 kB)
Requirement already satisfied: pillow>=8.3.2 in /home/n11585382/.conda/envs/oscd/lib/python3.12/site-packages (from imageio<3.0.0,>=2.0.0->viser) (12.3.0)
Collecting charset_normalizer<4,>=2 (from requests->transformers==4.56.1)
  Using cached charset_normalizer-3.5.2-cp312-cp312-manylinux2014_x86_64.manylinux_2_17_x86_64.manylinux_2_28_x86_64.whl.metadata (46 kB)
Collecting idna<4,>=2.5 (from requests->transformers==4.56.1)
  Using cached idna-3.20-py3-none-any.whl.metadata (7.2 kB)
Collecting urllib3<3,>=1.26 (from requests->transformers==4.56.1)
  Using cached urllib3-2.8.0-py3-none-any.whl.metadata (7.4 kB)
Collecting certifi>=2023.5.7 (from requests->transformers==4.56.1)
  Using cached certifi-2026.7.22-py3-none-any.whl.metadata (2.5 kB)
Collecting markdown-it-py>=2.2.0 (from rich<15.0.0,>=13.3.3->viser)
  Using cached markdown_it_py-4.2.0-py3-none-any.whl.metadata (7.4 kB)
Collecting pygments<3.0.0,>=2.13.0 (from rich<15.0.0,>=13.3.3->viser)
  Using cached pygments-2.21.0-py3-none-any.whl.metadata (2.5 kB)
Collecting mdurl~=0.1 (from markdown-it-py>=2.2.0->rich<15.0.0,>=13.3.3->viser)
  Using cached mdurl-0.1.2-py3-none-any.whl.metadata (1.6 kB)
Requirement already satisfied: networkx in /home/n11585382/.conda/envs/oscd/lib/python3.12/site-packages (from torch>=0.4.0->lpips) (3.6.1)
Requirement already satisfied: jinja2 in /home/n11585382/.conda/envs/oscd/lib/python3.12/site-packages (from torch>=0.4.0->lpips) (3.1.6)
Requirement already satisfied: nvidia-cuda-nvrtc-cu12==12.1.105 in /home/n11585382/.conda/envs/oscd/lib/python3.12/site-packages (from torch>=0.4.0->lpips) (12.1.105)
Requirement already satisfied: nvidia-cuda-runtime-cu12==12.1.105 in /home/n11585382/.conda/envs/oscd/lib/python3.12/site-packages (from torch>=0.4.0->lpips) (12.1.105)
Requirement already satisfied: nvidia-cuda-cupti-cu12==12.1.105 in /home/n11585382/.conda/envs/oscd/lib/python3.12/site-packages (from torch>=0.4.0->lpips) (12.1.105)
Requirement already satisfied: nvidia-cudnn-cu12==9.1.0.70 in /home/n11585382/.conda/envs/oscd/lib/python3.12/site-packages (from torch>=0.4.0->lpips) (9.1.0.70)
Requirement already satisfied: nvidia-cublas-cu12==12.1.3.1 in /home/n11585382/.conda/envs/oscd/lib/python3.12/site-packages (from torch>=0.4.0->lpips) (12.1.3.1)
Requirement already satisfied: nvidia-cufft-cu12==11.0.2.54 in /home/n11585382/.conda/envs/oscd/lib/python3.12/site-packages (from torch>=0.4.0->lpips) (11.0.2.54)
Requirement already satisfied: nvidia-curand-cu12==10.3.2.106 in /home/n11585382/.conda/envs/oscd/lib/python3.12/site-packages (from torch>=0.4.0->lpips) (10.3.2.106)
Requirement already satisfied: nvidia-cusolver-cu12==11.4.5.107 in /home/n11585382/.conda/envs/oscd/lib/python3.12/site-packages (from torch>=0.4.0->lpips) (11.4.5.107)
Requirement already satisfied: nvidia-cusparse-cu12==12.1.0.106 in /home/n11585382/.conda/envs/oscd/lib/python3.12/site-packages (from torch>=0.4.0->lpips) (12.1.0.106)
Requirement already satisfied: nvidia-nccl-cu12==2.21.5 in /home/n11585382/.conda/envs/oscd/lib/python3.12/site-packages (from torch>=0.4.0->lpips) (2.21.5)
Requirement already satisfied: nvidia-nvtx-cu12==12.1.105 in /home/n11585382/.conda/envs/oscd/lib/python3.12/site-packages (from torch>=0.4.0->lpips) (12.1.105)
Requirement already satisfied: triton==3.1.0 in /home/n11585382/.conda/envs/oscd/lib/python3.12/site-packages (from torch>=0.4.0->lpips) (3.1.0)
Requirement already satisfied: setuptools in /home/n11585382/.conda/envs/oscd/lib/python3.12/site-packages (from torch>=0.4.0->lpips) (83.0.0)
Requirement already satisfied: sympy==1.13.1 in /home/n11585382/.conda/envs/oscd/lib/python3.12/site-packages (from torch>=0.4.0->lpips) (1.13.1)
Requirement already satisfied: nvidia-nvjitlink-cu12 in /home/n11585382/.conda/envs/oscd/lib/python3.12/site-packages (from nvidia-cusolver-cu12==11.4.5.107->torch>=0.4.0->lpips) (12.9.86)
Requirement already satisfied: mpmath<1.4,>=1.1.0 in /home/n11585382/.conda/envs/oscd/lib/python3.12/site-packages (from sympy==1.13.1->torch>=0.4.0->lpips) (1.3.0)
Requirement already satisfied: MarkupSafe>=2.0 in /home/n11585382/.conda/envs/oscd/lib/python3.12/site-packages (from jinja2->torch>=0.4.0->lpips) (3.0.3)
Using cached transformers-4.56.1-py3-none-any.whl (11.6 MB)
Using cached huggingface_hub-0.36.2-py3-none-any.whl (566 kB)
Using cached hf_xet-1.6.0-cp38-abi3-manylinux2014_x86_64.manylinux_2_17_x86_64.whl (4.5 MB)
Using cached tokenizers-0.22.2-cp39-abi3-manylinux_2_17_x86_64.manylinux2014_x86_64.whl (3.3 MB)
Using cached plyfile-1.1.5-py3-none-any.whl (36 kB)
Using cached tqdm-4.70.1-py3-none-any.whl (80 kB)
Using cached opencv_python-5.0.0.93-cp37-abi3-manylinux_2_28_x86_64.whl (73.8 MB)
Using cached lpips-0.1.4-py3-none-any.whl (53 kB)
Using cached torchmetrics-1.9.0-py3-none-any.whl (983 kB)
Using cached viser-1.1.1-py3-none-any.whl (3.6 MB)
Using cached imageio-2.38.0-py3-none-any.whl (328 kB)
Using cached msgspec-0.22.0-cp312-cp312-manylinux2014_x86_64.manylinux_2_17_x86_64.manylinux_2_28_x86_64.whl (230 kB)
Using cached requests-2.34.2-py3-none-any.whl (73 kB)
Using cached charset_normalizer-3.5.2-cp312-cp312-manylinux2014_x86_64.manylinux_2_17_x86_64.manylinux_2_28_x86_64.whl (257 kB)
Using cached idna-3.20-py3-none-any.whl (69 kB)
Using cached rich-14.3.4-py3-none-any.whl (310 kB)
Using cached pygments-2.21.0-py3-none-any.whl (1.3 MB)
Using cached trimesh-5.1.1-py3-none-any.whl (750 kB)
Using cached urllib3-2.8.0-py3-none-any.whl (135 kB)
Using cached websockets-16.1.1-cp312-cp312-manylinux1_x86_64.manylinux_2_28_x86_64.manylinux_2_5_x86_64.whl (187 kB)
Using cached zstandard-0.25.0-cp312-cp312-manylinux2014_x86_64.manylinux_2_17_x86_64.whl (5.5 MB)
Using cached certifi-2026.7.22-py3-none-any.whl (136 kB)
Using cached lightning_utilities-0.15.3-py3-none-any.whl (31 kB)
Using cached markdown_it_py-4.2.0-py3-none-any.whl (91 kB)
Using cached mdurl-0.1.2-py3-none-any.whl (10.0 kB)
Using cached pyyaml-6.0.3-cp312-cp312-manylinux2014_x86_64.manylinux_2_17_x86_64.manylinux_2_28_x86_64.whl (807 kB)
Using cached regex-2026.9.29-cp312-cp312-manylinux2014_x86_64.manylinux_2_17_x86_64.manylinux_2_28_x86_64.whl (807 kB)
Using cached safetensors-0.8.0-cp310-abi3-manylinux_2_17_x86_64.manylinux2014_x86_64.whl (516 kB)
Using cached scipy-1.18.1-cp312-cp312-manylinux_2_27_x86_64.manylinux_2_28_x86_64.whl (35.3 MB)
Installing collected packages: zstandard, websockets, urllib3, trimesh, tqdm, scipy, safetensors, regex, pyyaml, pygments, plyfile, opencv-python, msgspec, mdurl, lightning-utilities, imageio, idna, hf-xet, charset_normalizer, certifi, requests, markdown-it-py, rich, huggingface-hub, viser, torchmetrics, tokenizers, transformers, lpips

Successfully installed certifi-2026.7.22 charset_normalizer-3.5.2 hf-xet-1.6.0 huggingface-hub-0.36.2 idna-3.20 imageio-2.38.0 lightning-utilities-0.15.3 lpips-0.1.4 markdown-it-py-4.2.0 mdurl-0.1.2 msgspec-0.22.0 opencv-python-5.0.0.93 plyfile-1.1.5 pygments-2.21.0 pyyaml-6.0.3 regex-2026.9.29 requests-2.34.2 rich-14.3.4 safetensors-0.8.0 scipy-1.18.1 tokenizers-0.22.2 torchmetrics-1.9.0 tqdm-4.70.1 transformers-4.56.1 trimesh-5.1.1 urllib3-2.8.0 viser-1.1.1 websockets-16.1.1 zstandard-0.25.0
[INFO] Running: pip install /mnt/hpccs01/home/n11585382/EUAPGM7346/UMP/Codebase/3DGS-Change-Detection/O-SCD-main/submodules/diff-gaussian-rasterization_fastgs --no-build-isolation
Processing ./Codebase/3DGS-Change-Detection/O-SCD-main/submodules/diff-gaussian-rasterization_fastgs
  Preparing metadata (pyproject.toml): started
  Preparing metadata (pyproject.toml): finished with status 'done'
Building wheels for collected packages: diff_gaussian_rasterization_fastgs
  Building wheel for diff_gaussian_rasterization_fastgs (pyproject.toml): started
  Building wheel for diff_gaussian_rasterization_fastgs (pyproject.toml): finished with status 'done'
  Created wheel for diff_gaussian_rasterization_fastgs: filename=diff_gaussian_rasterization_fastgs-0.0.0-cp312-cp312-linux_x86_64.whl size=728657 sha256=d600468834c5da469ee0abe5d33a8646ad2a3679f3d74f057824948d91cae9c7
  Stored in directory: /tmp/pbs.26342207.aqua/pip-ephem-wheel-cache-ft0ceda8/wheels/85/a8/b7/2a5115ff97f0b445cc8dee52a50c5a29738643ebbd5d6358dd
Successfully built diff_gaussian_rasterization_fastgs
Installing collected packages: diff_gaussian_rasterization_fastgs
Successfully installed diff_gaussian_rasterization_fastgs-0.0.0
[INFO] Running: pip install /mnt/hpccs01/home/n11585382/EUAPGM7346/UMP/Codebase/3DGS-Change-Detection/O-SCD-main/submodules/fused-ssim --no-build-isolation
Processing ./Codebase/3DGS-Change-Detection/O-SCD-main/submodules/fused-ssim
  Preparing metadata (pyproject.toml): started
  Preparing metadata (pyproject.toml): finished with status 'done'
Requirement already satisfied: torch>=2.0.0 in /home/n11585382/.conda/envs/oscd/lib/python3.12/site-packages (from fused-ssim==1.0.0) (2.5.1+cu121)
Requirement already satisfied: filelock in /home/n11585382/.conda/envs/oscd/lib/python3.12/site-packages (from torch>=2.0.0->fused-ssim==1.0.0) (3.32.3)
Requirement already satisfied: typing-extensions>=4.8.0 in /home/n11585382/.conda/envs/oscd/lib/python3.12/site-packages (from torch>=2.0.0->fused-ssim==1.0.0) (4.16.0)
Requirement already satisfied: networkx in /home/n11585382/.conda/envs/oscd/lib/python3.12/site-packages (from torch>=2.0.0->fused-ssim==1.0.0) (3.6.1)
Requirement already satisfied: jinja2 in /home/n11585382/.conda/envs/oscd/lib/python3.12/site-packages (from torch>=2.0.0->fused-ssim==1.0.0) (3.1.6)
Requirement already satisfied: fsspec in /home/n11585382/.conda/envs/oscd/lib/python3.12/site-packages (from torch>=2.0.0->fused-ssim==1.0.0) (2026.7.0)
Requirement already satisfied: nvidia-cuda-nvrtc-cu12==12.1.105 in /home/n11585382/.conda/envs/oscd/lib/python3.12/site-packages (from torch>=2.0.0->fused-ssim==1.0.0) (12.1.105)
Requirement already satisfied: nvidia-cuda-runtime-cu12==12.1.105 in /home/n11585382/.conda/envs/oscd/lib/python3.12/site-packages (from torch>=2.0.0->fused-ssim==1.0.0) (12.1.105)
Requirement already satisfied: nvidia-cuda-cupti-cu12==12.1.105 in /home/n11585382/.conda/envs/oscd/lib/python3.12/site-packages (from torch>=2.0.0->fused-ssim==1.0.0) (12.1.105)
Requirement already satisfied: nvidia-cudnn-cu12==9.1.0.70 in /home/n11585382/.conda/envs/oscd/lib/python3.12/site-packages (from torch>=2.0.0->fused-ssim==1.0.0) (9.1.0.70)
Requirement already satisfied: nvidia-cublas-cu12==12.1.3.1 in /home/n11585382/.conda/envs/oscd/lib/python3.12/site-packages (from torch>=2.0.0->fused-ssim==1.0.0) (12.1.3.1)
Requirement already satisfied: nvidia-cufft-cu12==11.0.2.54 in /home/n11585382/.conda/envs/oscd/lib/python3.12/site-packages (from torch>=2.0.0->fused-ssim==1.0.0) (11.0.2.54)
Requirement already satisfied: nvidia-curand-cu12==10.3.2.106 in /home/n11585382/.conda/envs/oscd/lib/python3.12/site-packages (from torch>=2.0.0->fused-ssim==1.0.0) (10.3.2.106)
Requirement already satisfied: nvidia-cusolver-cu12==11.4.5.107 in /home/n11585382/.conda/envs/oscd/lib/python3.12/site-packages (from torch>=2.0.0->fused-ssim==1.0.0) (11.4.5.107)
Requirement already satisfied: nvidia-cusparse-cu12==12.1.0.106 in /home/n11585382/.conda/envs/oscd/lib/python3.12/site-packages (from torch>=2.0.0->fused-ssim==1.0.0) (12.1.0.106)
Requirement already satisfied: nvidia-nccl-cu12==2.21.5 in /home/n11585382/.conda/envs/oscd/lib/python3.12/site-packages (from torch>=2.0.0->fused-ssim==1.0.0) (2.21.5)
Requirement already satisfied: nvidia-nvtx-cu12==12.1.105 in /home/n11585382/.conda/envs/oscd/lib/python3.12/site-packages (from torch>=2.0.0->fused-ssim==1.0.0) (12.1.105)
Requirement already satisfied: triton==3.1.0 in /home/n11585382/.conda/envs/oscd/lib/python3.12/site-packages (from torch>=2.0.0->fused-ssim==1.0.0) (3.1.0)
Requirement already satisfied: setuptools in /home/n11585382/.conda/envs/oscd/lib/python3.12/site-packages (from torch>=2.0.0->fused-ssim==1.0.0) (83.0.0)
Requirement already satisfied: sympy==1.13.1 in /home/n11585382/.conda/envs/oscd/lib/python3.12/site-packages (from torch>=2.0.0->fused-ssim==1.0.0) (1.13.1)
Requirement already satisfied: nvidia-nvjitlink-cu12 in /home/n11585382/.conda/envs/oscd/lib/python3.12/site-packages (from nvidia-cusolver-cu12==11.4.5.107->torch>=2.0.0->fused-ssim==1.0.0) (12.9.86)
Requirement already satisfied: mpmath<1.4,>=1.1.0 in /home/n11585382/.conda/envs/oscd/lib/python3.12/site-packages (from sympy==1.13.1->torch>=2.0.0->fused-ssim==1.0.0) (1.3.0)
Requirement already satisfied: MarkupSafe>=2.0 in /home/n11585382/.conda/envs/oscd/lib/python3.12/site-packages (from jinja2->torch>=2.0.0->fused-ssim==1.0.0) (3.0.3)
Building wheels for collected packages: fused-ssim
  Building wheel for fused-ssim (pyproject.toml): started
  Building wheel for fused-ssim (pyproject.toml): finished with status 'done'
  Created wheel for fused-ssim: filename=fused_ssim-1.0.0-cp312-cp312-linux_x86_64.whl size=139671 sha256=976b81b468ce20d120eb6e5dbbdead84adc1afef5745c877ec165598aee4e14f
  Stored in directory: /tmp/pbs.26342207.aqua/pip-ephem-wheel-cache-4obebo__/wheels/43/74/7e/34c4363725e6ea56b2dfb2cc79bbd3f782a2695190eb30551c
Successfully built fused-ssim
Installing collected packages: fused-ssim
Successfully installed fused-ssim-1.0.0
[INFO] Running: pip install /mnt/hpccs01/home/n11585382/EUAPGM7346/UMP/Codebase/3DGS-Change-Detection/O-SCD-main/submodules/simple-knn --no-build-isolation
Processing ./Codebase/3DGS-Change-Detection/O-SCD-main/submodules/simple-knn
  Preparing metadata (pyproject.toml): started
  Preparing metadata (pyproject.toml): finished with status 'done'
Building wheels for collected packages: simple_knn
  Building wheel for simple_knn (pyproject.toml): started
  Building wheel for simple_knn (pyproject.toml): finished with status 'done'
  Created wheel for simple_knn: filename=simple_knn-0.0.0-cp312-cp312-linux_x86_64.whl size=568351 sha256=90d92fbe6de53208a6e129af11a95c7a6ac7ffade2524a2d7b09ab6a47c0dc0d
  Stored in directory: /tmp/pbs.26342207.aqua/pip-ephem-wheel-cache-6ifge58v/wheels/74/b1/26/0d0120b1977882b7c495748812942e71cad4e6a0cef585510d
Successfully built simple_knn
Installing collected packages: simple_knn
Successfully installed simple_knn-0.0.0
[SUCCESS] Environment 'oscd' successfully provisioned.

======================================================================
 Setup Execution Completed Successfully
======================================================================
======================================================================
 Provisioning Conda Environment: 3dgs
======================================================================
[INFO] 3DGS & OSCD Automation Setup Script Initialized
[INFO] Repository root: /mnt/hpccs01/home/n11585382/EUAPGM7346/UMP

======================================================================
 Provisioning Conda Environment: 3dgs (Python 3.10, PyTorch cu121)
======================================================================
[INFO] Submodule verified: submodules/diff-gaussian-rasterization
[INFO] Submodule verified: submodules/simple-knn
[INFO] Submodule verified: submodules/fused-ssim
[INFO] Recreating Conda environment '3dgs' (requested python=3.10, existing python=3.11)...
[INFO] Running: conda env remove -n 3dgs -y

Remove all packages in environment /home/n11585382/.conda/envs/3dgs:

[INFO] Creating fresh Conda environment '3dgs'...
[INFO] Running: conda create -n 3dgs python=3.10 -y
Channels:
 - defaults
Platform: linux-64
Collecting package metadata (repodata.json): ...working... done
Solving environment: ...working... done

## Package Plan ##

  environment location: /home/n11585382/.conda/envs/3dgs

  added / updated specs:
    - python=3.10


The following NEW packages will be INSTALLED:

  _libgcc_mutex      pkgs/main/linux-64::_libgcc_mutex-0.1-main 
  _openmp_mutex      pkgs/main/linux-64::_openmp_mutex-5.1-52_gnu 
  bzip2              pkgs/main/linux-64::bzip2-1.0.8-h5eee18b_6 
  ca-certificates    pkgs/main/linux-64::ca-certificates-2026.9.25-h06a4308_0 
  ld_impl_linux-64   pkgs/main/linux-64::ld_impl_linux-64-2.44-h9e0c5a2_3 
  libexpat           pkgs/main/linux-64::libexpat-2.8.5-h7354ed3_1 
  libffi             pkgs/main/linux-64::libffi-3.4.8-h06d3fd0_3 
  libgcc             pkgs/main/linux-64::libgcc-15.2.0-h69a1729_8 
  libgcc-ng          pkgs/main/linux-64::libgcc-ng-15.2.0-h166f726_8 
  libnsl             pkgs/main/linux-64::libnsl-2.0.0-h5eee18b_0 
  libstdcxx          pkgs/main/linux-64::libstdcxx-15.2.0-h39759b7_8 
  libuuid            pkgs/main/linux-64::libuuid-1.41.5-h5eee18b_0 
  libxcb             pkgs/main/linux-64::libxcb-1.17.0-h9b100fa_0 
  libzlib            pkgs/main/linux-64::libzlib-1.3.2-h47b2149_0 
  ncurses            pkgs/main/linux-64::ncurses-6.6-hfaaeb4e_0 
  openssl            pkgs/main/linux-64::openssl-3.5.9-h1b28b03_0 
  packaging          pkgs/main/linux-64::packaging-26.3-py310h06a4308_0 
  pip                pkgs/main/noarch::pip-26.2.1-pyhc872135_0 
  pthread-stubs      pkgs/main/linux-64::pthread-stubs-0.3-h47b2149_2 
  python             pkgs/main/linux-64::python-3.10.22-hd9cb797_0 
  readline           pkgs/main/linux-64::readline-8.3-hc2a1206_0 
  setuptools         pkgs/main/linux-64::setuptools-83.0.0-py310h06a4308_0 
  sqlite             pkgs/main/linux-64::sqlite-3.53.4-h795bf6d_0 
  tk                 pkgs/main/linux-64::tk-8.6.15-h54e0aa7_0 
  tzdata             pkgs/main/noarch::tzdata-2026c-he532380_0 
  wheel              pkgs/main/linux-64::wheel-0.47.0-py310h06a4308_0 
  xorg-libx11        pkgs/main/linux-64::xorg-libx11-1.8.13-h65de747_0 
  xorg-libxau        pkgs/main/linux-64::xorg-libxau-1.0.12-h9b100fa_0 
  xorg-libxdmcp      pkgs/main/linux-64::xorg-libxdmcp-1.1.5-h9b100fa_0 
  xorg-xorgproto     pkgs/main/linux-64::xorg-xorgproto-2025.1-h47b2149_0 
  xz                 pkgs/main/linux-64::xz-5.8.4-h140a991_0 
  zlib               pkgs/main/linux-64::zlib-1.3.2-h47b2149_0 



Downloading and Extracting Packages: ...working... done
Preparing transaction: ...working... done
Verifying transaction: ...working... done
Executing transaction: ...working... done
#
# To activate this environment, use
#
#     $ conda activate 3dgs
#
# To deactivate an active environment, use
#
#     $ conda deactivate

[INFO] Active environment: 3dgs
[INFO] Running: pip install --upgrade pip
Requirement already satisfied: pip in /mnt/hpccs01/home/n11585382/.conda/envs/3dgs/lib/python3.10/site-packages (26.2.1)
[INFO] Running: pip install torch torchvision torchaudio --index-url https://download.pytorch.org/whl/cu121
Looking in indexes: https://download.pytorch.org/whl/cu121
Collecting torch
  Using cached torch-2.5.1%2Bcu121-cp310-cp310-linux_x86_64.whl (780.4 MB)
Collecting torchvision
  Using cached torchvision-0.20.1%2Bcu121-cp310-cp310-linux_x86_64.whl (7.3 MB)
Collecting torchaudio
  Using cached torchaudio-2.5.1%2Bcu121-cp310-cp310-linux_x86_64.whl (3.4 MB)
Collecting filelock (from torch)
  Using cached filelock-3.32.3-py3-none-any.whl.metadata (2.0 kB)
Collecting typing-extensions>=4.8.0 (from torch)
  Using cached typing_extensions-4.16.0-py3-none-any.whl.metadata (3.3 kB)
Collecting networkx (from torch)
  Using cached networkx-3.4.2-py3-none-any.whl.metadata (6.3 kB)
Collecting jinja2 (from torch)
  Using cached jinja2-3.1.6-py3-none-any.whl.metadata (2.9 kB)
Collecting fsspec (from torch)
  Using cached fsspec-2026.7.0-py3-none-any.whl.metadata (10 kB)
Collecting nvidia-cuda-nvrtc-cu12==12.1.105 (from torch)
  Downloading nvidia_cuda_nvrtc_cu12-12.1.105-py3-none-manylinux1_x86_64.whl (23.7 MB)
     ━━━━━━━━━━━━━━━━━━━━━━━━━━━━━━━━━━━━━━━━ 23.7/23.7 MB 57.6 MB/s  0:00:00
Collecting nvidia-cuda-runtime-cu12==12.1.105 (from torch)
  Downloading nvidia_cuda_runtime_cu12-12.1.105-py3-none-manylinux1_x86_64.whl (823 kB)
     ━━━━━━━━━━━━━━━━━━━━━━━━━━━━━━━━━━━━━━━━ 823.6/823.6 kB 198.4 MB/s  0:00:00
Collecting nvidia-cuda-cupti-cu12==12.1.105 (from torch)
  Downloading nvidia_cuda_cupti_cu12-12.1.105-py3-none-manylinux1_x86_64.whl (14.1 MB)
     ━━━━━━━━━━━━━━━━━━━━━━━━━━━━━━━━━━━━━━━━ 14.1/14.1 MB 109.9 MB/s  0:00:00
Collecting nvidia-cudnn-cu12==9.1.0.70 (from torch)
  Using cached nvidia_cudnn_cu12-9.1.0.70-py3-none-manylinux2014_x86_64.whl (664.8 MB)
Collecting nvidia-cublas-cu12==12.1.3.1 (from torch)
  Downloading nvidia_cublas_cu12-12.1.3.1-py3-none-manylinux1_x86_64.whl (410.6 MB)
     ━━━━━━━━━━━━━━━━━━━━━━━━━━━━━━━━━━━━━━━━ 410.6/410.6 MB 99.5 MB/s  0:00:04
Collecting nvidia-cufft-cu12==11.0.2.54 (from torch)
  Downloading nvidia_cufft_cu12-11.0.2.54-py3-none-manylinux1_x86_64.whl (121.6 MB)
     ━━━━━━━━━━━━━━━━━━━━━━━━━━━━━━━━━━━━━━━━ 121.6/121.6 MB 102.0 MB/s  0:00:01
Collecting nvidia-curand-cu12==10.3.2.106 (from torch)
  Downloading nvidia_curand_cu12-10.3.2.106-py3-none-manylinux1_x86_64.whl (56.5 MB)
     ━━━━━━━━━━━━━━━━━━━━━━━━━━━━━━━━━━━━━━━━ 56.5/56.5 MB 92.2 MB/s  0:00:00
Collecting nvidia-cusolver-cu12==11.4.5.107 (from torch)
  Downloading nvidia_cusolver_cu12-11.4.5.107-py3-none-manylinux1_x86_64.whl (124.2 MB)
     ━━━━━━━━━━━━━━━━━━━━━━━━━━━━━━━━━━━━━━━━ 124.2/124.2 MB 96.1 MB/s  0:00:01
Collecting nvidia-cusparse-cu12==12.1.0.106 (from torch)
  Downloading nvidia_cusparse_cu12-12.1.0.106-py3-none-manylinux1_x86_64.whl (196.0 MB)
     ━━━━━━━━━━━━━━━━━━━━━━━━━━━━━━━━━━━━━━━━ 196.0/196.0 MB 99.4 MB/s  0:00:01
Collecting nvidia-nccl-cu12==2.21.5 (from torch)
  Downloading nvidia_nccl_cu12-2.21.5-py3-none-manylinux2014_x86_64.whl (188.7 MB)
     ━━━━━━━━━━━━━━━━━━━━━━━━━━━━━━━━━━━━━━━━ 188.7/188.7 MB 106.1 MB/s  0:00:01
Collecting nvidia-nvtx-cu12==12.1.105 (from torch)
  Downloading nvidia_nvtx_cu12-12.1.105-py3-none-manylinux1_x86_64.whl (99 kB)
Collecting triton==3.1.0 (from torch)
  Using cached triton-3.1.0-cp310-cp310-manylinux_2_17_x86_64.manylinux2014_x86_64.whl (209.5 MB)
Collecting sympy==1.13.1 (from torch)
  Using cached sympy-1.13.1-py3-none-any.whl.metadata (12 kB)
Collecting nvidia-nvjitlink-cu12 (from nvidia-cusolver-cu12==11.4.5.107->torch)
  Downloading nvidia_nvjitlink_cu12-12.9.86-py3-none-manylinux2010_x86_64.manylinux_2_12_x86_64.whl (39.7 MB)
     ━━━━━━━━━━━━━━━━━━━━━━━━━━━━━━━━━━━━━━━━ 39.7/39.7 MB 91.9 MB/s  0:00:00
Collecting mpmath<1.4,>=1.1.0 (from sympy==1.13.1->torch)
  Using cached mpmath-1.3.0-py3-none-any.whl.metadata (8.6 kB)
Collecting numpy (from torchvision)
  Using cached numpy-2.2.6-cp310-cp310-manylinux_2_17_x86_64.manylinux2014_x86_64.whl.metadata (62 kB)
Collecting pillow!=8.3.*,>=5.3.0 (from torchvision)
  Using cached pillow-12.3.0-cp310-cp310-manylinux_2_27_x86_64.manylinux_2_28_x86_64.whl.metadata (9.1 kB)
Collecting MarkupSafe>=2.0 (from jinja2->torch)
  Using cached markupsafe-3.0.3-cp310-cp310-manylinux2014_x86_64.manylinux_2_17_x86_64.manylinux_2_28_x86_64.whl.metadata (2.7 kB)
Using cached sympy-1.13.1-py3-none-any.whl (6.2 MB)
Using cached mpmath-1.3.0-py3-none-any.whl (536 kB)
Using cached pillow-12.3.0-cp310-cp310-manylinux_2_27_x86_64.manylinux_2_28_x86_64.whl (6.9 MB)
Using cached typing_extensions-4.16.0-py3-none-any.whl (45 kB)
Using cached filelock-3.32.3-py3-none-any.whl (98 kB)
Using cached fsspec-2026.7.0-py3-none-any.whl (206 kB)
Using cached jinja2-3.1.6-py3-none-any.whl (134 kB)
Using cached markupsafe-3.0.3-cp310-cp310-manylinux2014_x86_64.manylinux_2_17_x86_64.manylinux_2_28_x86_64.whl (20 kB)
Using cached networkx-3.4.2-py3-none-any.whl (1.7 MB)
Using cached numpy-2.2.6-cp310-cp310-manylinux_2_17_x86_64.manylinux2014_x86_64.whl (16.8 MB)
Installing collected packages: mpmath, typing-extensions, sympy, pillow, nvidia-nvtx-cu12, nvidia-nvjitlink-cu12, nvidia-nccl-cu12, nvidia-curand-cu12, nvidia-cufft-cu12, nvidia-cuda-runtime-cu12, nvidia-cuda-nvrtc-cu12, nvidia-cuda-cupti-cu12, nvidia-cublas-cu12, numpy, networkx, MarkupSafe, fsspec, filelock, triton, nvidia-cusparse-cu12, nvidia-cudnn-cu12, jinja2, nvidia-cusolver-cu12, torch, torchvision, torchaudio

Successfully installed MarkupSafe-3.0.3 filelock-3.32.3 fsspec-2026.7.0 jinja2-3.1.6 mpmath-1.3.0 networkx-3.4.2 numpy-2.2.6 nvidia-cublas-cu12-12.1.3.1 nvidia-cuda-cupti-cu12-12.1.105 nvidia-cuda-nvrtc-cu12-12.1.105 nvidia-cuda-runtime-cu12-12.1.105 nvidia-cudnn-cu12-9.1.0.70 nvidia-cufft-cu12-11.0.2.54 nvidia-curand-cu12-10.3.2.106 nvidia-cusolver-cu12-11.4.5.107 nvidia-cusparse-cu12-12.1.0.106 nvidia-nccl-cu12-2.21.5 nvidia-nvjitlink-cu12-12.9.86 nvidia-nvtx-cu12-12.1.105 pillow-12.3.0 sympy-1.13.1 torch-2.5.1+cu121 torchaudio-2.5.1+cu121 torchvision-0.20.1+cu121 triton-3.1.0 typing-extensions-4.16.0
[INFO] Running: pip install plyfile tqdm opencv-python joblib
Collecting plyfile
  Using cached plyfile-1.1.5-py3-none-any.whl.metadata (43 kB)
Collecting tqdm
  Using cached tqdm-4.70.1-py3-none-any.whl.metadata (57 kB)
Collecting opencv-python
  Using cached opencv_python-5.0.0.93-cp37-abi3-manylinux_2_28_x86_64.whl.metadata (19 kB)
Collecting joblib
  Using cached joblib-1.6.0-py3-none-any.whl.metadata (6.5 kB)
Requirement already satisfied: numpy>=2.0 in /mnt/hpccs01/home/n11585382/.conda/envs/3dgs/lib/python3.10/site-packages (from plyfile) (2.2.6)
Collecting cloudpickle>=3.0 (from joblib)
  Using cached cloudpickle-3.1.2-py3-none-any.whl.metadata (7.1 kB)
Using cached plyfile-1.1.5-py3-none-any.whl (36 kB)
Using cached tqdm-4.70.1-py3-none-any.whl (80 kB)
Using cached opencv_python-5.0.0.93-cp37-abi3-manylinux_2_28_x86_64.whl (73.8 MB)
Using cached joblib-1.6.0-py3-none-any.whl (306 kB)
Using cached cloudpickle-3.1.2-py3-none-any.whl (22 kB)
Installing collected packages: tqdm, plyfile, opencv-python, cloudpickle, joblib

Successfully installed cloudpickle-3.1.2 joblib-1.6.0 opencv-python-5.0.0.93 plyfile-1.1.5 tqdm-4.70.1
[INFO] Running: pip install /mnt/hpccs01/home/n11585382/EUAPGM7346/UMP/Codebase/Tools/gaussian-splatting-main/submodules/diff-gaussian-rasterization --no-build-isolation
Processing ./Codebase/Tools/gaussian-splatting-main/submodules/diff-gaussian-rasterization
  Preparing metadata (pyproject.toml): started
  Preparing metadata (pyproject.toml): finished with status 'done'
Building wheels for collected packages: diff_gaussian_rasterization
  Building wheel for diff_gaussian_rasterization (pyproject.toml): started
  Building wheel for diff_gaussian_rasterization (pyproject.toml): finished with status 'done'
  Created wheel for diff_gaussian_rasterization: filename=diff_gaussian_rasterization-0.0.0-cp310-cp310-linux_x86_64.whl size=700839 sha256=da1086c32a932c868106a1cab11224d151dad6692ddf095edc7a471d711d8083
  Stored in directory: /tmp/pbs.26342207.aqua/pip-ephem-wheel-cache-2o2_yphw/wheels/2c/75/9f/904f4b7c9924b0532e4ebd6cab04fbb3964fee9807c71ee302
Successfully built diff_gaussian_rasterization
Installing collected packages: diff_gaussian_rasterization
Successfully installed diff_gaussian_rasterization-0.0.0
[INFO] Running: pip install /mnt/hpccs01/home/n11585382/EUAPGM7346/UMP/Codebase/Tools/gaussian-splatting-main/submodules/simple-knn --no-build-isolation
Processing ./Codebase/Tools/gaussian-splatting-main/submodules/simple-knn
  Preparing metadata (pyproject.toml): started
  Preparing metadata (pyproject.toml): finished with status 'done'
Building wheels for collected packages: simple_knn
  Building wheel for simple_knn (pyproject.toml): started
  Building wheel for simple_knn (pyproject.toml): finished with status 'done'
  Created wheel for simple_knn: filename=simple_knn-0.0.0-cp310-cp310-linux_x86_64.whl size=602631 sha256=54a9fccece088eeb7d81ebf54782f94b5581acd3b544ccfcde3bf148003fd3fe
  Stored in directory: /tmp/pbs.26342207.aqua/pip-ephem-wheel-cache-l6bv5u1u/wheels/ad/ce/a2/d58ee21bdab6e697a6d365332d63b56237a6305cf6a5846a17
Successfully built simple_knn
Installing collected packages: simple_knn
Successfully installed simple_knn-0.0.0
[INFO] Running: pip install /mnt/hpccs01/home/n11585382/EUAPGM7346/UMP/Codebase/Tools/gaussian-splatting-main/submodules/fused-ssim --no-build-isolation
Processing ./Codebase/Tools/gaussian-splatting-main/submodules/fused-ssim
  Preparing metadata (pyproject.toml): started
  Preparing metadata (pyproject.toml): finished with status 'done'
Requirement already satisfied: torch>=2.0.0 in /mnt/hpccs01/home/n11585382/.conda/envs/3dgs/lib/python3.10/site-packages (from fused-ssim==1.0.0) (2.5.1+cu121)
Requirement already satisfied: filelock in /mnt/hpccs01/home/n11585382/.conda/envs/3dgs/lib/python3.10/site-packages (from torch>=2.0.0->fused-ssim==1.0.0) (3.32.3)
Requirement already satisfied: typing-extensions>=4.8.0 in /mnt/hpccs01/home/n11585382/.conda/envs/3dgs/lib/python3.10/site-packages (from torch>=2.0.0->fused-ssim==1.0.0) (4.16.0)
Requirement already satisfied: networkx in /mnt/hpccs01/home/n11585382/.conda/envs/3dgs/lib/python3.10/site-packages (from torch>=2.0.0->fused-ssim==1.0.0) (3.4.2)
Requirement already satisfied: jinja2 in /mnt/hpccs01/home/n11585382/.conda/envs/3dgs/lib/python3.10/site-packages (from torch>=2.0.0->fused-ssim==1.0.0) (3.1.6)
Requirement already satisfied: fsspec in /mnt/hpccs01/home/n11585382/.conda/envs/3dgs/lib/python3.10/site-packages (from torch>=2.0.0->fused-ssim==1.0.0) (2026.7.0)
Requirement already satisfied: nvidia-cuda-nvrtc-cu12==12.1.105 in /mnt/hpccs01/home/n11585382/.conda/envs/3dgs/lib/python3.10/site-packages (from torch>=2.0.0->fused-ssim==1.0.0) (12.1.105)
Requirement already satisfied: nvidia-cuda-runtime-cu12==12.1.105 in /mnt/hpccs01/home/n11585382/.conda/envs/3dgs/lib/python3.10/site-packages (from torch>=2.0.0->fused-ssim==1.0.0) (12.1.105)
Requirement already satisfied: nvidia-cuda-cupti-cu12==12.1.105 in /mnt/hpccs01/home/n11585382/.conda/envs/3dgs/lib/python3.10/site-packages (from torch>=2.0.0->fused-ssim==1.0.0) (12.1.105)
Requirement already satisfied: nvidia-cudnn-cu12==9.1.0.70 in /mnt/hpccs01/home/n11585382/.conda/envs/3dgs/lib/python3.10/site-packages (from torch>=2.0.0->fused-ssim==1.0.0) (9.1.0.70)
Requirement already satisfied: nvidia-cublas-cu12==12.1.3.1 in /mnt/hpccs01/home/n11585382/.conda/envs/3dgs/lib/python3.10/site-packages (from torch>=2.0.0->fused-ssim==1.0.0) (12.1.3.1)
Requirement already satisfied: nvidia-cufft-cu12==11.0.2.54 in /mnt/hpccs01/home/n11585382/.conda/envs/3dgs/lib/python3.10/site-packages (from torch>=2.0.0->fused-ssim==1.0.0) (11.0.2.54)
Requirement already satisfied: nvidia-curand-cu12==10.3.2.106 in /mnt/hpccs01/home/n11585382/.conda/envs/3dgs/lib/python3.10/site-packages (from torch>=2.0.0->fused-ssim==1.0.0) (10.3.2.106)
Requirement already satisfied: nvidia-cusolver-cu12==11.4.5.107 in /mnt/hpccs01/home/n11585382/.conda/envs/3dgs/lib/python3.10/site-packages (from torch>=2.0.0->fused-ssim==1.0.0) (11.4.5.107)
Requirement already satisfied: nvidia-cusparse-cu12==12.1.0.106 in /mnt/hpccs01/home/n11585382/.conda/envs/3dgs/lib/python3.10/site-packages (from torch>=2.0.0->fused-ssim==1.0.0) (12.1.0.106)
Requirement already satisfied: nvidia-nccl-cu12==2.21.5 in /mnt/hpccs01/home/n11585382/.conda/envs/3dgs/lib/python3.10/site-packages (from torch>=2.0.0->fused-ssim==1.0.0) (2.21.5)
Requirement already satisfied: nvidia-nvtx-cu12==12.1.105 in /mnt/hpccs01/home/n11585382/.conda/envs/3dgs/lib/python3.10/site-packages (from torch>=2.0.0->fused-ssim==1.0.0) (12.1.105)
Requirement already satisfied: triton==3.1.0 in /mnt/hpccs01/home/n11585382/.conda/envs/3dgs/lib/python3.10/site-packages (from torch>=2.0.0->fused-ssim==1.0.0) (3.1.0)
Requirement already satisfied: sympy==1.13.1 in /mnt/hpccs01/home/n11585382/.conda/envs/3dgs/lib/python3.10/site-packages (from torch>=2.0.0->fused-ssim==1.0.0) (1.13.1)
Requirement already satisfied: nvidia-nvjitlink-cu12 in /mnt/hpccs01/home/n11585382/.conda/envs/3dgs/lib/python3.10/site-packages (from nvidia-cusolver-cu12==11.4.5.107->torch>=2.0.0->fused-ssim==1.0.0) (12.9.86)
Requirement already satisfied: mpmath<1.4,>=1.1.0 in /mnt/hpccs01/home/n11585382/.conda/envs/3dgs/lib/python3.10/site-packages (from sympy==1.13.1->torch>=2.0.0->fused-ssim==1.0.0) (1.3.0)
Requirement already satisfied: MarkupSafe>=2.0 in /mnt/hpccs01/home/n11585382/.conda/envs/3dgs/lib/python3.10/site-packages (from jinja2->torch>=2.0.0->fused-ssim==1.0.0) (3.0.3)
Building wheels for collected packages: fused-ssim
  Building wheel for fused-ssim (pyproject.toml): started
  Building wheel for fused-ssim (pyproject.toml): finished with status 'done'
  Created wheel for fused-ssim: filename=fused_ssim-1.0.0-cp310-cp310-linux_x86_64.whl size=135411 sha256=bb057be5eb6ec4ee161837bac741517dfd71421b01e8ffeec3fe37628a24cb33
  Stored in directory: /tmp/pbs.26342207.aqua/pip-ephem-wheel-cache-4rgusatq/wheels/95/8e/b2/df54d1a8c1b489b048b24f7f1731029a86e887e549cf87a182
Successfully built fused-ssim
Installing collected packages: fused-ssim
Successfully installed fused-ssim-1.0.0
[SUCCESS] Environment '3dgs' successfully provisioned.

======================================================================
 Setup Execution Completed Successfully
======================================================================
======================================================================
 All Environments Setup Complete and Verified!
======================================================================

PBS Job 26342207.aqua
CPU time         : 00:44:19
Wall time        : 00:48:14
Mem usage        : 5897732kb

--- Job Runtime Information at 2026-10-04T14:53:08.492077---
id               : 26342207.aqua
Job_Name         : ump_setup_env
Job_Owner        : n11585382@aquarius02.ib0.hpc.qut.edu.au
resources_used   : cput=00:44:19,mem=5897732kb,walltime=00:48:14,ncpus=42,cpupercent=156,vmem=23835052kb,cpus="55,56,57,58,59,60,61,62,63,69,70,71,76,77,78,79,80,81,82,83,84,85,86,87,88,89,90,91,92,93,94,95,144,145,146,147,148,149,150,151,152,153",ngpus=0
job_state        : 5
queue            : gpu_batch_exec
server           : aqua
devices          : /dev/nvidia2
Checkpoint       : u
Error_Path       : aquarius02.ib0.hpc.qut.edu.au:/mnt/hpccs01/home/n11585382/EUAPGM7346/UMP/ump_setup_env.e26342207
exec_host2       : gpu1n007.ib0.hpc.qut.edu.au:15002/3*42
exec_vnode       : (gpu1n007[1]:ncpus=42:ngpus=1:mem=243gb:nfpgas=0)
Join_Path        : oe
Keep_Files       : n
mtime            : 2026-10-04T14:04:53
Output_Path      : aquarius02.ib0.hpc.qut.edu.au:/home/n11585382/EUAPGM7346/UMP/setup_env_complete.log
Resource_List    : mem=243gb,walltime=02:00:00,ncpus=42,place=free
schedselect      : 1:ncpus=42:ngpus=1:mem=243gb:gpu_id=H100:nfpgas=0:cpu_id=any:qlist=gpu_batch_exec
stime            : 2026-10-04T14:04:51
session_id       : 1980864
substate         : 50
Variable_List    : PBS_O_HOME=/home/n11585382,PBS_O_LANG=en_US.UTF-8,PBS_O_LOGNAME=n11585382,PBS_O_PATH=/mnt/weka/pkg/rhel94/AuthenticAMD-25/software/Anaconda3/2024.02-1/bin:/mnt/weka/pkg/rhel94/AuthenticAMD-25/software/Anaconda3/2024.02-1/condabin:/home/n11585382/.local/bin:/home/n11585382/bin:/opt/clmgr/sbin:/opt/clmgr/bin:/opt/sgi/sbin:/opt/sgi/bin:/usr/local/bin:/usr/bin:/usr/local/sbin:/usr/sbin:/opt/c3/bin:/opt/pbs/bin:/sbin:/bin,PBS_O_MAIL=/var/spool/mail/n11585382,PBS_O_SHELL=/usr/local/qutsh/bin/qutsh,PBS_O_INTERACTIVE_AUTH_METHOD=resvport,PBS_O_HOST=aquarius02.ib0.hpc.qut.edu.au,PBS_O_WORKDIR=/mnt/hpccs01/home/n11585382/EUAPGM7346/UMP,PBS_O_SYSTEM=Linux,PBS_O_QUEUE=gpu_batch
euser            : n11585382
egroup           : default
hashname         : 26342207.aqua
run_count        : 1
job_kill_delay   : 10
Exit_status      : 0
project          : EUAPGM7346
run_version      : 1
Submit_Host      : aquarius02.ib0.hpc.qut.edu.au
Submit_arguments : HPC/scripts/setup_env.pbs 
ctime            : 2026-10-04T13:59:14
